TRACE::2025-06-22.14:39:12::SCWPlatform::Trying to open the hw design at C:/Users/kumar/axi_adc_intr/workplace/intr_adc/hw/design_1_wrapper.xsa
TRACE::2025-06-22.14:39:12::SCWPlatform::DSA given C:/Users/kumar/axi_adc_intr/workplace/intr_adc/hw/design_1_wrapper.xsa
TRACE::2025-06-22.14:39:12::SCWPlatform::DSA absoulate path C:/Users/kumar/axi_adc_intr/workplace/intr_adc/hw/design_1_wrapper.xsa
TRACE::2025-06-22.14:39:14::SCWPlatform::DSA directory C:/Users/kumar/axi_adc_intr/workplace/intr_adc/hw
TRACE::2025-06-22.14:39:14::SCWPlatform:: Platform Path C:/Users/kumar/axi_adc_intr/workplace/intr_adc/hw/design_1_wrapper.xsa
TRACE::2025-06-22.14:39:14::SCWPlatform:: Unique name xilinx:zybo-z7-10::0.0
TRACE::2025-06-22.14:39:14::SCWPlatform::Do not have an existing db opened. 
TRACE::2025-06-22.14:39:15::SCWPlatform::Opened new HwDB with name design_1_wrapper_0
TRACE::2025-06-22.14:39:15::SCWWriter::formatted JSON is {
	"platformName":	"intr_adc",
	"sprVersion":	"2.0",
	"mode":	"gui",
	"dsaType":	"Fixed",
	"platformDesc":	"intr_adc",
	"platHandOff":	"C:/Users/kumar/axi_adc_intr/design_1_wrapper.xsa",
	"platIntHandOff":	"<platformDir>/hw/design_1_wrapper.xsa",
	"deviceType":	"zynq",
	"platIsPrebuiltAutogen":	"false",
	"platIsNoBootBsp":	"false",
	"hasFsblMakeHasChanges":	"false",
	"hasPmufwMakeHasChanges":	"false",
	"platPreBuiltFlag":	false,
	"platformSamplesDir":	""
}
TRACE::2025-06-22.14:39:15::SCWWriter::formatted JSON is {
	"platformName":	"intr_adc",
	"sprVersion":	"2.0",
	"mode":	"gui",
	"dsaType":	"Fixed",
	"platformDesc":	"intr_adc",
	"platHandOff":	"C:/Users/kumar/axi_adc_intr/design_1_wrapper.xsa",
	"platIntHandOff":	"<platformDir>/hw/design_1_wrapper.xsa",
	"deviceType":	"zynq",
	"platIsPrebuiltAutogen":	"false",
	"platIsNoBootBsp":	"false",
	"hasFsblMakeHasChanges":	"false",
	"hasPmufwMakeHasChanges":	"false",
	"platPreBuiltFlag":	false,
	"platformSamplesDir":	"",
	"platActiveSys":	"intr_adc",
	"systems":	[{
			"systemName":	"intr_adc",
			"systemDesc":	"intr_adc",
			"sysIsBootAutoGen":	"true",
			"systemDispName":	"intr_adc"
		}]
}
TRACE::2025-06-22.14:39:15::SCWPlatform::Boot application domains not present, creating them
TRACE::2025-06-22.14:39:15::SCWDomain::checking for install qemu data   : 
TRACE::2025-06-22.14:39:15::SCWDomain:: Using the QEMU Data from install at  : C:/Xilinx/Vivado_2019/Vitis/2019.2/data/emulation/platforms/zynq/qemu/
TRACE::2025-06-22.14:39:15::SCWDomain:: Using the QEMU args  from install at  : C:/Xilinx/Vivado_2019/Vitis/2019.2/data/emulation/platforms/zynq/qemu/qemu_args.txt
TRACE::2025-06-22.14:39:15::SCWPlatform::Trying to open the hw design at C:/Users/kumar/axi_adc_intr/workplace/intr_adc/hw/design_1_wrapper.xsa
TRACE::2025-06-22.14:39:15::SCWPlatform::DSA given C:/Users/kumar/axi_adc_intr/workplace/intr_adc/hw/design_1_wrapper.xsa
TRACE::2025-06-22.14:39:15::SCWPlatform::DSA absoulate path C:/Users/kumar/axi_adc_intr/workplace/intr_adc/hw/design_1_wrapper.xsa
TRACE::2025-06-22.14:39:15::SCWPlatform::DSA directory C:/Users/kumar/axi_adc_intr/workplace/intr_adc/hw
TRACE::2025-06-22.14:39:15::SCWPlatform:: Platform Path C:/Users/kumar/axi_adc_intr/workplace/intr_adc/hw/design_1_wrapper.xsa
TRACE::2025-06-22.14:39:15::SCWPlatform:: Unique name xilinx:zybo-z7-10::0.0
TRACE::2025-06-22.14:39:15::SCWPlatform::Trying to set the existing hwdb with name design_1_wrapper_0
TRACE::2025-06-22.14:39:15::SCWPlatform::Opened existing hwdb design_1_wrapper_0
TRACE::2025-06-22.14:39:15::SCWPlatform::Found the Hw Db part of the input DSA
TRACE::2025-06-22.14:39:15::SCWPlatform::Trying to open the hw design at C:/Users/kumar/axi_adc_intr/workplace/intr_adc/hw/design_1_wrapper.xsa
TRACE::2025-06-22.14:39:15::SCWPlatform::DSA given C:/Users/kumar/axi_adc_intr/workplace/intr_adc/hw/design_1_wrapper.xsa
TRACE::2025-06-22.14:39:15::SCWPlatform::DSA absoulate path C:/Users/kumar/axi_adc_intr/workplace/intr_adc/hw/design_1_wrapper.xsa
TRACE::2025-06-22.14:39:15::SCWPlatform::DSA directory C:/Users/kumar/axi_adc_intr/workplace/intr_adc/hw
TRACE::2025-06-22.14:39:15::SCWPlatform:: Platform Path C:/Users/kumar/axi_adc_intr/workplace/intr_adc/hw/design_1_wrapper.xsa
TRACE::2025-06-22.14:39:15::SCWPlatform:: Unique name xilinx:zybo-z7-10::0.0
TRACE::2025-06-22.14:39:15::SCWPlatform::Trying to set the existing hwdb with name design_1_wrapper_0
TRACE::2025-06-22.14:39:15::SCWPlatform::Opened existing hwdb design_1_wrapper_0
TRACE::2025-06-22.14:39:15::SCWPlatform::Found the Hw Db part of the input DSA
TRACE::2025-06-22.14:39:15::SCWPlatform::Boot application domain added for zynq_fsbl
TRACE::2025-06-22.14:39:15::SCWPlatform::Generating the sources  .
TRACE::2025-06-22.14:39:15::SCWBDomain::Generating boot domain sources.
TRACE::2025-06-22.14:39:15::SCWBDomain:: Generating the zynq_fsbl Application.
TRACE::2025-06-22.14:39:15::SCWPlatform::Trying to open the hw design at C:/Users/kumar/axi_adc_intr/workplace/intr_adc/hw/design_1_wrapper.xsa
TRACE::2025-06-22.14:39:15::SCWPlatform::DSA given C:/Users/kumar/axi_adc_intr/workplace/intr_adc/hw/design_1_wrapper.xsa
TRACE::2025-06-22.14:39:15::SCWPlatform::DSA absoulate path C:/Users/kumar/axi_adc_intr/workplace/intr_adc/hw/design_1_wrapper.xsa
TRACE::2025-06-22.14:39:15::SCWPlatform::DSA directory C:/Users/kumar/axi_adc_intr/workplace/intr_adc/hw
TRACE::2025-06-22.14:39:15::SCWPlatform:: Platform Path C:/Users/kumar/axi_adc_intr/workplace/intr_adc/hw/design_1_wrapper.xsa
TRACE::2025-06-22.14:39:15::SCWPlatform:: Unique name xilinx:zybo-z7-10::0.0
TRACE::2025-06-22.14:39:15::SCWPlatform::Trying to set the existing hwdb with name design_1_wrapper_0
TRACE::2025-06-22.14:39:15::SCWPlatform::Opened existing hwdb design_1_wrapper_0
TRACE::2025-06-22.14:39:15::SCWPlatform::Found the Hw Db part of the input DSA
TRACE::2025-06-22.14:39:15::SCWMssOS::Checking the sw design at  C:/Users/kumar/axi_adc_intr/workplace/intr_adc/zynq_fsbl/zynq_fsbl_bsp/system.mss
TRACE::2025-06-22.14:39:15::SCWMssOS::DEBUG:  swdes dump  
TRACE::2025-06-22.14:39:15::SCWMssOS::No sw design opened at  C:/Users/kumar/axi_adc_intr/workplace/intr_adc/zynq_fsbl/zynq_fsbl_bsp/system.mss
TRACE::2025-06-22.14:39:15::SCWMssOS::mss does not exists at C:/Users/kumar/axi_adc_intr/workplace/intr_adc/zynq_fsbl/zynq_fsbl_bsp/system.mss
TRACE::2025-06-22.14:39:15::SCWMssOS::Creating sw design at  C:/Users/kumar/axi_adc_intr/workplace/intr_adc/zynq_fsbl/zynq_fsbl_bsp/system.mss
TRACE::2025-06-22.14:39:15::SCWMssOS::Adding the swdes entry, created swdb C:/Users/kumar/axi_adc_intr/workplace/intr_adc/zynq_fsbl/zynq_fsbl_bsp/system.mss with des name C:/Users/kumar/axi_adc_intr/workplace/intr_adc/zynq_fsbl/zynq_fsbl_bsp/system.mss
TRACE::2025-06-22.14:39:15::SCWMssOS::updating the scw layer changes to swdes at   C:/Users/kumar/axi_adc_intr/workplace/intr_adc/zynq_fsbl/zynq_fsbl_bsp/system.mss
TRACE::2025-06-22.14:39:15::SCWMssOS::Writing mss at C:/Users/kumar/axi_adc_intr/workplace/intr_adc/zynq_fsbl/zynq_fsbl_bsp/system.mss
TRACE::2025-06-22.14:39:15::SCWMssOS::Completed writing the mss file at C:/Users/kumar/axi_adc_intr/workplace/intr_adc/zynq_fsbl/zynq_fsbl_bsp
TRACE::2025-06-22.14:39:15::SCWMssOS::Picking up changes from newly written mss file into SCW Layer. 
TRACE::2025-06-22.14:39:15::SCWMssOS::Updated the changes from newly written mss file into SCW Layer. 
TRACE::2025-06-22.14:39:15::SCWBDomain::Completed writing the mss file at C:/Users/kumar/axi_adc_intr/workplace/intr_adc/zynq_fsbl/zynq_fsbl_bsp
TRACE::2025-06-22.14:39:21::SCWPlatform::Generating sources Done.
TRACE::2025-06-22.14:39:21::SCWPlatform::Trying to open the hw design at C:/Users/kumar/axi_adc_intr/workplace/intr_adc/hw/design_1_wrapper.xsa
TRACE::2025-06-22.14:39:21::SCWPlatform::DSA given C:/Users/kumar/axi_adc_intr/workplace/intr_adc/hw/design_1_wrapper.xsa
TRACE::2025-06-22.14:39:21::SCWPlatform::DSA absoulate path C:/Users/kumar/axi_adc_intr/workplace/intr_adc/hw/design_1_wrapper.xsa
TRACE::2025-06-22.14:39:21::SCWPlatform::DSA directory C:/Users/kumar/axi_adc_intr/workplace/intr_adc/hw
TRACE::2025-06-22.14:39:21::SCWPlatform:: Platform Path C:/Users/kumar/axi_adc_intr/workplace/intr_adc/hw/design_1_wrapper.xsa
TRACE::2025-06-22.14:39:21::SCWPlatform:: Unique name xilinx:zybo-z7-10::0.0
TRACE::2025-06-22.14:39:21::SCWPlatform::Trying to set the existing hwdb with name design_1_wrapper_0
TRACE::2025-06-22.14:39:21::SCWPlatform::Opened existing hwdb design_1_wrapper_0
TRACE::2025-06-22.14:39:21::SCWPlatform::Found the Hw Db part of the input DSA
TRACE::2025-06-22.14:39:21::SCWMssOS::Checking the sw design at  C:/Users/kumar/axi_adc_intr/workplace/intr_adc/zynq_fsbl/zynq_fsbl_bsp/system.mss
TRACE::2025-06-22.14:39:21::SCWMssOS::DEBUG:  swdes dump  C:/Users/kumar/axi_adc_intr/workplace/intr_adc/zynq_fsbl/zynq_fsbl_bsp/system.mss|C:/Users/kumar/axi_adc_intr/workplace/intr_adc/zynq_fsbl/zynq_fsbl_bsp/system.mss||

KEYINFO::2025-06-22.14:39:21::SCWMssOS::Could not open the swdb for C:/Users/kumar/axi_adc_intr/workplace/intr_adc/zynq_fsbl/zynq_fsbl_bsp/system.mss
KEYINFO::2025-06-22.14:39:21::SCWMssOS::Could not open the sw design at  C:/Users/kumar/axi_adc_intr/workplace/intr_adc/zynq_fsbl/zynq_fsbl_bsp/system.mss
ERROR: [Hsi 55-1558] Software Design C:/Users/kumar/axi_adc_intr/workplace/intr_adc/zynq_fsbl/zynq_fsbl_bsp/system.mss is not found

TRACE::2025-06-22.14:39:21::SCWMssOS::Cleared the swdb table entry
TRACE::2025-06-22.14:39:21::SCWMssOS::No sw design opened at  C:/Users/kumar/axi_adc_intr/workplace/intr_adc/zynq_fsbl/zynq_fsbl_bsp/system.mss
TRACE::2025-06-22.14:39:21::SCWMssOS::mss exists loading the mss file  C:/Users/kumar/axi_adc_intr/workplace/intr_adc/zynq_fsbl/zynq_fsbl_bsp/system.mss
TRACE::2025-06-22.14:39:21::SCWMssOS::Opened the sw design from mss  C:/Users/kumar/axi_adc_intr/workplace/intr_adc/zynq_fsbl/zynq_fsbl_bsp/system.mss
TRACE::2025-06-22.14:39:21::SCWMssOS::Adding the swdes entry C:/Users/kumar/axi_adc_intr/workplace/intr_adc/zynq_fsbl/zynq_fsbl_bsp/system.mss with des name system
TRACE::2025-06-22.14:39:21::SCWMssOS::updating the scw layer about changes
TRACE::2025-06-22.14:39:21::SCWMssOS::Opened the sw design.  C:/Users/kumar/axi_adc_intr/workplace/intr_adc/zynq_fsbl/zynq_fsbl_bsp/system.mss
TRACE::2025-06-22.14:39:21::SCWPlatform::Trying to open the hw design at C:/Users/kumar/axi_adc_intr/workplace/intr_adc/hw/design_1_wrapper.xsa
TRACE::2025-06-22.14:39:21::SCWPlatform::DSA given C:/Users/kumar/axi_adc_intr/workplace/intr_adc/hw/design_1_wrapper.xsa
TRACE::2025-06-22.14:39:21::SCWPlatform::DSA absoulate path C:/Users/kumar/axi_adc_intr/workplace/intr_adc/hw/design_1_wrapper.xsa
TRACE::2025-06-22.14:39:21::SCWPlatform::DSA directory C:/Users/kumar/axi_adc_intr/workplace/intr_adc/hw
TRACE::2025-06-22.14:39:21::SCWPlatform:: Platform Path C:/Users/kumar/axi_adc_intr/workplace/intr_adc/hw/design_1_wrapper.xsa
TRACE::2025-06-22.14:39:21::SCWPlatform:: Unique name xilinx:zybo-z7-10::0.0
TRACE::2025-06-22.14:39:21::SCWPlatform::Trying to set the existing hwdb with name design_1_wrapper_0
TRACE::2025-06-22.14:39:21::SCWPlatform::Opened existing hwdb design_1_wrapper_0
TRACE::2025-06-22.14:39:21::SCWPlatform::Found the Hw Db part of the input DSA
TRACE::2025-06-22.14:39:21::SCWMssOS::Checking the sw design at  C:/Users/kumar/axi_adc_intr/workplace/intr_adc/zynq_fsbl/zynq_fsbl_bsp/system.mss
TRACE::2025-06-22.14:39:21::SCWMssOS::DEBUG:  swdes dump  C:/Users/kumar/axi_adc_intr/workplace/intr_adc/zynq_fsbl/zynq_fsbl_bsp/system.mss|system||

TRACE::2025-06-22.14:39:21::SCWMssOS::Sw design exists and opened at  C:/Users/kumar/axi_adc_intr/workplace/intr_adc/zynq_fsbl/zynq_fsbl_bsp/system.mss
TRACE::2025-06-22.14:39:21::SCWPlatform::Trying to open the hw design at C:/Users/kumar/axi_adc_intr/workplace/intr_adc/hw/design_1_wrapper.xsa
TRACE::2025-06-22.14:39:21::SCWPlatform::DSA given C:/Users/kumar/axi_adc_intr/workplace/intr_adc/hw/design_1_wrapper.xsa
TRACE::2025-06-22.14:39:21::SCWPlatform::DSA absoulate path C:/Users/kumar/axi_adc_intr/workplace/intr_adc/hw/design_1_wrapper.xsa
TRACE::2025-06-22.14:39:21::SCWPlatform::DSA directory C:/Users/kumar/axi_adc_intr/workplace/intr_adc/hw
TRACE::2025-06-22.14:39:21::SCWPlatform:: Platform Path C:/Users/kumar/axi_adc_intr/workplace/intr_adc/hw/design_1_wrapper.xsa
TRACE::2025-06-22.14:39:21::SCWPlatform:: Unique name xilinx:zybo-z7-10::0.0
TRACE::2025-06-22.14:39:21::SCWPlatform::Trying to set the existing hwdb with name design_1_wrapper_0
TRACE::2025-06-22.14:39:21::SCWPlatform::Opened existing hwdb design_1_wrapper_0
TRACE::2025-06-22.14:39:21::SCWPlatform::Found the Hw Db part of the input DSA
TRACE::2025-06-22.14:39:21::SCWMssOS::Checking the sw design at  C:/Users/kumar/axi_adc_intr/workplace/intr_adc/zynq_fsbl/zynq_fsbl_bsp/system.mss
TRACE::2025-06-22.14:39:21::SCWMssOS::DEBUG:  swdes dump  C:/Users/kumar/axi_adc_intr/workplace/intr_adc/zynq_fsbl/zynq_fsbl_bsp/system.mss|system||

TRACE::2025-06-22.14:39:21::SCWMssOS::Sw design exists and opened at  C:/Users/kumar/axi_adc_intr/workplace/intr_adc/zynq_fsbl/zynq_fsbl_bsp/system.mss
TRACE::2025-06-22.14:39:21::SCWPlatform::Trying to open the hw design at C:/Users/kumar/axi_adc_intr/workplace/intr_adc/hw/design_1_wrapper.xsa
TRACE::2025-06-22.14:39:21::SCWPlatform::DSA given C:/Users/kumar/axi_adc_intr/workplace/intr_adc/hw/design_1_wrapper.xsa
TRACE::2025-06-22.14:39:21::SCWPlatform::DSA absoulate path C:/Users/kumar/axi_adc_intr/workplace/intr_adc/hw/design_1_wrapper.xsa
TRACE::2025-06-22.14:39:21::SCWPlatform::DSA directory C:/Users/kumar/axi_adc_intr/workplace/intr_adc/hw
TRACE::2025-06-22.14:39:21::SCWPlatform:: Platform Path C:/Users/kumar/axi_adc_intr/workplace/intr_adc/hw/design_1_wrapper.xsa
TRACE::2025-06-22.14:39:21::SCWPlatform:: Unique name xilinx:zybo-z7-10::0.0
TRACE::2025-06-22.14:39:21::SCWPlatform::Trying to set the existing hwdb with name design_1_wrapper_0
TRACE::2025-06-22.14:39:21::SCWPlatform::Opened existing hwdb design_1_wrapper_0
TRACE::2025-06-22.14:39:21::SCWPlatform::Found the Hw Db part of the input DSA
TRACE::2025-06-22.14:39:21::SCWMssOS::Checking the sw design at  C:/Users/kumar/axi_adc_intr/workplace/intr_adc/zynq_fsbl/zynq_fsbl_bsp/system.mss
TRACE::2025-06-22.14:39:21::SCWMssOS::DEBUG:  swdes dump  C:/Users/kumar/axi_adc_intr/workplace/intr_adc/zynq_fsbl/zynq_fsbl_bsp/system.mss|system||

TRACE::2025-06-22.14:39:21::SCWMssOS::Sw design exists and opened at  C:/Users/kumar/axi_adc_intr/workplace/intr_adc/zynq_fsbl/zynq_fsbl_bsp/system.mss
TRACE::2025-06-22.14:39:21::SCWWriter::formatted JSON is {
	"platformName":	"intr_adc",
	"sprVersion":	"2.0",
	"mode":	"gui",
	"dsaType":	"Fixed",
	"platformDesc":	"intr_adc",
	"platHandOff":	"C:/Users/kumar/axi_adc_intr/design_1_wrapper.xsa",
	"platIntHandOff":	"<platformDir>/hw/design_1_wrapper.xsa",
	"deviceType":	"zynq",
	"platIsPrebuiltAutogen":	"false",
	"platIsNoBootBsp":	"false",
	"platFsblTarget":	"ps7_cortexa9_0",
	"hasFsblMakeHasChanges":	"false",
	"hasPmufwMakeHasChanges":	"false",
	"platPreBuiltFlag":	false,
	"platformSamplesDir":	"",
	"platActiveSys":	"intr_adc",
	"systems":	[{
			"systemName":	"intr_adc",
			"systemDesc":	"intr_adc",
			"sysIsBootAutoGen":	"true",
			"systemDispName":	"intr_adc",
			"sysActiveDom":	"zynq_fsbl",
			"sysDefaultDom":	"",
			"domains":	[{
					"domainName":	"zynq_fsbl",
					"domainDispName":	"zynq_fsbl",
					"domainDesc":	"FSBL Application BSP - Auto Generated.",
					"processors":	"ps7_cortexa9_0",
					"os":	"standalone",
					"sdxOs":	"standalone",
					"debugEnable":	"",
					"domRuntimes":	["cpp"],
					"swRepo":	"",
					"mssOsVer":	"7.1",
					"mssFile":	"",
					"md5Digest":	"3e00551ecff030b937dc2bac3686876f",
					"compatibleApp":	"zynq_fsbl",
					"domType":	"bootDomain",
					"appSettings":	{
						"appCompilerFlags":	"",
						"appLinkerFlags":	""
					},
					"addedLibs":	["xilffs:4.2", "xilrsa:1.5"],
					"libOptions":	{
						"libsContainingOptions":	[]
					},
					"prebuiltLibs":	{
						"prebuiltIncPath":	[],
						"prebuiltLibPath":	[]
					},
					"isolation":	{
					}
				}]
		}]
}
TRACE::2025-06-22.14:39:21::SCWDomain::checking for install qemu data   : 
TRACE::2025-06-22.14:39:21::SCWDomain:: Using the QEMU Data from install at  : C:/Xilinx/Vivado_2019/Vitis/2019.2/data/emulation/platforms/zynq/qemu/
TRACE::2025-06-22.14:39:21::SCWDomain:: Using the QEMU args  from install at  : C:/Xilinx/Vivado_2019/Vitis/2019.2/data/emulation/platforms/zynq/qemu/qemu_args.txt
TRACE::2025-06-22.14:39:21::SCWPlatform::Trying to open the hw design at C:/Users/kumar/axi_adc_intr/workplace/intr_adc/hw/design_1_wrapper.xsa
TRACE::2025-06-22.14:39:21::SCWPlatform::DSA given C:/Users/kumar/axi_adc_intr/workplace/intr_adc/hw/design_1_wrapper.xsa
TRACE::2025-06-22.14:39:21::SCWPlatform::DSA absoulate path C:/Users/kumar/axi_adc_intr/workplace/intr_adc/hw/design_1_wrapper.xsa
TRACE::2025-06-22.14:39:21::SCWPlatform::DSA directory C:/Users/kumar/axi_adc_intr/workplace/intr_adc/hw
TRACE::2025-06-22.14:39:21::SCWPlatform:: Platform Path C:/Users/kumar/axi_adc_intr/workplace/intr_adc/hw/design_1_wrapper.xsa
TRACE::2025-06-22.14:39:21::SCWPlatform:: Unique name xilinx:zybo-z7-10::0.0
TRACE::2025-06-22.14:39:21::SCWPlatform::Trying to set the existing hwdb with name design_1_wrapper_0
TRACE::2025-06-22.14:39:21::SCWPlatform::Opened existing hwdb design_1_wrapper_0
TRACE::2025-06-22.14:39:21::SCWPlatform::Found the Hw Db part of the input DSA
TRACE::2025-06-22.14:39:21::SCWPlatform::Trying to open the hw design at C:/Users/kumar/axi_adc_intr/workplace/intr_adc/hw/design_1_wrapper.xsa
TRACE::2025-06-22.14:39:21::SCWPlatform::DSA given C:/Users/kumar/axi_adc_intr/workplace/intr_adc/hw/design_1_wrapper.xsa
TRACE::2025-06-22.14:39:21::SCWPlatform::DSA absoulate path C:/Users/kumar/axi_adc_intr/workplace/intr_adc/hw/design_1_wrapper.xsa
TRACE::2025-06-22.14:39:21::SCWPlatform::DSA directory C:/Users/kumar/axi_adc_intr/workplace/intr_adc/hw
TRACE::2025-06-22.14:39:21::SCWPlatform:: Platform Path C:/Users/kumar/axi_adc_intr/workplace/intr_adc/hw/design_1_wrapper.xsa
TRACE::2025-06-22.14:39:21::SCWPlatform:: Unique name xilinx:zybo-z7-10::0.0
TRACE::2025-06-22.14:39:21::SCWPlatform::Trying to set the existing hwdb with name design_1_wrapper_0
TRACE::2025-06-22.14:39:21::SCWPlatform::Opened existing hwdb design_1_wrapper_0
TRACE::2025-06-22.14:39:21::SCWPlatform::Found the Hw Db part of the input DSA
TRACE::2025-06-22.14:39:21::SCWMssOS::Checking the sw design at  C:/Users/kumar/axi_adc_intr/workplace/intr_adc/ps7_cortexa9_0/standalone_domain/bsp/system.mss
TRACE::2025-06-22.14:39:21::SCWMssOS::DEBUG:  swdes dump  C:/Users/kumar/axi_adc_intr/workplace/intr_adc/zynq_fsbl/zynq_fsbl_bsp/system.mss|system||

TRACE::2025-06-22.14:39:21::SCWMssOS::No sw design opened at  C:/Users/kumar/axi_adc_intr/workplace/intr_adc/ps7_cortexa9_0/standalone_domain/bsp/system.mss
TRACE::2025-06-22.14:39:21::SCWMssOS::mss does not exists at C:/Users/kumar/axi_adc_intr/workplace/intr_adc/ps7_cortexa9_0/standalone_domain/bsp/system.mss
TRACE::2025-06-22.14:39:21::SCWMssOS::Creating sw design at  C:/Users/kumar/axi_adc_intr/workplace/intr_adc/ps7_cortexa9_0/standalone_domain/bsp/system.mss
TRACE::2025-06-22.14:39:21::SCWMssOS::Adding the swdes entry, created swdb C:/Users/kumar/axi_adc_intr/workplace/intr_adc/ps7_cortexa9_0/standalone_domain/bsp/system.mss with des name C:/Users/kumar/axi_adc_intr/workplace/intr_adc/ps7_cortexa9_0/standalone_domain/bsp/system.mss
TRACE::2025-06-22.14:39:21::SCWMssOS::updating the scw layer changes to swdes at   C:/Users/kumar/axi_adc_intr/workplace/intr_adc/ps7_cortexa9_0/standalone_domain/bsp/system.mss
TRACE::2025-06-22.14:39:21::SCWMssOS::Writing mss at C:/Users/kumar/axi_adc_intr/workplace/intr_adc/ps7_cortexa9_0/standalone_domain/bsp/system.mss
TRACE::2025-06-22.14:39:21::SCWMssOS::Completed writing the mss file at C:/Users/kumar/axi_adc_intr/workplace/intr_adc/ps7_cortexa9_0/standalone_domain/bsp
TRACE::2025-06-22.14:39:21::SCWMssOS::Picking up changes from newly written mss file into SCW Layer. 
TRACE::2025-06-22.14:39:21::SCWMssOS::Updated the changes from newly written mss file into SCW Layer. 
TRACE::2025-06-22.14:39:21::SCWPlatform::Trying to open the hw design at C:/Users/kumar/axi_adc_intr/workplace/intr_adc/hw/design_1_wrapper.xsa
TRACE::2025-06-22.14:39:21::SCWPlatform::DSA given C:/Users/kumar/axi_adc_intr/workplace/intr_adc/hw/design_1_wrapper.xsa
TRACE::2025-06-22.14:39:21::SCWPlatform::DSA absoulate path C:/Users/kumar/axi_adc_intr/workplace/intr_adc/hw/design_1_wrapper.xsa
TRACE::2025-06-22.14:39:21::SCWPlatform::DSA directory C:/Users/kumar/axi_adc_intr/workplace/intr_adc/hw
TRACE::2025-06-22.14:39:21::SCWPlatform:: Platform Path C:/Users/kumar/axi_adc_intr/workplace/intr_adc/hw/design_1_wrapper.xsa
TRACE::2025-06-22.14:39:21::SCWPlatform:: Unique name xilinx:zybo-z7-10::0.0
TRACE::2025-06-22.14:39:21::SCWPlatform::Trying to set the existing hwdb with name design_1_wrapper_0
TRACE::2025-06-22.14:39:21::SCWPlatform::Opened existing hwdb design_1_wrapper_0
TRACE::2025-06-22.14:39:21::SCWPlatform::Found the Hw Db part of the input DSA
TRACE::2025-06-22.14:39:21::SCWMssOS::Checking the sw design at  C:/Users/kumar/axi_adc_intr/workplace/intr_adc/zynq_fsbl/zynq_fsbl_bsp/system.mss
TRACE::2025-06-22.14:39:21::SCWMssOS::DEBUG:  swdes dump  C:/Users/kumar/axi_adc_intr/workplace/intr_adc/ps7_cortexa9_0/standalone_domain/bsp/system.mss|C:/Users/kumar/axi_adc_intr/workplace/intr_adc/ps7_cortexa9_0/standalone_domain/bsp/system.mss||
C:/Users/kumar/axi_adc_intr/workplace/intr_adc/zynq_fsbl/zynq_fsbl_bsp/system.mss|system||

TRACE::2025-06-22.14:39:21::SCWMssOS::Sw design exists and opened at  C:/Users/kumar/axi_adc_intr/workplace/intr_adc/zynq_fsbl/zynq_fsbl_bsp/system.mss
TRACE::2025-06-22.14:39:21::SCWPlatform::Trying to open the hw design at C:/Users/kumar/axi_adc_intr/workplace/intr_adc/hw/design_1_wrapper.xsa
TRACE::2025-06-22.14:39:21::SCWPlatform::DSA given C:/Users/kumar/axi_adc_intr/workplace/intr_adc/hw/design_1_wrapper.xsa
TRACE::2025-06-22.14:39:21::SCWPlatform::DSA absoulate path C:/Users/kumar/axi_adc_intr/workplace/intr_adc/hw/design_1_wrapper.xsa
TRACE::2025-06-22.14:39:21::SCWPlatform::DSA directory C:/Users/kumar/axi_adc_intr/workplace/intr_adc/hw
TRACE::2025-06-22.14:39:21::SCWPlatform:: Platform Path C:/Users/kumar/axi_adc_intr/workplace/intr_adc/hw/design_1_wrapper.xsa
TRACE::2025-06-22.14:39:21::SCWPlatform:: Unique name xilinx:zybo-z7-10::0.0
TRACE::2025-06-22.14:39:21::SCWPlatform::Trying to set the existing hwdb with name design_1_wrapper_0
TRACE::2025-06-22.14:39:21::SCWPlatform::Opened existing hwdb design_1_wrapper_0
TRACE::2025-06-22.14:39:21::SCWPlatform::Found the Hw Db part of the input DSA
TRACE::2025-06-22.14:39:21::SCWMssOS::Checking the sw design at  C:/Users/kumar/axi_adc_intr/workplace/intr_adc/zynq_fsbl/zynq_fsbl_bsp/system.mss
TRACE::2025-06-22.14:39:21::SCWMssOS::DEBUG:  swdes dump  C:/Users/kumar/axi_adc_intr/workplace/intr_adc/ps7_cortexa9_0/standalone_domain/bsp/system.mss|C:/Users/kumar/axi_adc_intr/workplace/intr_adc/ps7_cortexa9_0/standalone_domain/bsp/system.mss||
C:/Users/kumar/axi_adc_intr/workplace/intr_adc/zynq_fsbl/zynq_fsbl_bsp/system.mss|system||

TRACE::2025-06-22.14:39:21::SCWMssOS::Sw design exists and opened at  C:/Users/kumar/axi_adc_intr/workplace/intr_adc/zynq_fsbl/zynq_fsbl_bsp/system.mss
TRACE::2025-06-22.14:39:21::SCWPlatform::Trying to open the hw design at C:/Users/kumar/axi_adc_intr/workplace/intr_adc/hw/design_1_wrapper.xsa
TRACE::2025-06-22.14:39:21::SCWPlatform::DSA given C:/Users/kumar/axi_adc_intr/workplace/intr_adc/hw/design_1_wrapper.xsa
TRACE::2025-06-22.14:39:21::SCWPlatform::DSA absoulate path C:/Users/kumar/axi_adc_intr/workplace/intr_adc/hw/design_1_wrapper.xsa
TRACE::2025-06-22.14:39:21::SCWPlatform::DSA directory C:/Users/kumar/axi_adc_intr/workplace/intr_adc/hw
TRACE::2025-06-22.14:39:21::SCWPlatform:: Platform Path C:/Users/kumar/axi_adc_intr/workplace/intr_adc/hw/design_1_wrapper.xsa
TRACE::2025-06-22.14:39:21::SCWPlatform:: Unique name xilinx:zybo-z7-10::0.0
TRACE::2025-06-22.14:39:21::SCWPlatform::Trying to set the existing hwdb with name design_1_wrapper_0
TRACE::2025-06-22.14:39:21::SCWPlatform::Opened existing hwdb design_1_wrapper_0
TRACE::2025-06-22.14:39:21::SCWPlatform::Found the Hw Db part of the input DSA
TRACE::2025-06-22.14:39:21::SCWMssOS::Checking the sw design at  C:/Users/kumar/axi_adc_intr/workplace/intr_adc/zynq_fsbl/zynq_fsbl_bsp/system.mss
TRACE::2025-06-22.14:39:21::SCWMssOS::DEBUG:  swdes dump  C:/Users/kumar/axi_adc_intr/workplace/intr_adc/ps7_cortexa9_0/standalone_domain/bsp/system.mss|C:/Users/kumar/axi_adc_intr/workplace/intr_adc/ps7_cortexa9_0/standalone_domain/bsp/system.mss||
C:/Users/kumar/axi_adc_intr/workplace/intr_adc/zynq_fsbl/zynq_fsbl_bsp/system.mss|system||

TRACE::2025-06-22.14:39:21::SCWMssOS::Sw design exists and opened at  C:/Users/kumar/axi_adc_intr/workplace/intr_adc/zynq_fsbl/zynq_fsbl_bsp/system.mss
TRACE::2025-06-22.14:39:21::SCWPlatform::Trying to open the hw design at C:/Users/kumar/axi_adc_intr/workplace/intr_adc/hw/design_1_wrapper.xsa
TRACE::2025-06-22.14:39:21::SCWPlatform::DSA given C:/Users/kumar/axi_adc_intr/workplace/intr_adc/hw/design_1_wrapper.xsa
TRACE::2025-06-22.14:39:21::SCWPlatform::DSA absoulate path C:/Users/kumar/axi_adc_intr/workplace/intr_adc/hw/design_1_wrapper.xsa
TRACE::2025-06-22.14:39:21::SCWPlatform::DSA directory C:/Users/kumar/axi_adc_intr/workplace/intr_adc/hw
TRACE::2025-06-22.14:39:21::SCWPlatform:: Platform Path C:/Users/kumar/axi_adc_intr/workplace/intr_adc/hw/design_1_wrapper.xsa
TRACE::2025-06-22.14:39:21::SCWPlatform:: Unique name xilinx:zybo-z7-10::0.0
TRACE::2025-06-22.14:39:21::SCWPlatform::Trying to set the existing hwdb with name design_1_wrapper_0
TRACE::2025-06-22.14:39:21::SCWPlatform::Opened existing hwdb design_1_wrapper_0
TRACE::2025-06-22.14:39:21::SCWPlatform::Found the Hw Db part of the input DSA
TRACE::2025-06-22.14:39:21::SCWMssOS::Checking the sw design at  C:/Users/kumar/axi_adc_intr/workplace/intr_adc/ps7_cortexa9_0/standalone_domain/bsp/system.mss
TRACE::2025-06-22.14:39:21::SCWMssOS::DEBUG:  swdes dump  C:/Users/kumar/axi_adc_intr/workplace/intr_adc/ps7_cortexa9_0/standalone_domain/bsp/system.mss|C:/Users/kumar/axi_adc_intr/workplace/intr_adc/ps7_cortexa9_0/standalone_domain/bsp/system.mss||
C:/Users/kumar/axi_adc_intr/workplace/intr_adc/zynq_fsbl/zynq_fsbl_bsp/system.mss|system||

TRACE::2025-06-22.14:39:21::SCWMssOS::Sw design exists and opened at  C:/Users/kumar/axi_adc_intr/workplace/intr_adc/ps7_cortexa9_0/standalone_domain/bsp/system.mss
TRACE::2025-06-22.14:39:21::SCWPlatform::Trying to open the hw design at C:/Users/kumar/axi_adc_intr/workplace/intr_adc/hw/design_1_wrapper.xsa
TRACE::2025-06-22.14:39:21::SCWPlatform::DSA given C:/Users/kumar/axi_adc_intr/workplace/intr_adc/hw/design_1_wrapper.xsa
TRACE::2025-06-22.14:39:21::SCWPlatform::DSA absoulate path C:/Users/kumar/axi_adc_intr/workplace/intr_adc/hw/design_1_wrapper.xsa
TRACE::2025-06-22.14:39:21::SCWPlatform::DSA directory C:/Users/kumar/axi_adc_intr/workplace/intr_adc/hw
TRACE::2025-06-22.14:39:21::SCWPlatform:: Platform Path C:/Users/kumar/axi_adc_intr/workplace/intr_adc/hw/design_1_wrapper.xsa
TRACE::2025-06-22.14:39:21::SCWPlatform:: Unique name xilinx:zybo-z7-10::0.0
TRACE::2025-06-22.14:39:21::SCWPlatform::Trying to set the existing hwdb with name design_1_wrapper_0
TRACE::2025-06-22.14:39:21::SCWPlatform::Opened existing hwdb design_1_wrapper_0
TRACE::2025-06-22.14:39:21::SCWPlatform::Found the Hw Db part of the input DSA
TRACE::2025-06-22.14:39:21::SCWMssOS::Checking the sw design at  C:/Users/kumar/axi_adc_intr/workplace/intr_adc/ps7_cortexa9_0/standalone_domain/bsp/system.mss
TRACE::2025-06-22.14:39:21::SCWMssOS::DEBUG:  swdes dump  C:/Users/kumar/axi_adc_intr/workplace/intr_adc/ps7_cortexa9_0/standalone_domain/bsp/system.mss|C:/Users/kumar/axi_adc_intr/workplace/intr_adc/ps7_cortexa9_0/standalone_domain/bsp/system.mss||
C:/Users/kumar/axi_adc_intr/workplace/intr_adc/zynq_fsbl/zynq_fsbl_bsp/system.mss|system||

TRACE::2025-06-22.14:39:21::SCWMssOS::Sw design exists and opened at  C:/Users/kumar/axi_adc_intr/workplace/intr_adc/ps7_cortexa9_0/standalone_domain/bsp/system.mss
TRACE::2025-06-22.14:39:21::SCWPlatform::Trying to open the hw design at C:/Users/kumar/axi_adc_intr/workplace/intr_adc/hw/design_1_wrapper.xsa
TRACE::2025-06-22.14:39:21::SCWPlatform::DSA given C:/Users/kumar/axi_adc_intr/workplace/intr_adc/hw/design_1_wrapper.xsa
TRACE::2025-06-22.14:39:21::SCWPlatform::DSA absoulate path C:/Users/kumar/axi_adc_intr/workplace/intr_adc/hw/design_1_wrapper.xsa
TRACE::2025-06-22.14:39:21::SCWPlatform::DSA directory C:/Users/kumar/axi_adc_intr/workplace/intr_adc/hw
TRACE::2025-06-22.14:39:21::SCWPlatform:: Platform Path C:/Users/kumar/axi_adc_intr/workplace/intr_adc/hw/design_1_wrapper.xsa
TRACE::2025-06-22.14:39:21::SCWPlatform:: Unique name xilinx:zybo-z7-10::0.0
TRACE::2025-06-22.14:39:21::SCWPlatform::Trying to set the existing hwdb with name design_1_wrapper_0
TRACE::2025-06-22.14:39:21::SCWPlatform::Opened existing hwdb design_1_wrapper_0
TRACE::2025-06-22.14:39:21::SCWPlatform::Found the Hw Db part of the input DSA
TRACE::2025-06-22.14:39:21::SCWMssOS::Checking the sw design at  C:/Users/kumar/axi_adc_intr/workplace/intr_adc/ps7_cortexa9_0/standalone_domain/bsp/system.mss
TRACE::2025-06-22.14:39:21::SCWMssOS::DEBUG:  swdes dump  C:/Users/kumar/axi_adc_intr/workplace/intr_adc/ps7_cortexa9_0/standalone_domain/bsp/system.mss|C:/Users/kumar/axi_adc_intr/workplace/intr_adc/ps7_cortexa9_0/standalone_domain/bsp/system.mss||
C:/Users/kumar/axi_adc_intr/workplace/intr_adc/zynq_fsbl/zynq_fsbl_bsp/system.mss|system||

TRACE::2025-06-22.14:39:21::SCWMssOS::Sw design exists and opened at  C:/Users/kumar/axi_adc_intr/workplace/intr_adc/ps7_cortexa9_0/standalone_domain/bsp/system.mss
TRACE::2025-06-22.14:39:21::SCWWriter::formatted JSON is {
	"platformName":	"intr_adc",
	"sprVersion":	"2.0",
	"mode":	"gui",
	"dsaType":	"Fixed",
	"platformDesc":	"intr_adc",
	"platHandOff":	"C:/Users/kumar/axi_adc_intr/design_1_wrapper.xsa",
	"platIntHandOff":	"<platformDir>/hw/design_1_wrapper.xsa",
	"deviceType":	"zynq",
	"platIsPrebuiltAutogen":	"false",
	"platIsNoBootBsp":	"false",
	"platFsblTarget":	"ps7_cortexa9_0",
	"hasFsblMakeHasChanges":	"false",
	"hasPmufwMakeHasChanges":	"false",
	"platPreBuiltFlag":	false,
	"platformSamplesDir":	"",
	"platActiveSys":	"intr_adc",
	"systems":	[{
			"systemName":	"intr_adc",
			"systemDesc":	"intr_adc",
			"sysIsBootAutoGen":	"true",
			"systemDispName":	"intr_adc",
			"sysActiveDom":	"standalone_domain",
			"sysDefaultDom":	"standalone_domain",
			"domains":	[{
					"domainName":	"zynq_fsbl",
					"domainDispName":	"zynq_fsbl",
					"domainDesc":	"FSBL Application BSP - Auto Generated.",
					"processors":	"ps7_cortexa9_0",
					"os":	"standalone",
					"sdxOs":	"standalone",
					"debugEnable":	"",
					"domRuntimes":	["cpp"],
					"swRepo":	"",
					"mssOsVer":	"7.1",
					"mssFile":	"",
					"md5Digest":	"3e00551ecff030b937dc2bac3686876f",
					"compatibleApp":	"zynq_fsbl",
					"domType":	"bootDomain",
					"appSettings":	{
						"appCompilerFlags":	"",
						"appLinkerFlags":	""
					},
					"addedLibs":	["xilffs:4.2", "xilrsa:1.5"],
					"libOptions":	{
						"libsContainingOptions":	[]
					},
					"prebuiltLibs":	{
						"prebuiltIncPath":	[],
						"prebuiltLibPath":	[]
					},
					"isolation":	{
					}
				}, {
					"domainName":	"standalone_domain",
					"domainDispName":	"standalone_domain",
					"domainDesc":	"standalone_domain",
					"processors":	"ps7_cortexa9_0",
					"os":	"standalone",
					"sdxOs":	"standalone",
					"qemuArgs":	"C:/Xilinx/Vivado_2019/Vitis/2019.2/data/emulation/platforms/zynq/qemu/qemu_args.txt",
					"qemuData":	"C:/Xilinx/Vivado_2019/Vitis/2019.2/data/emulation/platforms/zynq/qemu/",
					"debugEnable":	"False",
					"domRuntimes":	["cpp"],
					"swRepo":	"",
					"mssOsVer":	"7.1",
					"mssFile":	"",
					"md5Digest":	"",
					"compatibleApp":	"",
					"domType":	"mssDomain",
					"appSettings":	{
						"appCompilerFlags":	"",
						"appLinkerFlags":	""
					},
					"addedLibs":	[],
					"libOptions":	{
						"libsContainingOptions":	[]
					},
					"prebuiltLibs":	{
						"prebuiltIncPath":	[],
						"prebuiltLibPath":	[]
					},
					"isolation":	{
					}
				}]
		}]
}
TRACE::2025-06-22.14:39:21::SCWPlatform::Trying to open the hw design at C:/Users/kumar/axi_adc_intr/workplace/intr_adc/hw/design_1_wrapper.xsa
TRACE::2025-06-22.14:39:21::SCWPlatform::DSA given C:/Users/kumar/axi_adc_intr/workplace/intr_adc/hw/design_1_wrapper.xsa
TRACE::2025-06-22.14:39:21::SCWPlatform::DSA absoulate path C:/Users/kumar/axi_adc_intr/workplace/intr_adc/hw/design_1_wrapper.xsa
TRACE::2025-06-22.14:39:21::SCWPlatform::DSA directory C:/Users/kumar/axi_adc_intr/workplace/intr_adc/hw
TRACE::2025-06-22.14:39:21::SCWPlatform:: Platform Path C:/Users/kumar/axi_adc_intr/workplace/intr_adc/hw/design_1_wrapper.xsa
TRACE::2025-06-22.14:39:21::SCWPlatform:: Unique name xilinx:zybo-z7-10::0.0
TRACE::2025-06-22.14:39:21::SCWPlatform::Trying to set the existing hwdb with name design_1_wrapper_0
TRACE::2025-06-22.14:39:21::SCWPlatform::Opened existing hwdb design_1_wrapper_0
TRACE::2025-06-22.14:39:21::SCWPlatform::Found the Hw Db part of the input DSA
TRACE::2025-06-22.14:39:21::SCWMssOS::Checking the sw design at  C:/Users/kumar/axi_adc_intr/workplace/intr_adc/ps7_cortexa9_0/standalone_domain/bsp/system.mss
TRACE::2025-06-22.14:39:21::SCWMssOS::DEBUG:  swdes dump  C:/Users/kumar/axi_adc_intr/workplace/intr_adc/ps7_cortexa9_0/standalone_domain/bsp/system.mss|C:/Users/kumar/axi_adc_intr/workplace/intr_adc/ps7_cortexa9_0/standalone_domain/bsp/system.mss||
C:/Users/kumar/axi_adc_intr/workplace/intr_adc/zynq_fsbl/zynq_fsbl_bsp/system.mss|system||

TRACE::2025-06-22.14:39:21::SCWMssOS::Sw design exists and opened at  C:/Users/kumar/axi_adc_intr/workplace/intr_adc/ps7_cortexa9_0/standalone_domain/bsp/system.mss
TRACE::2025-06-22.14:39:21::SCWMssOS::Completed writing the mss file at C:/Users/kumar/axi_adc_intr/workplace/intr_adc/ps7_cortexa9_0/standalone_domain/bsp
TRACE::2025-06-22.14:39:21::SCWMssOS::Forcing BSP Sources regeneration.
LOG::2025-06-22.14:39:22::SCWPlatform::Started generating the artifacts platform intr_adc
TRACE::2025-06-22.14:39:22::SCWPlatform::Sanity checking of platform is completed
LOG::2025-06-22.14:39:22::SCWPlatform::Started generating the artifacts for system configuration intr_adc
LOG::2025-06-22.14:39:22::SCWSystem::Checking the domain zynq_fsbl
LOG::2025-06-22.14:39:22::SCWSystem::Doing application build for :  zynq_fsbl
TRACE::2025-06-22.14:39:22::SCWBDomain::Not a forced makefile updation, No changes are present. 
TRACE::2025-06-22.14:39:22::SCWDomain::Skipping the build for domain :  zynq_fsbl
LOG::2025-06-22.14:39:22::SCWSystem::Checking the domain standalone_domain
LOG::2025-06-22.14:39:22::SCWSystem::Not a boot domain 
LOG::2025-06-22.14:39:22::SCWSystem::Started Processing the domain standalone_domain
TRACE::2025-06-22.14:39:22::SCWDomain::Generating domain artifcats
TRACE::2025-06-22.14:39:22::SCWMssOS::Generating standalone artifcats
TRACE::2025-06-22.14:39:22::SCWMssOS::Copying the qemu file from  C:/Xilinx/Vivado_2019/Vitis/2019.2/data/emulation/platforms/zynq/qemu/qemu_args.txt To C:/Users/kumar/axi_adc_intr/workplace/intr_adc/export/intr_adc/sw/intr_adc/qemu/
TRACE::2025-06-22.14:39:22::SCWMssOS::Copying the qemu file from  C:/Xilinx/Vivado_2019/Vitis/2019.2/data/emulation/platforms/zynq/qemu/qemu_args.txt To C:/Users/kumar/axi_adc_intr/workplace/intr_adc/export/intr_adc/sw/intr_adc/standalone_domain/qemu/
TRACE::2025-06-22.14:39:22::SCWMssOS:: Copying the user libraries. 
TRACE::2025-06-22.14:39:22::SCWPlatform::Trying to open the hw design at C:/Users/kumar/axi_adc_intr/workplace/intr_adc/hw/design_1_wrapper.xsa
TRACE::2025-06-22.14:39:22::SCWPlatform::DSA given C:/Users/kumar/axi_adc_intr/workplace/intr_adc/hw/design_1_wrapper.xsa
TRACE::2025-06-22.14:39:22::SCWPlatform::DSA absoulate path C:/Users/kumar/axi_adc_intr/workplace/intr_adc/hw/design_1_wrapper.xsa
TRACE::2025-06-22.14:39:22::SCWPlatform::DSA directory C:/Users/kumar/axi_adc_intr/workplace/intr_adc/hw
TRACE::2025-06-22.14:39:22::SCWPlatform:: Platform Path C:/Users/kumar/axi_adc_intr/workplace/intr_adc/hw/design_1_wrapper.xsa
TRACE::2025-06-22.14:39:22::SCWPlatform:: Unique name xilinx:zybo-z7-10::0.0
TRACE::2025-06-22.14:39:22::SCWPlatform::Trying to set the existing hwdb with name design_1_wrapper_0
TRACE::2025-06-22.14:39:22::SCWPlatform::Opened existing hwdb design_1_wrapper_0
TRACE::2025-06-22.14:39:22::SCWPlatform::Found the Hw Db part of the input DSA
TRACE::2025-06-22.14:39:22::SCWMssOS::Checking the sw design at  C:/Users/kumar/axi_adc_intr/workplace/intr_adc/ps7_cortexa9_0/standalone_domain/bsp/system.mss
TRACE::2025-06-22.14:39:22::SCWMssOS::DEBUG:  swdes dump  C:/Users/kumar/axi_adc_intr/workplace/intr_adc/ps7_cortexa9_0/standalone_domain/bsp/system.mss|C:/Users/kumar/axi_adc_intr/workplace/intr_adc/ps7_cortexa9_0/standalone_domain/bsp/system.mss||
C:/Users/kumar/axi_adc_intr/workplace/intr_adc/zynq_fsbl/zynq_fsbl_bsp/system.mss|system||

KEYINFO::2025-06-22.14:39:22::SCWMssOS::Could not open the swdb for C:/Users/kumar/axi_adc_intr/workplace/intr_adc/ps7_cortexa9_0/standalone_domain/bsp/system.mss
KEYINFO::2025-06-22.14:39:22::SCWMssOS::Could not open the sw design at  C:/Users/kumar/axi_adc_intr/workplace/intr_adc/ps7_cortexa9_0/standalone_domain/bsp/system.mss
ERROR: [Hsi 55-1558] Software Design C:/Users/kumar/axi_adc_intr/workplace/intr_adc/ps7_cortexa9_0/standalone_domain/bsp/system.mss is not found

TRACE::2025-06-22.14:39:22::SCWMssOS::Cleared the swdb table entry
TRACE::2025-06-22.14:39:22::SCWMssOS::No sw design opened at  C:/Users/kumar/axi_adc_intr/workplace/intr_adc/ps7_cortexa9_0/standalone_domain/bsp/system.mss
TRACE::2025-06-22.14:39:22::SCWMssOS::mss exists loading the mss file  C:/Users/kumar/axi_adc_intr/workplace/intr_adc/ps7_cortexa9_0/standalone_domain/bsp/system.mss
TRACE::2025-06-22.14:39:22::SCWMssOS::Opened the sw design from mss  C:/Users/kumar/axi_adc_intr/workplace/intr_adc/ps7_cortexa9_0/standalone_domain/bsp/system.mss
TRACE::2025-06-22.14:39:22::SCWMssOS::Adding the swdes entry C:/Users/kumar/axi_adc_intr/workplace/intr_adc/ps7_cortexa9_0/standalone_domain/bsp/system.mss with des name system_0
TRACE::2025-06-22.14:39:22::SCWMssOS::updating the scw layer about changes
TRACE::2025-06-22.14:39:22::SCWMssOS::Opened the sw design.  C:/Users/kumar/axi_adc_intr/workplace/intr_adc/ps7_cortexa9_0/standalone_domain/bsp/system.mss
TRACE::2025-06-22.14:39:22::SCWMssOS::Completed writing the mss file at C:/Users/kumar/axi_adc_intr/workplace/intr_adc/ps7_cortexa9_0/standalone_domain/bsp
TRACE::2025-06-22.14:39:22::SCWMssOS::Mss edits present, copying mssfile into export location C:/Users/kumar/axi_adc_intr/workplace/intr_adc/ps7_cortexa9_0/standalone_domain/bsp/system.mss
TRACE::2025-06-22.14:39:22::SCWMssOS::bsp generated is upto date with the mss file. Skipping bsp generation.
TRACE::2025-06-22.14:39:22::SCWMssOS::BSP is already built. skipping the bsp build ... 
TRACE::2025-06-22.14:39:22::SCWDomain::Skipping the build for domain :  standalone_domain
TRACE::2025-06-22.14:39:22::SCWMssOS::skipping the bsp build ... 
TRACE::2025-06-22.14:39:22::SCWMssOS::Copying to export directory.
TRACE::2025-06-22.14:39:22::SCWMssOS:: Checking if to create the Supporting Applications
TRACE::2025-06-22.14:39:22::SCWMssOS:: No Linux domain exists, trying to generate FSBL 
TRACE::2025-06-22.14:39:22::SCWMssOS:: Completed Standalone Artifacts creation 
LOG::2025-06-22.14:39:22::SCWSystem::Completed Processing the domain standalone_domain
LOG::2025-06-22.14:39:22::SCWSystem::Completed Processing the sysconfig intr_adc
LOG::2025-06-22.14:39:22::SCWPlatform::Completed generating the artifacts for system configuration intr_adc
TRACE::2025-06-22.14:39:22::SCWPlatform::Started preparing the platform 
TRACE::2025-06-22.14:39:22::SCWSystem::Writing the bif file for system config intr_adc
TRACE::2025-06-22.14:39:22::SCWSystem::dir created 
TRACE::2025-06-22.14:39:22::SCWSystem::Writing the bif 
TRACE::2025-06-22.14:39:22::SCWPlatform::Started writing the spfm file 
TRACE::2025-06-22.14:39:22::SCWPlatform::Started writing the xpfm file 
TRACE::2025-06-22.14:39:22::SCWPlatform::Completed generating the platform
TRACE::2025-06-22.14:39:22::SCWPlatform::Trying to open the hw design at C:/Users/kumar/axi_adc_intr/workplace/intr_adc/hw/design_1_wrapper.xsa
TRACE::2025-06-22.14:39:22::SCWPlatform::DSA given C:/Users/kumar/axi_adc_intr/workplace/intr_adc/hw/design_1_wrapper.xsa
TRACE::2025-06-22.14:39:22::SCWPlatform::DSA absoulate path C:/Users/kumar/axi_adc_intr/workplace/intr_adc/hw/design_1_wrapper.xsa
TRACE::2025-06-22.14:39:22::SCWPlatform::DSA directory C:/Users/kumar/axi_adc_intr/workplace/intr_adc/hw
TRACE::2025-06-22.14:39:22::SCWPlatform:: Platform Path C:/Users/kumar/axi_adc_intr/workplace/intr_adc/hw/design_1_wrapper.xsa
TRACE::2025-06-22.14:39:22::SCWPlatform:: Unique name xilinx:zybo-z7-10::0.0
TRACE::2025-06-22.14:39:22::SCWPlatform::Trying to set the existing hwdb with name design_1_wrapper_0
TRACE::2025-06-22.14:39:22::SCWPlatform::Opened existing hwdb design_1_wrapper_0
TRACE::2025-06-22.14:39:22::SCWPlatform::Found the Hw Db part of the input DSA
TRACE::2025-06-22.14:39:22::SCWMssOS::Checking the sw design at  C:/Users/kumar/axi_adc_intr/workplace/intr_adc/zynq_fsbl/zynq_fsbl_bsp/system.mss
TRACE::2025-06-22.14:39:22::SCWMssOS::DEBUG:  swdes dump  C:/Users/kumar/axi_adc_intr/workplace/intr_adc/ps7_cortexa9_0/standalone_domain/bsp/system.mss|system_0||
C:/Users/kumar/axi_adc_intr/workplace/intr_adc/zynq_fsbl/zynq_fsbl_bsp/system.mss|system||

TRACE::2025-06-22.14:39:22::SCWMssOS::Sw design exists and opened at  C:/Users/kumar/axi_adc_intr/workplace/intr_adc/zynq_fsbl/zynq_fsbl_bsp/system.mss
TRACE::2025-06-22.14:39:22::SCWPlatform::Trying to open the hw design at C:/Users/kumar/axi_adc_intr/workplace/intr_adc/hw/design_1_wrapper.xsa
TRACE::2025-06-22.14:39:22::SCWPlatform::DSA given C:/Users/kumar/axi_adc_intr/workplace/intr_adc/hw/design_1_wrapper.xsa
TRACE::2025-06-22.14:39:22::SCWPlatform::DSA absoulate path C:/Users/kumar/axi_adc_intr/workplace/intr_adc/hw/design_1_wrapper.xsa
TRACE::2025-06-22.14:39:22::SCWPlatform::DSA directory C:/Users/kumar/axi_adc_intr/workplace/intr_adc/hw
TRACE::2025-06-22.14:39:22::SCWPlatform:: Platform Path C:/Users/kumar/axi_adc_intr/workplace/intr_adc/hw/design_1_wrapper.xsa
TRACE::2025-06-22.14:39:22::SCWPlatform:: Unique name xilinx:zybo-z7-10::0.0
TRACE::2025-06-22.14:39:22::SCWPlatform::Trying to set the existing hwdb with name design_1_wrapper_0
TRACE::2025-06-22.14:39:22::SCWPlatform::Opened existing hwdb design_1_wrapper_0
TRACE::2025-06-22.14:39:22::SCWPlatform::Found the Hw Db part of the input DSA
TRACE::2025-06-22.14:39:22::SCWMssOS::Checking the sw design at  C:/Users/kumar/axi_adc_intr/workplace/intr_adc/zynq_fsbl/zynq_fsbl_bsp/system.mss
TRACE::2025-06-22.14:39:22::SCWMssOS::DEBUG:  swdes dump  C:/Users/kumar/axi_adc_intr/workplace/intr_adc/ps7_cortexa9_0/standalone_domain/bsp/system.mss|system_0||
C:/Users/kumar/axi_adc_intr/workplace/intr_adc/zynq_fsbl/zynq_fsbl_bsp/system.mss|system||

TRACE::2025-06-22.14:39:22::SCWMssOS::Sw design exists and opened at  C:/Users/kumar/axi_adc_intr/workplace/intr_adc/zynq_fsbl/zynq_fsbl_bsp/system.mss
TRACE::2025-06-22.14:39:22::SCWPlatform::Trying to open the hw design at C:/Users/kumar/axi_adc_intr/workplace/intr_adc/hw/design_1_wrapper.xsa
TRACE::2025-06-22.14:39:22::SCWPlatform::DSA given C:/Users/kumar/axi_adc_intr/workplace/intr_adc/hw/design_1_wrapper.xsa
TRACE::2025-06-22.14:39:22::SCWPlatform::DSA absoulate path C:/Users/kumar/axi_adc_intr/workplace/intr_adc/hw/design_1_wrapper.xsa
TRACE::2025-06-22.14:39:22::SCWPlatform::DSA directory C:/Users/kumar/axi_adc_intr/workplace/intr_adc/hw
TRACE::2025-06-22.14:39:22::SCWPlatform:: Platform Path C:/Users/kumar/axi_adc_intr/workplace/intr_adc/hw/design_1_wrapper.xsa
TRACE::2025-06-22.14:39:22::SCWPlatform:: Unique name xilinx:zybo-z7-10::0.0
TRACE::2025-06-22.14:39:22::SCWPlatform::Trying to set the existing hwdb with name design_1_wrapper_0
TRACE::2025-06-22.14:39:22::SCWPlatform::Opened existing hwdb design_1_wrapper_0
TRACE::2025-06-22.14:39:22::SCWPlatform::Found the Hw Db part of the input DSA
TRACE::2025-06-22.14:39:22::SCWMssOS::Checking the sw design at  C:/Users/kumar/axi_adc_intr/workplace/intr_adc/zynq_fsbl/zynq_fsbl_bsp/system.mss
TRACE::2025-06-22.14:39:22::SCWMssOS::DEBUG:  swdes dump  C:/Users/kumar/axi_adc_intr/workplace/intr_adc/ps7_cortexa9_0/standalone_domain/bsp/system.mss|system_0||
C:/Users/kumar/axi_adc_intr/workplace/intr_adc/zynq_fsbl/zynq_fsbl_bsp/system.mss|system||

TRACE::2025-06-22.14:39:22::SCWMssOS::Sw design exists and opened at  C:/Users/kumar/axi_adc_intr/workplace/intr_adc/zynq_fsbl/zynq_fsbl_bsp/system.mss
TRACE::2025-06-22.14:39:22::SCWPlatform::Trying to open the hw design at C:/Users/kumar/axi_adc_intr/workplace/intr_adc/hw/design_1_wrapper.xsa
TRACE::2025-06-22.14:39:22::SCWPlatform::DSA given C:/Users/kumar/axi_adc_intr/workplace/intr_adc/hw/design_1_wrapper.xsa
TRACE::2025-06-22.14:39:22::SCWPlatform::DSA absoulate path C:/Users/kumar/axi_adc_intr/workplace/intr_adc/hw/design_1_wrapper.xsa
TRACE::2025-06-22.14:39:22::SCWPlatform::DSA directory C:/Users/kumar/axi_adc_intr/workplace/intr_adc/hw
TRACE::2025-06-22.14:39:22::SCWPlatform:: Platform Path C:/Users/kumar/axi_adc_intr/workplace/intr_adc/hw/design_1_wrapper.xsa
TRACE::2025-06-22.14:39:22::SCWPlatform:: Unique name xilinx:zybo-z7-10::0.0
TRACE::2025-06-22.14:39:22::SCWPlatform::Trying to set the existing hwdb with name design_1_wrapper_0
TRACE::2025-06-22.14:39:22::SCWPlatform::Opened existing hwdb design_1_wrapper_0
TRACE::2025-06-22.14:39:22::SCWPlatform::Found the Hw Db part of the input DSA
TRACE::2025-06-22.14:39:22::SCWMssOS::Checking the sw design at  C:/Users/kumar/axi_adc_intr/workplace/intr_adc/ps7_cortexa9_0/standalone_domain/bsp/system.mss
TRACE::2025-06-22.14:39:22::SCWMssOS::DEBUG:  swdes dump  C:/Users/kumar/axi_adc_intr/workplace/intr_adc/ps7_cortexa9_0/standalone_domain/bsp/system.mss|system_0||
C:/Users/kumar/axi_adc_intr/workplace/intr_adc/zynq_fsbl/zynq_fsbl_bsp/system.mss|system||

TRACE::2025-06-22.14:39:22::SCWMssOS::Sw design exists and opened at  C:/Users/kumar/axi_adc_intr/workplace/intr_adc/ps7_cortexa9_0/standalone_domain/bsp/system.mss
TRACE::2025-06-22.14:39:22::SCWPlatform::Trying to open the hw design at C:/Users/kumar/axi_adc_intr/workplace/intr_adc/hw/design_1_wrapper.xsa
TRACE::2025-06-22.14:39:22::SCWPlatform::DSA given C:/Users/kumar/axi_adc_intr/workplace/intr_adc/hw/design_1_wrapper.xsa
TRACE::2025-06-22.14:39:22::SCWPlatform::DSA absoulate path C:/Users/kumar/axi_adc_intr/workplace/intr_adc/hw/design_1_wrapper.xsa
TRACE::2025-06-22.14:39:22::SCWPlatform::DSA directory C:/Users/kumar/axi_adc_intr/workplace/intr_adc/hw
TRACE::2025-06-22.14:39:22::SCWPlatform:: Platform Path C:/Users/kumar/axi_adc_intr/workplace/intr_adc/hw/design_1_wrapper.xsa
TRACE::2025-06-22.14:39:22::SCWPlatform:: Unique name xilinx:zybo-z7-10::0.0
TRACE::2025-06-22.14:39:22::SCWPlatform::Trying to set the existing hwdb with name design_1_wrapper_0
TRACE::2025-06-22.14:39:22::SCWPlatform::Opened existing hwdb design_1_wrapper_0
TRACE::2025-06-22.14:39:22::SCWPlatform::Found the Hw Db part of the input DSA
TRACE::2025-06-22.14:39:22::SCWMssOS::Checking the sw design at  C:/Users/kumar/axi_adc_intr/workplace/intr_adc/ps7_cortexa9_0/standalone_domain/bsp/system.mss
TRACE::2025-06-22.14:39:22::SCWMssOS::DEBUG:  swdes dump  C:/Users/kumar/axi_adc_intr/workplace/intr_adc/ps7_cortexa9_0/standalone_domain/bsp/system.mss|system_0||
C:/Users/kumar/axi_adc_intr/workplace/intr_adc/zynq_fsbl/zynq_fsbl_bsp/system.mss|system||

TRACE::2025-06-22.14:39:22::SCWMssOS::Sw design exists and opened at  C:/Users/kumar/axi_adc_intr/workplace/intr_adc/ps7_cortexa9_0/standalone_domain/bsp/system.mss
TRACE::2025-06-22.14:39:22::SCWPlatform::Trying to open the hw design at C:/Users/kumar/axi_adc_intr/workplace/intr_adc/hw/design_1_wrapper.xsa
TRACE::2025-06-22.14:39:22::SCWPlatform::DSA given C:/Users/kumar/axi_adc_intr/workplace/intr_adc/hw/design_1_wrapper.xsa
TRACE::2025-06-22.14:39:22::SCWPlatform::DSA absoulate path C:/Users/kumar/axi_adc_intr/workplace/intr_adc/hw/design_1_wrapper.xsa
TRACE::2025-06-22.14:39:22::SCWPlatform::DSA directory C:/Users/kumar/axi_adc_intr/workplace/intr_adc/hw
TRACE::2025-06-22.14:39:22::SCWPlatform:: Platform Path C:/Users/kumar/axi_adc_intr/workplace/intr_adc/hw/design_1_wrapper.xsa
TRACE::2025-06-22.14:39:22::SCWPlatform:: Unique name xilinx:zybo-z7-10::0.0
TRACE::2025-06-22.14:39:22::SCWPlatform::Trying to set the existing hwdb with name design_1_wrapper_0
TRACE::2025-06-22.14:39:22::SCWPlatform::Opened existing hwdb design_1_wrapper_0
TRACE::2025-06-22.14:39:22::SCWPlatform::Found the Hw Db part of the input DSA
TRACE::2025-06-22.14:39:22::SCWMssOS::Checking the sw design at  C:/Users/kumar/axi_adc_intr/workplace/intr_adc/ps7_cortexa9_0/standalone_domain/bsp/system.mss
TRACE::2025-06-22.14:39:22::SCWMssOS::DEBUG:  swdes dump  C:/Users/kumar/axi_adc_intr/workplace/intr_adc/ps7_cortexa9_0/standalone_domain/bsp/system.mss|system_0||
C:/Users/kumar/axi_adc_intr/workplace/intr_adc/zynq_fsbl/zynq_fsbl_bsp/system.mss|system||

TRACE::2025-06-22.14:39:22::SCWMssOS::Sw design exists and opened at  C:/Users/kumar/axi_adc_intr/workplace/intr_adc/ps7_cortexa9_0/standalone_domain/bsp/system.mss
TRACE::2025-06-22.14:39:22::SCWWriter::formatted JSON is {
	"platformName":	"intr_adc",
	"sprVersion":	"2.0",
	"mode":	"gui",
	"dsaType":	"Fixed",
	"platformDesc":	"intr_adc",
	"platHandOff":	"C:/Users/kumar/axi_adc_intr/design_1_wrapper.xsa",
	"platIntHandOff":	"<platformDir>/hw/design_1_wrapper.xsa",
	"deviceType":	"zynq",
	"platIsPrebuiltAutogen":	"false",
	"platIsNoBootBsp":	"false",
	"platFsblTarget":	"ps7_cortexa9_0",
	"hasFsblMakeHasChanges":	"false",
	"hasPmufwMakeHasChanges":	"false",
	"platPreBuiltFlag":	false,
	"platformSamplesDir":	"",
	"platActiveSys":	"intr_adc",
	"systems":	[{
			"systemName":	"intr_adc",
			"systemDesc":	"intr_adc",
			"sysIsBootAutoGen":	"true",
			"systemDispName":	"intr_adc",
			"sysActiveDom":	"standalone_domain",
			"sysDefaultDom":	"standalone_domain",
			"domains":	[{
					"domainName":	"zynq_fsbl",
					"domainDispName":	"zynq_fsbl",
					"domainDesc":	"FSBL Application BSP - Auto Generated.",
					"processors":	"ps7_cortexa9_0",
					"os":	"standalone",
					"sdxOs":	"standalone",
					"debugEnable":	"",
					"domRuntimes":	["cpp"],
					"swRepo":	"",
					"mssOsVer":	"7.1",
					"mssFile":	"",
					"md5Digest":	"3e00551ecff030b937dc2bac3686876f",
					"compatibleApp":	"zynq_fsbl",
					"domType":	"bootDomain",
					"appSettings":	{
						"appCompilerFlags":	"",
						"appLinkerFlags":	""
					},
					"addedLibs":	["xilffs:4.2", "xilrsa:1.5"],
					"libOptions":	{
						"libsContainingOptions":	[]
					},
					"prebuiltLibs":	{
						"prebuiltIncPath":	[],
						"prebuiltLibPath":	[]
					},
					"isolation":	{
					}
				}, {
					"domainName":	"standalone_domain",
					"domainDispName":	"standalone_domain",
					"domainDesc":	"standalone_domain",
					"processors":	"ps7_cortexa9_0",
					"os":	"standalone",
					"sdxOs":	"standalone",
					"qemuArgs":	"C:/Xilinx/Vivado_2019/Vitis/2019.2/data/emulation/platforms/zynq/qemu/qemu_args.txt",
					"qemuData":	"C:/Xilinx/Vivado_2019/Vitis/2019.2/data/emulation/platforms/zynq/qemu/",
					"debugEnable":	"False",
					"domRuntimes":	["cpp"],
					"swRepo":	"",
					"mssOsVer":	"7.1",
					"mssFile":	"",
					"md5Digest":	"d3e3a2f25322140df930dcbb3586be26",
					"compatibleApp":	"",
					"domType":	"mssDomain",
					"appSettings":	{
						"appCompilerFlags":	"",
						"appLinkerFlags":	""
					},
					"addedLibs":	[],
					"libOptions":	{
						"libsContainingOptions":	[]
					},
					"prebuiltLibs":	{
						"prebuiltIncPath":	[],
						"prebuiltLibPath":	[]
					},
					"isolation":	{
					}
				}]
		}]
}
KEYINFO::2025-06-22.14:39:22::SCWPlatform::updated the xpfm file.
TRACE::2025-06-22.14:39:23::SCWPlatform::Trying to open the hw design at C:/Users/kumar/axi_adc_intr/workplace/intr_adc/hw/design_1_wrapper.xsa
TRACE::2025-06-22.14:39:23::SCWPlatform::DSA given C:/Users/kumar/axi_adc_intr/workplace/intr_adc/hw/design_1_wrapper.xsa
TRACE::2025-06-22.14:39:23::SCWPlatform::DSA absoulate path C:/Users/kumar/axi_adc_intr/workplace/intr_adc/hw/design_1_wrapper.xsa
TRACE::2025-06-22.14:39:23::SCWPlatform::DSA directory C:/Users/kumar/axi_adc_intr/workplace/intr_adc/hw
TRACE::2025-06-22.14:39:23::SCWPlatform:: Platform Path C:/Users/kumar/axi_adc_intr/workplace/intr_adc/hw/design_1_wrapper.xsa
TRACE::2025-06-22.14:39:23::SCWPlatform:: Unique name xilinx:zybo-z7-10::0.0
TRACE::2025-06-22.14:39:23::SCWPlatform::Trying to set the existing hwdb with name design_1_wrapper_0
TRACE::2025-06-22.14:39:23::SCWPlatform::Opened existing hwdb design_1_wrapper_0
TRACE::2025-06-22.14:39:23::SCWPlatform::Found the Hw Db part of the input DSA
TRACE::2025-06-22.14:39:23::SCWMssOS::Checking the sw design at  C:/Users/kumar/axi_adc_intr/workplace/intr_adc/ps7_cortexa9_0/standalone_domain/bsp/system.mss
TRACE::2025-06-22.14:39:23::SCWMssOS::DEBUG:  swdes dump  C:/Users/kumar/axi_adc_intr/workplace/intr_adc/ps7_cortexa9_0/standalone_domain/bsp/system.mss|system_0||
C:/Users/kumar/axi_adc_intr/workplace/intr_adc/zynq_fsbl/zynq_fsbl_bsp/system.mss|system||

TRACE::2025-06-22.14:39:23::SCWMssOS::Sw design exists and opened at  C:/Users/kumar/axi_adc_intr/workplace/intr_adc/ps7_cortexa9_0/standalone_domain/bsp/system.mss
TRACE::2025-06-22.14:39:23::SCWPlatform::Trying to open the hw design at C:/Users/kumar/axi_adc_intr/workplace/intr_adc/hw/design_1_wrapper.xsa
TRACE::2025-06-22.14:39:23::SCWPlatform::DSA given C:/Users/kumar/axi_adc_intr/workplace/intr_adc/hw/design_1_wrapper.xsa
TRACE::2025-06-22.14:39:23::SCWPlatform::DSA absoulate path C:/Users/kumar/axi_adc_intr/workplace/intr_adc/hw/design_1_wrapper.xsa
TRACE::2025-06-22.14:39:23::SCWPlatform::DSA directory C:/Users/kumar/axi_adc_intr/workplace/intr_adc/hw
TRACE::2025-06-22.14:39:23::SCWPlatform:: Platform Path C:/Users/kumar/axi_adc_intr/workplace/intr_adc/hw/design_1_wrapper.xsa
TRACE::2025-06-22.14:39:23::SCWPlatform:: Unique name xilinx:zybo-z7-10::0.0
TRACE::2025-06-22.14:39:23::SCWPlatform::Trying to set the existing hwdb with name design_1_wrapper_0
TRACE::2025-06-22.14:39:23::SCWPlatform::Opened existing hwdb design_1_wrapper_0
TRACE::2025-06-22.14:39:23::SCWPlatform::Found the Hw Db part of the input DSA
TRACE::2025-06-22.14:39:23::SCWMssOS::Checking the sw design at  C:/Users/kumar/axi_adc_intr/workplace/intr_adc/zynq_fsbl/zynq_fsbl_bsp/system.mss
TRACE::2025-06-22.14:39:23::SCWMssOS::DEBUG:  swdes dump  C:/Users/kumar/axi_adc_intr/workplace/intr_adc/ps7_cortexa9_0/standalone_domain/bsp/system.mss|system_0||
C:/Users/kumar/axi_adc_intr/workplace/intr_adc/zynq_fsbl/zynq_fsbl_bsp/system.mss|system||

TRACE::2025-06-22.14:39:23::SCWMssOS::Sw design exists and opened at  C:/Users/kumar/axi_adc_intr/workplace/intr_adc/zynq_fsbl/zynq_fsbl_bsp/system.mss
TRACE::2025-06-22.14:39:23::SCWPlatform::Trying to open the hw design at C:/Users/kumar/axi_adc_intr/workplace/intr_adc/hw/design_1_wrapper.xsa
TRACE::2025-06-22.14:39:23::SCWPlatform::DSA given C:/Users/kumar/axi_adc_intr/workplace/intr_adc/hw/design_1_wrapper.xsa
TRACE::2025-06-22.14:39:23::SCWPlatform::DSA absoulate path C:/Users/kumar/axi_adc_intr/workplace/intr_adc/hw/design_1_wrapper.xsa
TRACE::2025-06-22.14:39:23::SCWPlatform::DSA directory C:/Users/kumar/axi_adc_intr/workplace/intr_adc/hw
TRACE::2025-06-22.14:39:23::SCWPlatform:: Platform Path C:/Users/kumar/axi_adc_intr/workplace/intr_adc/hw/design_1_wrapper.xsa
TRACE::2025-06-22.14:39:23::SCWPlatform:: Unique name xilinx:zybo-z7-10::0.0
TRACE::2025-06-22.14:39:23::SCWPlatform::Trying to set the existing hwdb with name design_1_wrapper_0
TRACE::2025-06-22.14:39:23::SCWPlatform::Opened existing hwdb design_1_wrapper_0
TRACE::2025-06-22.14:39:23::SCWPlatform::Found the Hw Db part of the input DSA
TRACE::2025-06-22.14:39:23::SCWMssOS::Checking the sw design at  C:/Users/kumar/axi_adc_intr/workplace/intr_adc/zynq_fsbl/zynq_fsbl_bsp/system.mss
TRACE::2025-06-22.14:39:23::SCWMssOS::DEBUG:  swdes dump  C:/Users/kumar/axi_adc_intr/workplace/intr_adc/ps7_cortexa9_0/standalone_domain/bsp/system.mss|system_0||
C:/Users/kumar/axi_adc_intr/workplace/intr_adc/zynq_fsbl/zynq_fsbl_bsp/system.mss|system||

TRACE::2025-06-22.14:39:23::SCWMssOS::Sw design exists and opened at  C:/Users/kumar/axi_adc_intr/workplace/intr_adc/zynq_fsbl/zynq_fsbl_bsp/system.mss
TRACE::2025-06-22.14:39:23::SCWPlatform::Trying to open the hw design at C:/Users/kumar/axi_adc_intr/workplace/intr_adc/hw/design_1_wrapper.xsa
TRACE::2025-06-22.14:39:23::SCWPlatform::DSA given C:/Users/kumar/axi_adc_intr/workplace/intr_adc/hw/design_1_wrapper.xsa
TRACE::2025-06-22.14:39:23::SCWPlatform::DSA absoulate path C:/Users/kumar/axi_adc_intr/workplace/intr_adc/hw/design_1_wrapper.xsa
TRACE::2025-06-22.14:39:23::SCWPlatform::DSA directory C:/Users/kumar/axi_adc_intr/workplace/intr_adc/hw
TRACE::2025-06-22.14:39:23::SCWPlatform:: Platform Path C:/Users/kumar/axi_adc_intr/workplace/intr_adc/hw/design_1_wrapper.xsa
TRACE::2025-06-22.14:39:23::SCWPlatform:: Unique name xilinx:zybo-z7-10::0.0
TRACE::2025-06-22.14:39:23::SCWPlatform::Trying to set the existing hwdb with name design_1_wrapper_0
TRACE::2025-06-22.14:39:23::SCWPlatform::Opened existing hwdb design_1_wrapper_0
TRACE::2025-06-22.14:39:23::SCWPlatform::Found the Hw Db part of the input DSA
TRACE::2025-06-22.14:39:23::SCWMssOS::Checking the sw design at  C:/Users/kumar/axi_adc_intr/workplace/intr_adc/zynq_fsbl/zynq_fsbl_bsp/system.mss
TRACE::2025-06-22.14:39:23::SCWMssOS::DEBUG:  swdes dump  C:/Users/kumar/axi_adc_intr/workplace/intr_adc/ps7_cortexa9_0/standalone_domain/bsp/system.mss|system_0||
C:/Users/kumar/axi_adc_intr/workplace/intr_adc/zynq_fsbl/zynq_fsbl_bsp/system.mss|system||

TRACE::2025-06-22.14:39:23::SCWMssOS::Sw design exists and opened at  C:/Users/kumar/axi_adc_intr/workplace/intr_adc/zynq_fsbl/zynq_fsbl_bsp/system.mss
TRACE::2025-06-22.14:39:23::SCWPlatform::Trying to open the hw design at C:/Users/kumar/axi_adc_intr/workplace/intr_adc/hw/design_1_wrapper.xsa
TRACE::2025-06-22.14:39:23::SCWPlatform::DSA given C:/Users/kumar/axi_adc_intr/workplace/intr_adc/hw/design_1_wrapper.xsa
TRACE::2025-06-22.14:39:23::SCWPlatform::DSA absoulate path C:/Users/kumar/axi_adc_intr/workplace/intr_adc/hw/design_1_wrapper.xsa
TRACE::2025-06-22.14:39:23::SCWPlatform::DSA directory C:/Users/kumar/axi_adc_intr/workplace/intr_adc/hw
TRACE::2025-06-22.14:39:23::SCWPlatform:: Platform Path C:/Users/kumar/axi_adc_intr/workplace/intr_adc/hw/design_1_wrapper.xsa
TRACE::2025-06-22.14:39:23::SCWPlatform:: Unique name xilinx:zybo-z7-10::0.0
TRACE::2025-06-22.14:39:23::SCWPlatform::Trying to set the existing hwdb with name design_1_wrapper_0
TRACE::2025-06-22.14:39:23::SCWPlatform::Opened existing hwdb design_1_wrapper_0
TRACE::2025-06-22.14:39:23::SCWPlatform::Found the Hw Db part of the input DSA
TRACE::2025-06-22.14:39:23::SCWMssOS::Checking the sw design at  C:/Users/kumar/axi_adc_intr/workplace/intr_adc/ps7_cortexa9_0/standalone_domain/bsp/system.mss
TRACE::2025-06-22.14:39:23::SCWMssOS::DEBUG:  swdes dump  C:/Users/kumar/axi_adc_intr/workplace/intr_adc/ps7_cortexa9_0/standalone_domain/bsp/system.mss|system_0||
C:/Users/kumar/axi_adc_intr/workplace/intr_adc/zynq_fsbl/zynq_fsbl_bsp/system.mss|system||

TRACE::2025-06-22.14:39:23::SCWMssOS::Sw design exists and opened at  C:/Users/kumar/axi_adc_intr/workplace/intr_adc/ps7_cortexa9_0/standalone_domain/bsp/system.mss
TRACE::2025-06-22.14:39:23::SCWPlatform::Trying to open the hw design at C:/Users/kumar/axi_adc_intr/workplace/intr_adc/hw/design_1_wrapper.xsa
TRACE::2025-06-22.14:39:23::SCWPlatform::DSA given C:/Users/kumar/axi_adc_intr/workplace/intr_adc/hw/design_1_wrapper.xsa
TRACE::2025-06-22.14:39:23::SCWPlatform::DSA absoulate path C:/Users/kumar/axi_adc_intr/workplace/intr_adc/hw/design_1_wrapper.xsa
TRACE::2025-06-22.14:39:23::SCWPlatform::DSA directory C:/Users/kumar/axi_adc_intr/workplace/intr_adc/hw
TRACE::2025-06-22.14:39:23::SCWPlatform:: Platform Path C:/Users/kumar/axi_adc_intr/workplace/intr_adc/hw/design_1_wrapper.xsa
TRACE::2025-06-22.14:39:23::SCWPlatform:: Unique name xilinx:zybo-z7-10::0.0
TRACE::2025-06-22.14:39:23::SCWPlatform::Trying to set the existing hwdb with name design_1_wrapper_0
TRACE::2025-06-22.14:39:23::SCWPlatform::Opened existing hwdb design_1_wrapper_0
TRACE::2025-06-22.14:39:23::SCWPlatform::Found the Hw Db part of the input DSA
TRACE::2025-06-22.14:39:23::SCWMssOS::Checking the sw design at  C:/Users/kumar/axi_adc_intr/workplace/intr_adc/ps7_cortexa9_0/standalone_domain/bsp/system.mss
TRACE::2025-06-22.14:39:23::SCWMssOS::DEBUG:  swdes dump  C:/Users/kumar/axi_adc_intr/workplace/intr_adc/ps7_cortexa9_0/standalone_domain/bsp/system.mss|system_0||
C:/Users/kumar/axi_adc_intr/workplace/intr_adc/zynq_fsbl/zynq_fsbl_bsp/system.mss|system||

TRACE::2025-06-22.14:39:23::SCWMssOS::Sw design exists and opened at  C:/Users/kumar/axi_adc_intr/workplace/intr_adc/ps7_cortexa9_0/standalone_domain/bsp/system.mss
TRACE::2025-06-22.14:39:23::SCWPlatform::Trying to open the hw design at C:/Users/kumar/axi_adc_intr/workplace/intr_adc/hw/design_1_wrapper.xsa
TRACE::2025-06-22.14:39:23::SCWPlatform::DSA given C:/Users/kumar/axi_adc_intr/workplace/intr_adc/hw/design_1_wrapper.xsa
TRACE::2025-06-22.14:39:23::SCWPlatform::DSA absoulate path C:/Users/kumar/axi_adc_intr/workplace/intr_adc/hw/design_1_wrapper.xsa
TRACE::2025-06-22.14:39:23::SCWPlatform::DSA directory C:/Users/kumar/axi_adc_intr/workplace/intr_adc/hw
TRACE::2025-06-22.14:39:23::SCWPlatform:: Platform Path C:/Users/kumar/axi_adc_intr/workplace/intr_adc/hw/design_1_wrapper.xsa
TRACE::2025-06-22.14:39:23::SCWPlatform:: Unique name xilinx:zybo-z7-10::0.0
TRACE::2025-06-22.14:39:23::SCWPlatform::Trying to set the existing hwdb with name design_1_wrapper_0
TRACE::2025-06-22.14:39:23::SCWPlatform::Opened existing hwdb design_1_wrapper_0
TRACE::2025-06-22.14:39:23::SCWPlatform::Found the Hw Db part of the input DSA
TRACE::2025-06-22.14:39:23::SCWMssOS::Checking the sw design at  C:/Users/kumar/axi_adc_intr/workplace/intr_adc/ps7_cortexa9_0/standalone_domain/bsp/system.mss
TRACE::2025-06-22.14:39:23::SCWMssOS::DEBUG:  swdes dump  C:/Users/kumar/axi_adc_intr/workplace/intr_adc/ps7_cortexa9_0/standalone_domain/bsp/system.mss|system_0||
C:/Users/kumar/axi_adc_intr/workplace/intr_adc/zynq_fsbl/zynq_fsbl_bsp/system.mss|system||

TRACE::2025-06-22.14:39:23::SCWMssOS::Sw design exists and opened at  C:/Users/kumar/axi_adc_intr/workplace/intr_adc/ps7_cortexa9_0/standalone_domain/bsp/system.mss
TRACE::2025-06-22.14:39:23::SCWWriter::formatted JSON is {
	"platformName":	"intr_adc",
	"sprVersion":	"2.0",
	"mode":	"gui",
	"dsaType":	"Fixed",
	"platformDesc":	"intr_adc",
	"platHandOff":	"C:/Users/kumar/axi_adc_intr/design_1_wrapper.xsa",
	"platIntHandOff":	"<platformDir>/hw/design_1_wrapper.xsa",
	"deviceType":	"zynq",
	"platIsPrebuiltAutogen":	"false",
	"platIsNoBootBsp":	"false",
	"platFsblTarget":	"ps7_cortexa9_0",
	"hasFsblMakeHasChanges":	"false",
	"hasPmufwMakeHasChanges":	"false",
	"platPreBuiltFlag":	false,
	"platformSamplesDir":	"",
	"platActiveSys":	"intr_adc",
	"systems":	[{
			"systemName":	"intr_adc",
			"systemDesc":	"intr_adc",
			"sysIsBootAutoGen":	"true",
			"systemDispName":	"intr_adc",
			"sysActiveDom":	"standalone_domain",
			"sysDefaultDom":	"standalone_domain",
			"domains":	[{
					"domainName":	"zynq_fsbl",
					"domainDispName":	"zynq_fsbl",
					"domainDesc":	"FSBL Application BSP - Auto Generated.",
					"processors":	"ps7_cortexa9_0",
					"os":	"standalone",
					"sdxOs":	"standalone",
					"debugEnable":	"",
					"domRuntimes":	["cpp"],
					"swRepo":	"",
					"mssOsVer":	"7.1",
					"mssFile":	"",
					"md5Digest":	"3e00551ecff030b937dc2bac3686876f",
					"compatibleApp":	"zynq_fsbl",
					"domType":	"bootDomain",
					"appSettings":	{
						"appCompilerFlags":	"",
						"appLinkerFlags":	""
					},
					"addedLibs":	["xilffs:4.2", "xilrsa:1.5"],
					"libOptions":	{
						"libsContainingOptions":	[]
					},
					"prebuiltLibs":	{
						"prebuiltIncPath":	[],
						"prebuiltLibPath":	[]
					},
					"isolation":	{
					}
				}, {
					"domainName":	"standalone_domain",
					"domainDispName":	"standalone_domain",
					"domainDesc":	"standalone_domain",
					"processors":	"ps7_cortexa9_0",
					"os":	"standalone",
					"sdxOs":	"standalone",
					"qemuArgs":	"C:/Xilinx/Vivado_2019/Vitis/2019.2/data/emulation/platforms/zynq/qemu/qemu_args.txt",
					"qemuData":	"C:/Xilinx/Vivado_2019/Vitis/2019.2/data/emulation/platforms/zynq/qemu/",
					"debugEnable":	"False",
					"domRuntimes":	["cpp"],
					"swRepo":	"",
					"mssOsVer":	"7.1",
					"mssFile":	"",
					"md5Digest":	"d3e3a2f25322140df930dcbb3586be26",
					"compatibleApp":	"",
					"domType":	"mssDomain",
					"appSettings":	{
						"appCompilerFlags":	"",
						"appLinkerFlags":	""
					},
					"addedLibs":	[],
					"libOptions":	{
						"libsContainingOptions":	[]
					},
					"prebuiltLibs":	{
						"prebuiltIncPath":	[],
						"prebuiltLibPath":	[]
					},
					"isolation":	{
					}
				}]
		}]
}
TRACE::2025-06-22.14:39:23::SCWPlatform::Trying to open the hw design at C:/Users/kumar/axi_adc_intr/workplace/intr_adc/hw/design_1_wrapper.xsa
TRACE::2025-06-22.14:39:23::SCWPlatform::DSA given C:/Users/kumar/axi_adc_intr/workplace/intr_adc/hw/design_1_wrapper.xsa
TRACE::2025-06-22.14:39:23::SCWPlatform::DSA absoulate path C:/Users/kumar/axi_adc_intr/workplace/intr_adc/hw/design_1_wrapper.xsa
TRACE::2025-06-22.14:39:23::SCWPlatform::DSA directory C:/Users/kumar/axi_adc_intr/workplace/intr_adc/hw
TRACE::2025-06-22.14:39:23::SCWPlatform:: Platform Path C:/Users/kumar/axi_adc_intr/workplace/intr_adc/hw/design_1_wrapper.xsa
TRACE::2025-06-22.14:39:23::SCWPlatform:: Unique name xilinx:zybo-z7-10::0.0
TRACE::2025-06-22.14:39:23::SCWPlatform::Trying to set the existing hwdb with name design_1_wrapper_0
TRACE::2025-06-22.14:39:23::SCWPlatform::Opened existing hwdb design_1_wrapper_0
TRACE::2025-06-22.14:39:23::SCWPlatform::Found the Hw Db part of the input DSA
TRACE::2025-06-22.14:39:23::SCWMssOS::Checking the sw design at  C:/Users/kumar/axi_adc_intr/workplace/intr_adc/ps7_cortexa9_0/standalone_domain/bsp/system.mss
TRACE::2025-06-22.14:39:23::SCWMssOS::DEBUG:  swdes dump  C:/Users/kumar/axi_adc_intr/workplace/intr_adc/ps7_cortexa9_0/standalone_domain/bsp/system.mss|system_0||
C:/Users/kumar/axi_adc_intr/workplace/intr_adc/zynq_fsbl/zynq_fsbl_bsp/system.mss|system||

TRACE::2025-06-22.14:39:23::SCWMssOS::Sw design exists and opened at  C:/Users/kumar/axi_adc_intr/workplace/intr_adc/ps7_cortexa9_0/standalone_domain/bsp/system.mss
TRACE::2025-06-22.14:39:23::SCWPlatform::Trying to open the hw design at C:/Users/kumar/axi_adc_intr/workplace/intr_adc/hw/design_1_wrapper.xsa
TRACE::2025-06-22.14:39:23::SCWPlatform::DSA given C:/Users/kumar/axi_adc_intr/workplace/intr_adc/hw/design_1_wrapper.xsa
TRACE::2025-06-22.14:39:23::SCWPlatform::DSA absoulate path C:/Users/kumar/axi_adc_intr/workplace/intr_adc/hw/design_1_wrapper.xsa
TRACE::2025-06-22.14:39:23::SCWPlatform::DSA directory C:/Users/kumar/axi_adc_intr/workplace/intr_adc/hw
TRACE::2025-06-22.14:39:23::SCWPlatform:: Platform Path C:/Users/kumar/axi_adc_intr/workplace/intr_adc/hw/design_1_wrapper.xsa
TRACE::2025-06-22.14:39:23::SCWPlatform:: Unique name xilinx:zybo-z7-10::0.0
TRACE::2025-06-22.14:39:23::SCWPlatform::Trying to set the existing hwdb with name design_1_wrapper_0
TRACE::2025-06-22.14:39:23::SCWPlatform::Opened existing hwdb design_1_wrapper_0
TRACE::2025-06-22.14:39:23::SCWPlatform::Found the Hw Db part of the input DSA
TRACE::2025-06-22.14:39:23::SCWMssOS::Checking the sw design at  C:/Users/kumar/axi_adc_intr/workplace/intr_adc/ps7_cortexa9_0/standalone_domain/bsp/system.mss
TRACE::2025-06-22.14:39:23::SCWMssOS::DEBUG:  swdes dump  C:/Users/kumar/axi_adc_intr/workplace/intr_adc/ps7_cortexa9_0/standalone_domain/bsp/system.mss|system_0||
C:/Users/kumar/axi_adc_intr/workplace/intr_adc/zynq_fsbl/zynq_fsbl_bsp/system.mss|system||

TRACE::2025-06-22.14:39:23::SCWMssOS::Sw design exists and opened at  C:/Users/kumar/axi_adc_intr/workplace/intr_adc/ps7_cortexa9_0/standalone_domain/bsp/system.mss
TRACE::2025-06-22.14:39:23::SCWPlatform::Trying to open the hw design at C:/Users/kumar/axi_adc_intr/workplace/intr_adc/hw/design_1_wrapper.xsa
TRACE::2025-06-22.14:39:23::SCWPlatform::DSA given C:/Users/kumar/axi_adc_intr/workplace/intr_adc/hw/design_1_wrapper.xsa
TRACE::2025-06-22.14:39:23::SCWPlatform::DSA absoulate path C:/Users/kumar/axi_adc_intr/workplace/intr_adc/hw/design_1_wrapper.xsa
TRACE::2025-06-22.14:39:23::SCWPlatform::DSA directory C:/Users/kumar/axi_adc_intr/workplace/intr_adc/hw
TRACE::2025-06-22.14:39:23::SCWPlatform:: Platform Path C:/Users/kumar/axi_adc_intr/workplace/intr_adc/hw/design_1_wrapper.xsa
TRACE::2025-06-22.14:39:23::SCWPlatform:: Unique name xilinx:zybo-z7-10::0.0
TRACE::2025-06-22.14:39:23::SCWPlatform::Trying to set the existing hwdb with name design_1_wrapper_0
TRACE::2025-06-22.14:39:23::SCWPlatform::Opened existing hwdb design_1_wrapper_0
TRACE::2025-06-22.14:39:23::SCWPlatform::Found the Hw Db part of the input DSA
TRACE::2025-06-22.14:39:23::SCWMssOS::Checking the sw design at  C:/Users/kumar/axi_adc_intr/workplace/intr_adc/ps7_cortexa9_0/standalone_domain/bsp/system.mss
TRACE::2025-06-22.14:39:23::SCWMssOS::DEBUG:  swdes dump  C:/Users/kumar/axi_adc_intr/workplace/intr_adc/ps7_cortexa9_0/standalone_domain/bsp/system.mss|system_0||
C:/Users/kumar/axi_adc_intr/workplace/intr_adc/zynq_fsbl/zynq_fsbl_bsp/system.mss|system||

TRACE::2025-06-22.14:39:23::SCWMssOS::Sw design exists and opened at  C:/Users/kumar/axi_adc_intr/workplace/intr_adc/ps7_cortexa9_0/standalone_domain/bsp/system.mss
TRACE::2025-06-22.14:39:23::SCWPlatform::Trying to open the hw design at C:/Users/kumar/axi_adc_intr/workplace/intr_adc/hw/design_1_wrapper.xsa
TRACE::2025-06-22.14:39:23::SCWPlatform::DSA given C:/Users/kumar/axi_adc_intr/workplace/intr_adc/hw/design_1_wrapper.xsa
TRACE::2025-06-22.14:39:23::SCWPlatform::DSA absoulate path C:/Users/kumar/axi_adc_intr/workplace/intr_adc/hw/design_1_wrapper.xsa
TRACE::2025-06-22.14:39:23::SCWPlatform::DSA directory C:/Users/kumar/axi_adc_intr/workplace/intr_adc/hw
TRACE::2025-06-22.14:39:23::SCWPlatform:: Platform Path C:/Users/kumar/axi_adc_intr/workplace/intr_adc/hw/design_1_wrapper.xsa
TRACE::2025-06-22.14:39:23::SCWPlatform:: Unique name xilinx:zybo-z7-10::0.0
TRACE::2025-06-22.14:39:23::SCWPlatform::Trying to set the existing hwdb with name design_1_wrapper_0
TRACE::2025-06-22.14:39:23::SCWPlatform::Opened existing hwdb design_1_wrapper_0
TRACE::2025-06-22.14:39:23::SCWPlatform::Found the Hw Db part of the input DSA
TRACE::2025-06-22.14:39:23::SCWMssOS::Checking the sw design at  C:/Users/kumar/axi_adc_intr/workplace/intr_adc/zynq_fsbl/zynq_fsbl_bsp/system.mss
TRACE::2025-06-22.14:39:23::SCWMssOS::DEBUG:  swdes dump  C:/Users/kumar/axi_adc_intr/workplace/intr_adc/ps7_cortexa9_0/standalone_domain/bsp/system.mss|system_0||
C:/Users/kumar/axi_adc_intr/workplace/intr_adc/zynq_fsbl/zynq_fsbl_bsp/system.mss|system||

TRACE::2025-06-22.14:39:23::SCWMssOS::Sw design exists and opened at  C:/Users/kumar/axi_adc_intr/workplace/intr_adc/zynq_fsbl/zynq_fsbl_bsp/system.mss
TRACE::2025-06-22.14:39:23::SCWPlatform::Trying to open the hw design at C:/Users/kumar/axi_adc_intr/workplace/intr_adc/hw/design_1_wrapper.xsa
TRACE::2025-06-22.14:39:23::SCWPlatform::DSA given C:/Users/kumar/axi_adc_intr/workplace/intr_adc/hw/design_1_wrapper.xsa
TRACE::2025-06-22.14:39:23::SCWPlatform::DSA absoulate path C:/Users/kumar/axi_adc_intr/workplace/intr_adc/hw/design_1_wrapper.xsa
TRACE::2025-06-22.14:39:23::SCWPlatform::DSA directory C:/Users/kumar/axi_adc_intr/workplace/intr_adc/hw
TRACE::2025-06-22.14:39:23::SCWPlatform:: Platform Path C:/Users/kumar/axi_adc_intr/workplace/intr_adc/hw/design_1_wrapper.xsa
TRACE::2025-06-22.14:39:23::SCWPlatform:: Unique name xilinx:zybo-z7-10::0.0
TRACE::2025-06-22.14:39:23::SCWPlatform::Trying to set the existing hwdb with name design_1_wrapper_0
TRACE::2025-06-22.14:39:23::SCWPlatform::Opened existing hwdb design_1_wrapper_0
TRACE::2025-06-22.14:39:23::SCWPlatform::Found the Hw Db part of the input DSA
TRACE::2025-06-22.14:39:23::SCWMssOS::Checking the sw design at  C:/Users/kumar/axi_adc_intr/workplace/intr_adc/zynq_fsbl/zynq_fsbl_bsp/system.mss
TRACE::2025-06-22.14:39:23::SCWMssOS::DEBUG:  swdes dump  C:/Users/kumar/axi_adc_intr/workplace/intr_adc/ps7_cortexa9_0/standalone_domain/bsp/system.mss|system_0||
C:/Users/kumar/axi_adc_intr/workplace/intr_adc/zynq_fsbl/zynq_fsbl_bsp/system.mss|system||

TRACE::2025-06-22.14:39:23::SCWMssOS::Sw design exists and opened at  C:/Users/kumar/axi_adc_intr/workplace/intr_adc/zynq_fsbl/zynq_fsbl_bsp/system.mss
TRACE::2025-06-22.14:39:23::SCWPlatform::Trying to open the hw design at C:/Users/kumar/axi_adc_intr/workplace/intr_adc/hw/design_1_wrapper.xsa
TRACE::2025-06-22.14:39:23::SCWPlatform::DSA given C:/Users/kumar/axi_adc_intr/workplace/intr_adc/hw/design_1_wrapper.xsa
TRACE::2025-06-22.14:39:23::SCWPlatform::DSA absoulate path C:/Users/kumar/axi_adc_intr/workplace/intr_adc/hw/design_1_wrapper.xsa
TRACE::2025-06-22.14:39:23::SCWPlatform::DSA directory C:/Users/kumar/axi_adc_intr/workplace/intr_adc/hw
TRACE::2025-06-22.14:39:23::SCWPlatform:: Platform Path C:/Users/kumar/axi_adc_intr/workplace/intr_adc/hw/design_1_wrapper.xsa
TRACE::2025-06-22.14:39:23::SCWPlatform:: Unique name xilinx:zybo-z7-10::0.0
TRACE::2025-06-22.14:39:23::SCWPlatform::Trying to set the existing hwdb with name design_1_wrapper_0
TRACE::2025-06-22.14:39:23::SCWPlatform::Opened existing hwdb design_1_wrapper_0
TRACE::2025-06-22.14:39:23::SCWPlatform::Found the Hw Db part of the input DSA
TRACE::2025-06-22.14:39:23::SCWMssOS::Checking the sw design at  C:/Users/kumar/axi_adc_intr/workplace/intr_adc/zynq_fsbl/zynq_fsbl_bsp/system.mss
TRACE::2025-06-22.14:39:23::SCWMssOS::DEBUG:  swdes dump  C:/Users/kumar/axi_adc_intr/workplace/intr_adc/ps7_cortexa9_0/standalone_domain/bsp/system.mss|system_0||
C:/Users/kumar/axi_adc_intr/workplace/intr_adc/zynq_fsbl/zynq_fsbl_bsp/system.mss|system||

TRACE::2025-06-22.14:39:23::SCWMssOS::Sw design exists and opened at  C:/Users/kumar/axi_adc_intr/workplace/intr_adc/zynq_fsbl/zynq_fsbl_bsp/system.mss
TRACE::2025-06-22.14:39:23::SCWPlatform::Trying to open the hw design at C:/Users/kumar/axi_adc_intr/workplace/intr_adc/hw/design_1_wrapper.xsa
TRACE::2025-06-22.14:39:23::SCWPlatform::DSA given C:/Users/kumar/axi_adc_intr/workplace/intr_adc/hw/design_1_wrapper.xsa
TRACE::2025-06-22.14:39:23::SCWPlatform::DSA absoulate path C:/Users/kumar/axi_adc_intr/workplace/intr_adc/hw/design_1_wrapper.xsa
TRACE::2025-06-22.14:39:23::SCWPlatform::DSA directory C:/Users/kumar/axi_adc_intr/workplace/intr_adc/hw
TRACE::2025-06-22.14:39:23::SCWPlatform:: Platform Path C:/Users/kumar/axi_adc_intr/workplace/intr_adc/hw/design_1_wrapper.xsa
TRACE::2025-06-22.14:39:23::SCWPlatform:: Unique name xilinx:zybo-z7-10::0.0
TRACE::2025-06-22.14:39:23::SCWPlatform::Trying to set the existing hwdb with name design_1_wrapper_0
TRACE::2025-06-22.14:39:23::SCWPlatform::Opened existing hwdb design_1_wrapper_0
TRACE::2025-06-22.14:39:23::SCWPlatform::Found the Hw Db part of the input DSA
TRACE::2025-06-22.14:39:23::SCWMssOS::Checking the sw design at  C:/Users/kumar/axi_adc_intr/workplace/intr_adc/ps7_cortexa9_0/standalone_domain/bsp/system.mss
TRACE::2025-06-22.14:39:23::SCWMssOS::DEBUG:  swdes dump  C:/Users/kumar/axi_adc_intr/workplace/intr_adc/ps7_cortexa9_0/standalone_domain/bsp/system.mss|system_0||
C:/Users/kumar/axi_adc_intr/workplace/intr_adc/zynq_fsbl/zynq_fsbl_bsp/system.mss|system||

TRACE::2025-06-22.14:39:23::SCWMssOS::Sw design exists and opened at  C:/Users/kumar/axi_adc_intr/workplace/intr_adc/ps7_cortexa9_0/standalone_domain/bsp/system.mss
TRACE::2025-06-22.14:39:23::SCWPlatform::Trying to open the hw design at C:/Users/kumar/axi_adc_intr/workplace/intr_adc/hw/design_1_wrapper.xsa
TRACE::2025-06-22.14:39:23::SCWPlatform::DSA given C:/Users/kumar/axi_adc_intr/workplace/intr_adc/hw/design_1_wrapper.xsa
TRACE::2025-06-22.14:39:23::SCWPlatform::DSA absoulate path C:/Users/kumar/axi_adc_intr/workplace/intr_adc/hw/design_1_wrapper.xsa
TRACE::2025-06-22.14:39:23::SCWPlatform::DSA directory C:/Users/kumar/axi_adc_intr/workplace/intr_adc/hw
TRACE::2025-06-22.14:39:23::SCWPlatform:: Platform Path C:/Users/kumar/axi_adc_intr/workplace/intr_adc/hw/design_1_wrapper.xsa
TRACE::2025-06-22.14:39:23::SCWPlatform:: Unique name xilinx:zybo-z7-10::0.0
TRACE::2025-06-22.14:39:23::SCWPlatform::Trying to set the existing hwdb with name design_1_wrapper_0
TRACE::2025-06-22.14:39:23::SCWPlatform::Opened existing hwdb design_1_wrapper_0
TRACE::2025-06-22.14:39:23::SCWPlatform::Found the Hw Db part of the input DSA
TRACE::2025-06-22.14:39:23::SCWMssOS::Checking the sw design at  C:/Users/kumar/axi_adc_intr/workplace/intr_adc/ps7_cortexa9_0/standalone_domain/bsp/system.mss
TRACE::2025-06-22.14:39:23::SCWMssOS::DEBUG:  swdes dump  C:/Users/kumar/axi_adc_intr/workplace/intr_adc/ps7_cortexa9_0/standalone_domain/bsp/system.mss|system_0||
C:/Users/kumar/axi_adc_intr/workplace/intr_adc/zynq_fsbl/zynq_fsbl_bsp/system.mss|system||

TRACE::2025-06-22.14:39:23::SCWMssOS::Sw design exists and opened at  C:/Users/kumar/axi_adc_intr/workplace/intr_adc/ps7_cortexa9_0/standalone_domain/bsp/system.mss
TRACE::2025-06-22.14:39:23::SCWPlatform::Trying to open the hw design at C:/Users/kumar/axi_adc_intr/workplace/intr_adc/hw/design_1_wrapper.xsa
TRACE::2025-06-22.14:39:23::SCWPlatform::DSA given C:/Users/kumar/axi_adc_intr/workplace/intr_adc/hw/design_1_wrapper.xsa
TRACE::2025-06-22.14:39:23::SCWPlatform::DSA absoulate path C:/Users/kumar/axi_adc_intr/workplace/intr_adc/hw/design_1_wrapper.xsa
TRACE::2025-06-22.14:39:23::SCWPlatform::DSA directory C:/Users/kumar/axi_adc_intr/workplace/intr_adc/hw
TRACE::2025-06-22.14:39:23::SCWPlatform:: Platform Path C:/Users/kumar/axi_adc_intr/workplace/intr_adc/hw/design_1_wrapper.xsa
TRACE::2025-06-22.14:39:23::SCWPlatform:: Unique name xilinx:zybo-z7-10::0.0
TRACE::2025-06-22.14:39:23::SCWPlatform::Trying to set the existing hwdb with name design_1_wrapper_0
TRACE::2025-06-22.14:39:23::SCWPlatform::Opened existing hwdb design_1_wrapper_0
TRACE::2025-06-22.14:39:23::SCWPlatform::Found the Hw Db part of the input DSA
TRACE::2025-06-22.14:39:23::SCWMssOS::Checking the sw design at  C:/Users/kumar/axi_adc_intr/workplace/intr_adc/ps7_cortexa9_0/standalone_domain/bsp/system.mss
TRACE::2025-06-22.14:39:23::SCWMssOS::DEBUG:  swdes dump  C:/Users/kumar/axi_adc_intr/workplace/intr_adc/ps7_cortexa9_0/standalone_domain/bsp/system.mss|system_0||
C:/Users/kumar/axi_adc_intr/workplace/intr_adc/zynq_fsbl/zynq_fsbl_bsp/system.mss|system||

TRACE::2025-06-22.14:39:23::SCWMssOS::Sw design exists and opened at  C:/Users/kumar/axi_adc_intr/workplace/intr_adc/ps7_cortexa9_0/standalone_domain/bsp/system.mss
TRACE::2025-06-22.14:39:23::SCWWriter::formatted JSON is {
	"platformName":	"intr_adc",
	"sprVersion":	"2.0",
	"mode":	"gui",
	"dsaType":	"Fixed",
	"platformDesc":	"intr_adc",
	"platHandOff":	"C:/Users/kumar/axi_adc_intr/design_1_wrapper.xsa",
	"platIntHandOff":	"<platformDir>/hw/design_1_wrapper.xsa",
	"deviceType":	"zynq",
	"platIsPrebuiltAutogen":	"false",
	"platIsNoBootBsp":	"false",
	"platFsblTarget":	"ps7_cortexa9_0",
	"hasFsblMakeHasChanges":	"false",
	"hasPmufwMakeHasChanges":	"false",
	"platPreBuiltFlag":	false,
	"platformSamplesDir":	"",
	"platActiveSys":	"intr_adc",
	"systems":	[{
			"systemName":	"intr_adc",
			"systemDesc":	"intr_adc",
			"sysIsBootAutoGen":	"true",
			"systemDispName":	"intr_adc",
			"sysActiveDom":	"standalone_domain",
			"sysDefaultDom":	"standalone_domain",
			"domains":	[{
					"domainName":	"zynq_fsbl",
					"domainDispName":	"zynq_fsbl",
					"domainDesc":	"FSBL Application BSP - Auto Generated.",
					"processors":	"ps7_cortexa9_0",
					"os":	"standalone",
					"sdxOs":	"standalone",
					"debugEnable":	"",
					"domRuntimes":	["cpp"],
					"swRepo":	"",
					"mssOsVer":	"7.1",
					"mssFile":	"",
					"md5Digest":	"3e00551ecff030b937dc2bac3686876f",
					"compatibleApp":	"zynq_fsbl",
					"domType":	"bootDomain",
					"appSettings":	{
						"appCompilerFlags":	"",
						"appLinkerFlags":	""
					},
					"addedLibs":	["xilffs:4.2", "xilrsa:1.5"],
					"libOptions":	{
						"libsContainingOptions":	[]
					},
					"prebuiltLibs":	{
						"prebuiltIncPath":	[],
						"prebuiltLibPath":	[]
					},
					"isolation":	{
					}
				}, {
					"domainName":	"standalone_domain",
					"domainDispName":	"standalone on ps7_cortexa9_0",
					"domainDesc":	"standalone_domain",
					"processors":	"ps7_cortexa9_0",
					"os":	"standalone",
					"sdxOs":	"standalone",
					"qemuArgs":	"C:/Xilinx/Vivado_2019/Vitis/2019.2/data/emulation/platforms/zynq/qemu/qemu_args.txt",
					"qemuData":	"C:/Xilinx/Vivado_2019/Vitis/2019.2/data/emulation/platforms/zynq/qemu/",
					"debugEnable":	"False",
					"domRuntimes":	["cpp"],
					"swRepo":	"",
					"mssOsVer":	"7.1",
					"mssFile":	"",
					"md5Digest":	"d3e3a2f25322140df930dcbb3586be26",
					"compatibleApp":	"",
					"domType":	"mssDomain",
					"appSettings":	{
						"appCompilerFlags":	"",
						"appLinkerFlags":	""
					},
					"addedLibs":	[],
					"libOptions":	{
						"libsContainingOptions":	[]
					},
					"prebuiltLibs":	{
						"prebuiltIncPath":	[],
						"prebuiltLibPath":	[]
					},
					"isolation":	{
					}
				}]
		}]
}
TRACE::2025-06-22.14:39:23::SCWPlatform::Trying to open the hw design at C:/Users/kumar/axi_adc_intr/workplace/intr_adc/hw/design_1_wrapper.xsa
TRACE::2025-06-22.14:39:23::SCWPlatform::DSA given C:/Users/kumar/axi_adc_intr/workplace/intr_adc/hw/design_1_wrapper.xsa
TRACE::2025-06-22.14:39:23::SCWPlatform::DSA absoulate path C:/Users/kumar/axi_adc_intr/workplace/intr_adc/hw/design_1_wrapper.xsa
TRACE::2025-06-22.14:39:23::SCWPlatform::DSA directory C:/Users/kumar/axi_adc_intr/workplace/intr_adc/hw
TRACE::2025-06-22.14:39:23::SCWPlatform:: Platform Path C:/Users/kumar/axi_adc_intr/workplace/intr_adc/hw/design_1_wrapper.xsa
TRACE::2025-06-22.14:39:23::SCWPlatform:: Unique name xilinx:zybo-z7-10::0.0
TRACE::2025-06-22.14:39:23::SCWPlatform::Trying to set the existing hwdb with name design_1_wrapper_0
TRACE::2025-06-22.14:39:23::SCWPlatform::Opened existing hwdb design_1_wrapper_0
TRACE::2025-06-22.14:39:23::SCWPlatform::Found the Hw Db part of the input DSA
TRACE::2025-06-22.14:39:23::SCWMssOS::Checking the sw design at  C:/Users/kumar/axi_adc_intr/workplace/intr_adc/zynq_fsbl/zynq_fsbl_bsp/system.mss
TRACE::2025-06-22.14:39:23::SCWMssOS::DEBUG:  swdes dump  C:/Users/kumar/axi_adc_intr/workplace/intr_adc/ps7_cortexa9_0/standalone_domain/bsp/system.mss|system_0||
C:/Users/kumar/axi_adc_intr/workplace/intr_adc/zynq_fsbl/zynq_fsbl_bsp/system.mss|system||

TRACE::2025-06-22.14:39:23::SCWMssOS::Sw design exists and opened at  C:/Users/kumar/axi_adc_intr/workplace/intr_adc/zynq_fsbl/zynq_fsbl_bsp/system.mss
TRACE::2025-06-22.14:39:23::SCWPlatform::Trying to open the hw design at C:/Users/kumar/axi_adc_intr/workplace/intr_adc/hw/design_1_wrapper.xsa
TRACE::2025-06-22.14:39:23::SCWPlatform::DSA given C:/Users/kumar/axi_adc_intr/workplace/intr_adc/hw/design_1_wrapper.xsa
TRACE::2025-06-22.14:39:23::SCWPlatform::DSA absoulate path C:/Users/kumar/axi_adc_intr/workplace/intr_adc/hw/design_1_wrapper.xsa
TRACE::2025-06-22.14:39:23::SCWPlatform::DSA directory C:/Users/kumar/axi_adc_intr/workplace/intr_adc/hw
TRACE::2025-06-22.14:39:23::SCWPlatform:: Platform Path C:/Users/kumar/axi_adc_intr/workplace/intr_adc/hw/design_1_wrapper.xsa
TRACE::2025-06-22.14:39:23::SCWPlatform:: Unique name xilinx:zybo-z7-10::0.0
TRACE::2025-06-22.14:39:23::SCWPlatform::Trying to set the existing hwdb with name design_1_wrapper_0
TRACE::2025-06-22.14:39:23::SCWPlatform::Opened existing hwdb design_1_wrapper_0
TRACE::2025-06-22.14:39:23::SCWPlatform::Found the Hw Db part of the input DSA
TRACE::2025-06-22.14:39:23::SCWMssOS::Checking the sw design at  C:/Users/kumar/axi_adc_intr/workplace/intr_adc/zynq_fsbl/zynq_fsbl_bsp/system.mss
TRACE::2025-06-22.14:39:23::SCWMssOS::DEBUG:  swdes dump  C:/Users/kumar/axi_adc_intr/workplace/intr_adc/ps7_cortexa9_0/standalone_domain/bsp/system.mss|system_0||
C:/Users/kumar/axi_adc_intr/workplace/intr_adc/zynq_fsbl/zynq_fsbl_bsp/system.mss|system||

TRACE::2025-06-22.14:39:23::SCWMssOS::Sw design exists and opened at  C:/Users/kumar/axi_adc_intr/workplace/intr_adc/zynq_fsbl/zynq_fsbl_bsp/system.mss
TRACE::2025-06-22.14:39:23::SCWPlatform::Trying to open the hw design at C:/Users/kumar/axi_adc_intr/workplace/intr_adc/hw/design_1_wrapper.xsa
TRACE::2025-06-22.14:39:23::SCWPlatform::DSA given C:/Users/kumar/axi_adc_intr/workplace/intr_adc/hw/design_1_wrapper.xsa
TRACE::2025-06-22.14:39:23::SCWPlatform::DSA absoulate path C:/Users/kumar/axi_adc_intr/workplace/intr_adc/hw/design_1_wrapper.xsa
TRACE::2025-06-22.14:39:23::SCWPlatform::DSA directory C:/Users/kumar/axi_adc_intr/workplace/intr_adc/hw
TRACE::2025-06-22.14:39:23::SCWPlatform:: Platform Path C:/Users/kumar/axi_adc_intr/workplace/intr_adc/hw/design_1_wrapper.xsa
TRACE::2025-06-22.14:39:23::SCWPlatform:: Unique name xilinx:zybo-z7-10::0.0
TRACE::2025-06-22.14:39:23::SCWPlatform::Trying to set the existing hwdb with name design_1_wrapper_0
TRACE::2025-06-22.14:39:23::SCWPlatform::Opened existing hwdb design_1_wrapper_0
TRACE::2025-06-22.14:39:23::SCWPlatform::Found the Hw Db part of the input DSA
TRACE::2025-06-22.14:39:23::SCWMssOS::Checking the sw design at  C:/Users/kumar/axi_adc_intr/workplace/intr_adc/zynq_fsbl/zynq_fsbl_bsp/system.mss
TRACE::2025-06-22.14:39:23::SCWMssOS::DEBUG:  swdes dump  C:/Users/kumar/axi_adc_intr/workplace/intr_adc/ps7_cortexa9_0/standalone_domain/bsp/system.mss|system_0||
C:/Users/kumar/axi_adc_intr/workplace/intr_adc/zynq_fsbl/zynq_fsbl_bsp/system.mss|system||

TRACE::2025-06-22.14:39:23::SCWMssOS::Sw design exists and opened at  C:/Users/kumar/axi_adc_intr/workplace/intr_adc/zynq_fsbl/zynq_fsbl_bsp/system.mss
TRACE::2025-06-22.14:39:23::SCWPlatform::Trying to open the hw design at C:/Users/kumar/axi_adc_intr/workplace/intr_adc/hw/design_1_wrapper.xsa
TRACE::2025-06-22.14:39:23::SCWPlatform::DSA given C:/Users/kumar/axi_adc_intr/workplace/intr_adc/hw/design_1_wrapper.xsa
TRACE::2025-06-22.14:39:23::SCWPlatform::DSA absoulate path C:/Users/kumar/axi_adc_intr/workplace/intr_adc/hw/design_1_wrapper.xsa
TRACE::2025-06-22.14:39:23::SCWPlatform::DSA directory C:/Users/kumar/axi_adc_intr/workplace/intr_adc/hw
TRACE::2025-06-22.14:39:23::SCWPlatform:: Platform Path C:/Users/kumar/axi_adc_intr/workplace/intr_adc/hw/design_1_wrapper.xsa
TRACE::2025-06-22.14:39:23::SCWPlatform:: Unique name xilinx:zybo-z7-10::0.0
TRACE::2025-06-22.14:39:23::SCWPlatform::Trying to set the existing hwdb with name design_1_wrapper_0
TRACE::2025-06-22.14:39:23::SCWPlatform::Opened existing hwdb design_1_wrapper_0
TRACE::2025-06-22.14:39:23::SCWPlatform::Found the Hw Db part of the input DSA
TRACE::2025-06-22.14:39:23::SCWMssOS::Checking the sw design at  C:/Users/kumar/axi_adc_intr/workplace/intr_adc/ps7_cortexa9_0/standalone_domain/bsp/system.mss
TRACE::2025-06-22.14:39:23::SCWMssOS::DEBUG:  swdes dump  C:/Users/kumar/axi_adc_intr/workplace/intr_adc/ps7_cortexa9_0/standalone_domain/bsp/system.mss|system_0||
C:/Users/kumar/axi_adc_intr/workplace/intr_adc/zynq_fsbl/zynq_fsbl_bsp/system.mss|system||

TRACE::2025-06-22.14:39:23::SCWMssOS::Sw design exists and opened at  C:/Users/kumar/axi_adc_intr/workplace/intr_adc/ps7_cortexa9_0/standalone_domain/bsp/system.mss
TRACE::2025-06-22.14:39:23::SCWPlatform::Trying to open the hw design at C:/Users/kumar/axi_adc_intr/workplace/intr_adc/hw/design_1_wrapper.xsa
TRACE::2025-06-22.14:39:23::SCWPlatform::DSA given C:/Users/kumar/axi_adc_intr/workplace/intr_adc/hw/design_1_wrapper.xsa
TRACE::2025-06-22.14:39:23::SCWPlatform::DSA absoulate path C:/Users/kumar/axi_adc_intr/workplace/intr_adc/hw/design_1_wrapper.xsa
TRACE::2025-06-22.14:39:23::SCWPlatform::DSA directory C:/Users/kumar/axi_adc_intr/workplace/intr_adc/hw
TRACE::2025-06-22.14:39:23::SCWPlatform:: Platform Path C:/Users/kumar/axi_adc_intr/workplace/intr_adc/hw/design_1_wrapper.xsa
TRACE::2025-06-22.14:39:23::SCWPlatform:: Unique name xilinx:zybo-z7-10::0.0
TRACE::2025-06-22.14:39:23::SCWPlatform::Trying to set the existing hwdb with name design_1_wrapper_0
TRACE::2025-06-22.14:39:23::SCWPlatform::Opened existing hwdb design_1_wrapper_0
TRACE::2025-06-22.14:39:23::SCWPlatform::Found the Hw Db part of the input DSA
TRACE::2025-06-22.14:39:23::SCWMssOS::Checking the sw design at  C:/Users/kumar/axi_adc_intr/workplace/intr_adc/ps7_cortexa9_0/standalone_domain/bsp/system.mss
TRACE::2025-06-22.14:39:23::SCWMssOS::DEBUG:  swdes dump  C:/Users/kumar/axi_adc_intr/workplace/intr_adc/ps7_cortexa9_0/standalone_domain/bsp/system.mss|system_0||
C:/Users/kumar/axi_adc_intr/workplace/intr_adc/zynq_fsbl/zynq_fsbl_bsp/system.mss|system||

TRACE::2025-06-22.14:39:23::SCWMssOS::Sw design exists and opened at  C:/Users/kumar/axi_adc_intr/workplace/intr_adc/ps7_cortexa9_0/standalone_domain/bsp/system.mss
TRACE::2025-06-22.14:39:23::SCWPlatform::Trying to open the hw design at C:/Users/kumar/axi_adc_intr/workplace/intr_adc/hw/design_1_wrapper.xsa
TRACE::2025-06-22.14:39:23::SCWPlatform::DSA given C:/Users/kumar/axi_adc_intr/workplace/intr_adc/hw/design_1_wrapper.xsa
TRACE::2025-06-22.14:39:23::SCWPlatform::DSA absoulate path C:/Users/kumar/axi_adc_intr/workplace/intr_adc/hw/design_1_wrapper.xsa
TRACE::2025-06-22.14:39:23::SCWPlatform::DSA directory C:/Users/kumar/axi_adc_intr/workplace/intr_adc/hw
TRACE::2025-06-22.14:39:23::SCWPlatform:: Platform Path C:/Users/kumar/axi_adc_intr/workplace/intr_adc/hw/design_1_wrapper.xsa
TRACE::2025-06-22.14:39:23::SCWPlatform:: Unique name xilinx:zybo-z7-10::0.0
TRACE::2025-06-22.14:39:23::SCWPlatform::Trying to set the existing hwdb with name design_1_wrapper_0
TRACE::2025-06-22.14:39:23::SCWPlatform::Opened existing hwdb design_1_wrapper_0
TRACE::2025-06-22.14:39:23::SCWPlatform::Found the Hw Db part of the input DSA
TRACE::2025-06-22.14:39:23::SCWMssOS::Checking the sw design at  C:/Users/kumar/axi_adc_intr/workplace/intr_adc/ps7_cortexa9_0/standalone_domain/bsp/system.mss
TRACE::2025-06-22.14:39:23::SCWMssOS::DEBUG:  swdes dump  C:/Users/kumar/axi_adc_intr/workplace/intr_adc/ps7_cortexa9_0/standalone_domain/bsp/system.mss|system_0||
C:/Users/kumar/axi_adc_intr/workplace/intr_adc/zynq_fsbl/zynq_fsbl_bsp/system.mss|system||

TRACE::2025-06-22.14:39:23::SCWMssOS::Sw design exists and opened at  C:/Users/kumar/axi_adc_intr/workplace/intr_adc/ps7_cortexa9_0/standalone_domain/bsp/system.mss
TRACE::2025-06-22.14:39:23::SCWWriter::formatted JSON is {
	"platformName":	"intr_adc",
	"sprVersion":	"2.0",
	"mode":	"gui",
	"dsaType":	"Fixed",
	"platformDesc":	"intr_adc",
	"platHandOff":	"C:/Users/kumar/axi_adc_intr/design_1_wrapper.xsa",
	"platIntHandOff":	"<platformDir>/hw/design_1_wrapper.xsa",
	"deviceType":	"zynq",
	"platIsPrebuiltAutogen":	"false",
	"platIsNoBootBsp":	"false",
	"platFsblTarget":	"ps7_cortexa9_0",
	"hasFsblMakeHasChanges":	"false",
	"hasPmufwMakeHasChanges":	"false",
	"platPreBuiltFlag":	false,
	"platformSamplesDir":	"",
	"platActiveSys":	"intr_adc",
	"systems":	[{
			"systemName":	"intr_adc",
			"systemDesc":	"intr_adc",
			"sysIsBootAutoGen":	"true",
			"systemDispName":	"intr_adc",
			"sysActiveDom":	"standalone_domain",
			"sysDefaultDom":	"standalone_domain",
			"domains":	[{
					"domainName":	"zynq_fsbl",
					"domainDispName":	"zynq_fsbl",
					"domainDesc":	"FSBL Application BSP - Auto Generated.",
					"processors":	"ps7_cortexa9_0",
					"os":	"standalone",
					"sdxOs":	"standalone",
					"debugEnable":	"",
					"domRuntimes":	["cpp"],
					"swRepo":	"",
					"mssOsVer":	"7.1",
					"mssFile":	"",
					"md5Digest":	"3e00551ecff030b937dc2bac3686876f",
					"compatibleApp":	"zynq_fsbl",
					"domType":	"bootDomain",
					"appSettings":	{
						"appCompilerFlags":	"",
						"appLinkerFlags":	""
					},
					"addedLibs":	["xilffs:4.2", "xilrsa:1.5"],
					"libOptions":	{
						"libsContainingOptions":	[]
					},
					"prebuiltLibs":	{
						"prebuiltIncPath":	[],
						"prebuiltLibPath":	[]
					},
					"isolation":	{
					}
				}, {
					"domainName":	"standalone_domain",
					"domainDispName":	"standalone on ps7_cortexa9_0",
					"domainDesc":	"standalone_domain",
					"processors":	"ps7_cortexa9_0",
					"os":	"standalone",
					"sdxOs":	"standalone",
					"qemuArgs":	"C:/Xilinx/Vivado_2019/Vitis/2019.2/data/emulation/platforms/zynq/qemu/qemu_args.txt",
					"qemuData":	"C:/Xilinx/Vivado_2019/Vitis/2019.2/data/emulation/platforms/zynq/qemu/",
					"debugEnable":	"False",
					"domRuntimes":	["cpp"],
					"swRepo":	"",
					"mssOsVer":	"7.1",
					"mssFile":	"",
					"md5Digest":	"d3e3a2f25322140df930dcbb3586be26",
					"compatibleApp":	"",
					"domType":	"mssDomain",
					"appSettings":	{
						"appCompilerFlags":	"",
						"appLinkerFlags":	""
					},
					"addedLibs":	[],
					"libOptions":	{
						"libsContainingOptions":	[]
					},
					"prebuiltLibs":	{
						"prebuiltIncPath":	[],
						"prebuiltLibPath":	[]
					},
					"isolation":	{
					}
				}]
		}]
}
TRACE::2025-06-22.14:39:23::SCWPlatform::Clearing the existing platform
TRACE::2025-06-22.14:39:23::SCWSystem::Clearing the existing sysconfig
TRACE::2025-06-22.14:39:23::SCWBDomain::clearing the fsbl build
TRACE::2025-06-22.14:39:23::SCWMssOS::Removing the swdes entry for  C:/Users/kumar/axi_adc_intr/workplace/intr_adc/zynq_fsbl/zynq_fsbl_bsp/system.mss
TRACE::2025-06-22.14:39:23::SCWMssOS::Removing the swdes entry for  C:/Users/kumar/axi_adc_intr/workplace/intr_adc/ps7_cortexa9_0/standalone_domain/bsp/system.mss
TRACE::2025-06-22.14:39:23::SCWSystem::Clearing the domains completed.
TRACE::2025-06-22.14:39:23::SCWPlatform::Clearing the opened hw db.
TRACE::2025-06-22.14:39:23::SCWPlatform::DSA given C:/Users/kumar/axi_adc_intr/workplace/intr_adc/hw/design_1_wrapper.xsa
TRACE::2025-06-22.14:39:23::SCWPlatform::DSA absoulate path C:/Users/kumar/axi_adc_intr/workplace/intr_adc/hw/design_1_wrapper.xsa
TRACE::2025-06-22.14:39:23::SCWPlatform:: Platform location is C:/Users/kumar/axi_adc_intr/workplace/intr_adc/hw
TRACE::2025-06-22.14:39:23::SCWPlatform:: Platform Path C:/Users/kumar/axi_adc_intr/workplace/intr_adc/hw/design_1_wrapper.xsa
TRACE::2025-06-22.14:39:23::SCWPlatform:: Unique name xilinx:zybo-z7-10::0.0
TRACE::2025-06-22.14:39:23::SCWPlatform::Removing the HwDB with name C:/Users/kumar/axi_adc_intr/workplace/intr_adc/hw/design_1_wrapper.xsa
TRACE::2025-06-22.14:39:23::SCWPlatform::Trying to open the hw design at C:/Users/kumar/axi_adc_intr/workplace/intr_adc/hw/design_1_wrapper.xsa
TRACE::2025-06-22.14:39:23::SCWPlatform::DSA given C:/Users/kumar/axi_adc_intr/workplace/intr_adc/hw/design_1_wrapper.xsa
TRACE::2025-06-22.14:39:23::SCWPlatform::DSA absoulate path C:/Users/kumar/axi_adc_intr/workplace/intr_adc/hw/design_1_wrapper.xsa
TRACE::2025-06-22.14:39:23::SCWPlatform::DSA directory C:/Users/kumar/axi_adc_intr/workplace/intr_adc/hw
TRACE::2025-06-22.14:39:23::SCWPlatform:: Platform Path C:/Users/kumar/axi_adc_intr/workplace/intr_adc/hw/design_1_wrapper.xsa
TRACE::2025-06-22.14:39:23::SCWPlatform:: Unique name xilinx:zybo-z7-10::0.0
TRACE::2025-06-22.14:39:23::SCWPlatform::Do not have an existing db opened. 
TRACE::2025-06-22.14:39:24::SCWPlatform::Opened new HwDB with name design_1_wrapper_1
TRACE::2025-06-22.14:39:24::SCWReader::Active system found as  intr_adc
TRACE::2025-06-22.14:39:24::SCWReader::Handling sysconfig intr_adc
TRACE::2025-06-22.14:39:24::SCWDomain::checking for install qemu data   : 
TRACE::2025-06-22.14:39:24::SCWDomain:: Using the QEMU Data from install at  : C:/Xilinx/Vivado_2019/Vitis/2019.2/data/emulation/platforms/zynq/qemu/
TRACE::2025-06-22.14:39:24::SCWDomain:: Using the QEMU args  from install at  : C:/Xilinx/Vivado_2019/Vitis/2019.2/data/emulation/platforms/zynq/qemu/qemu_args.txt
TRACE::2025-06-22.14:39:24::SCWPlatform::Trying to open the hw design at C:/Users/kumar/axi_adc_intr/workplace/intr_adc/hw/design_1_wrapper.xsa
TRACE::2025-06-22.14:39:24::SCWPlatform::DSA given C:/Users/kumar/axi_adc_intr/workplace/intr_adc/hw/design_1_wrapper.xsa
TRACE::2025-06-22.14:39:24::SCWPlatform::DSA absoulate path C:/Users/kumar/axi_adc_intr/workplace/intr_adc/hw/design_1_wrapper.xsa
TRACE::2025-06-22.14:39:24::SCWPlatform::DSA directory C:/Users/kumar/axi_adc_intr/workplace/intr_adc/hw
TRACE::2025-06-22.14:39:24::SCWPlatform:: Platform Path C:/Users/kumar/axi_adc_intr/workplace/intr_adc/hw/design_1_wrapper.xsa
TRACE::2025-06-22.14:39:24::SCWPlatform:: Unique name xilinx:zybo-z7-10::0.0
TRACE::2025-06-22.14:39:24::SCWPlatform::Trying to set the existing hwdb with name design_1_wrapper_1
TRACE::2025-06-22.14:39:24::SCWPlatform::Opened existing hwdb design_1_wrapper_1
TRACE::2025-06-22.14:39:24::SCWPlatform::Found the Hw Db part of the input DSA
TRACE::2025-06-22.14:39:24::SCWPlatform::Trying to open the hw design at C:/Users/kumar/axi_adc_intr/workplace/intr_adc/hw/design_1_wrapper.xsa
TRACE::2025-06-22.14:39:24::SCWPlatform::DSA given C:/Users/kumar/axi_adc_intr/workplace/intr_adc/hw/design_1_wrapper.xsa
TRACE::2025-06-22.14:39:24::SCWPlatform::DSA absoulate path C:/Users/kumar/axi_adc_intr/workplace/intr_adc/hw/design_1_wrapper.xsa
TRACE::2025-06-22.14:39:24::SCWPlatform::DSA directory C:/Users/kumar/axi_adc_intr/workplace/intr_adc/hw
TRACE::2025-06-22.14:39:24::SCWPlatform:: Platform Path C:/Users/kumar/axi_adc_intr/workplace/intr_adc/hw/design_1_wrapper.xsa
TRACE::2025-06-22.14:39:24::SCWPlatform:: Unique name xilinx:zybo-z7-10::0.0
TRACE::2025-06-22.14:39:24::SCWPlatform::Trying to set the existing hwdb with name design_1_wrapper_1
TRACE::2025-06-22.14:39:24::SCWPlatform::Opened existing hwdb design_1_wrapper_1
TRACE::2025-06-22.14:39:24::SCWPlatform::Found the Hw Db part of the input DSA
TRACE::2025-06-22.14:39:24::SCWReader::Boot application domain added for zynq_fsbl
TRACE::2025-06-22.14:39:24::SCWPlatform::Trying to open the hw design at C:/Users/kumar/axi_adc_intr/workplace/intr_adc/hw/design_1_wrapper.xsa
TRACE::2025-06-22.14:39:24::SCWPlatform::DSA given C:/Users/kumar/axi_adc_intr/workplace/intr_adc/hw/design_1_wrapper.xsa
TRACE::2025-06-22.14:39:24::SCWPlatform::DSA absoulate path C:/Users/kumar/axi_adc_intr/workplace/intr_adc/hw/design_1_wrapper.xsa
TRACE::2025-06-22.14:39:24::SCWPlatform::DSA directory C:/Users/kumar/axi_adc_intr/workplace/intr_adc/hw
TRACE::2025-06-22.14:39:24::SCWPlatform:: Platform Path C:/Users/kumar/axi_adc_intr/workplace/intr_adc/hw/design_1_wrapper.xsa
TRACE::2025-06-22.14:39:24::SCWPlatform:: Unique name xilinx:zybo-z7-10::0.0
TRACE::2025-06-22.14:39:24::SCWPlatform::Trying to set the existing hwdb with name design_1_wrapper_1
TRACE::2025-06-22.14:39:24::SCWPlatform::Opened existing hwdb design_1_wrapper_1
TRACE::2025-06-22.14:39:24::SCWPlatform::Found the Hw Db part of the input DSA
TRACE::2025-06-22.14:39:24::SCWMssOS::Checking the sw design at  C:/Users/kumar/axi_adc_intr/workplace/intr_adc/zynq_fsbl/zynq_fsbl_bsp/system.mss
TRACE::2025-06-22.14:39:24::SCWMssOS::DEBUG:  swdes dump  
TRACE::2025-06-22.14:39:24::SCWMssOS::No sw design opened at  C:/Users/kumar/axi_adc_intr/workplace/intr_adc/zynq_fsbl/zynq_fsbl_bsp/system.mss
TRACE::2025-06-22.14:39:24::SCWMssOS::mss exists loading the mss file  C:/Users/kumar/axi_adc_intr/workplace/intr_adc/zynq_fsbl/zynq_fsbl_bsp/system.mss
TRACE::2025-06-22.14:39:24::SCWMssOS::Opened the sw design from mss  C:/Users/kumar/axi_adc_intr/workplace/intr_adc/zynq_fsbl/zynq_fsbl_bsp/system.mss
TRACE::2025-06-22.14:39:24::SCWMssOS::Adding the swdes entry C:/Users/kumar/axi_adc_intr/workplace/intr_adc/zynq_fsbl/zynq_fsbl_bsp/system.mss with des name system
TRACE::2025-06-22.14:39:24::SCWMssOS::updating the scw layer about changes
TRACE::2025-06-22.14:39:24::SCWMssOS::Opened the sw design.  C:/Users/kumar/axi_adc_intr/workplace/intr_adc/zynq_fsbl/zynq_fsbl_bsp/system.mss
TRACE::2025-06-22.14:39:24::SCWPlatform::Trying to open the hw design at C:/Users/kumar/axi_adc_intr/workplace/intr_adc/hw/design_1_wrapper.xsa
TRACE::2025-06-22.14:39:24::SCWPlatform::DSA given C:/Users/kumar/axi_adc_intr/workplace/intr_adc/hw/design_1_wrapper.xsa
TRACE::2025-06-22.14:39:24::SCWPlatform::DSA absoulate path C:/Users/kumar/axi_adc_intr/workplace/intr_adc/hw/design_1_wrapper.xsa
TRACE::2025-06-22.14:39:24::SCWPlatform::DSA directory C:/Users/kumar/axi_adc_intr/workplace/intr_adc/hw
TRACE::2025-06-22.14:39:24::SCWPlatform:: Platform Path C:/Users/kumar/axi_adc_intr/workplace/intr_adc/hw/design_1_wrapper.xsa
TRACE::2025-06-22.14:39:24::SCWPlatform:: Unique name xilinx:zybo-z7-10::0.0
TRACE::2025-06-22.14:39:24::SCWPlatform::Trying to set the existing hwdb with name design_1_wrapper_1
TRACE::2025-06-22.14:39:24::SCWPlatform::Opened existing hwdb design_1_wrapper_1
TRACE::2025-06-22.14:39:24::SCWPlatform::Found the Hw Db part of the input DSA
TRACE::2025-06-22.14:39:24::SCWMssOS::Checking the sw design at  C:/Users/kumar/axi_adc_intr/workplace/intr_adc/zynq_fsbl/zynq_fsbl_bsp/system.mss
TRACE::2025-06-22.14:39:24::SCWMssOS::DEBUG:  swdes dump  C:/Users/kumar/axi_adc_intr/workplace/intr_adc/zynq_fsbl/zynq_fsbl_bsp/system.mss|system||

TRACE::2025-06-22.14:39:24::SCWMssOS::Sw design exists and opened at  C:/Users/kumar/axi_adc_intr/workplace/intr_adc/zynq_fsbl/zynq_fsbl_bsp/system.mss
TRACE::2025-06-22.14:39:24::SCWMssOS:: library already available in sw design:  xilffs:4.2
TRACE::2025-06-22.14:39:24::SCWPlatform::Trying to open the hw design at C:/Users/kumar/axi_adc_intr/workplace/intr_adc/hw/design_1_wrapper.xsa
TRACE::2025-06-22.14:39:24::SCWPlatform::DSA given C:/Users/kumar/axi_adc_intr/workplace/intr_adc/hw/design_1_wrapper.xsa
TRACE::2025-06-22.14:39:24::SCWPlatform::DSA absoulate path C:/Users/kumar/axi_adc_intr/workplace/intr_adc/hw/design_1_wrapper.xsa
TRACE::2025-06-22.14:39:24::SCWPlatform::DSA directory C:/Users/kumar/axi_adc_intr/workplace/intr_adc/hw
TRACE::2025-06-22.14:39:24::SCWPlatform:: Platform Path C:/Users/kumar/axi_adc_intr/workplace/intr_adc/hw/design_1_wrapper.xsa
TRACE::2025-06-22.14:39:24::SCWPlatform:: Unique name xilinx:zybo-z7-10::0.0
TRACE::2025-06-22.14:39:24::SCWPlatform::Trying to set the existing hwdb with name design_1_wrapper_1
TRACE::2025-06-22.14:39:24::SCWPlatform::Opened existing hwdb design_1_wrapper_1
TRACE::2025-06-22.14:39:24::SCWPlatform::Found the Hw Db part of the input DSA
TRACE::2025-06-22.14:39:24::SCWMssOS::Checking the sw design at  C:/Users/kumar/axi_adc_intr/workplace/intr_adc/zynq_fsbl/zynq_fsbl_bsp/system.mss
TRACE::2025-06-22.14:39:24::SCWMssOS::DEBUG:  swdes dump  C:/Users/kumar/axi_adc_intr/workplace/intr_adc/zynq_fsbl/zynq_fsbl_bsp/system.mss|system||

TRACE::2025-06-22.14:39:24::SCWMssOS::Sw design exists and opened at  C:/Users/kumar/axi_adc_intr/workplace/intr_adc/zynq_fsbl/zynq_fsbl_bsp/system.mss
TRACE::2025-06-22.14:39:24::SCWMssOS:: library already available in sw design:  xilrsa:1.5
TRACE::2025-06-22.14:39:24::SCWReader::Adding prebuilt librarypaths as   
TRACE::2025-06-22.14:39:24::SCWReader::Adding prebuilt incpaths  as   
TRACE::2025-06-22.14:39:24::SCWPlatform::Trying to open the hw design at C:/Users/kumar/axi_adc_intr/workplace/intr_adc/hw/design_1_wrapper.xsa
TRACE::2025-06-22.14:39:24::SCWPlatform::DSA given C:/Users/kumar/axi_adc_intr/workplace/intr_adc/hw/design_1_wrapper.xsa
TRACE::2025-06-22.14:39:24::SCWPlatform::DSA absoulate path C:/Users/kumar/axi_adc_intr/workplace/intr_adc/hw/design_1_wrapper.xsa
TRACE::2025-06-22.14:39:24::SCWPlatform::DSA directory C:/Users/kumar/axi_adc_intr/workplace/intr_adc/hw
TRACE::2025-06-22.14:39:24::SCWPlatform:: Platform Path C:/Users/kumar/axi_adc_intr/workplace/intr_adc/hw/design_1_wrapper.xsa
TRACE::2025-06-22.14:39:24::SCWPlatform:: Unique name xilinx:zybo-z7-10::0.0
TRACE::2025-06-22.14:39:24::SCWPlatform::Trying to set the existing hwdb with name design_1_wrapper_1
TRACE::2025-06-22.14:39:24::SCWPlatform::Opened existing hwdb design_1_wrapper_1
TRACE::2025-06-22.14:39:24::SCWPlatform::Found the Hw Db part of the input DSA
TRACE::2025-06-22.14:39:24::SCWMssOS::Checking the sw design at  C:/Users/kumar/axi_adc_intr/workplace/intr_adc/zynq_fsbl/zynq_fsbl_bsp/system.mss
TRACE::2025-06-22.14:39:24::SCWMssOS::DEBUG:  swdes dump  C:/Users/kumar/axi_adc_intr/workplace/intr_adc/zynq_fsbl/zynq_fsbl_bsp/system.mss|system||

TRACE::2025-06-22.14:39:24::SCWMssOS::Sw design exists and opened at  C:/Users/kumar/axi_adc_intr/workplace/intr_adc/zynq_fsbl/zynq_fsbl_bsp/system.mss
TRACE::2025-06-22.14:39:24::SCWReader::No isolation master present  
TRACE::2025-06-22.14:39:24::SCWDomain::checking for install qemu data   : 
TRACE::2025-06-22.14:39:24::SCWDomain:: Using the QEMU Data from install at  : C:/Xilinx/Vivado_2019/Vitis/2019.2/data/emulation/platforms/zynq/qemu/
TRACE::2025-06-22.14:39:24::SCWDomain:: Using the QEMU args  from install at  : C:/Xilinx/Vivado_2019/Vitis/2019.2/data/emulation/platforms/zynq/qemu/qemu_args.txt
TRACE::2025-06-22.14:39:24::SCWPlatform::Trying to open the hw design at C:/Users/kumar/axi_adc_intr/workplace/intr_adc/hw/design_1_wrapper.xsa
TRACE::2025-06-22.14:39:24::SCWPlatform::DSA given C:/Users/kumar/axi_adc_intr/workplace/intr_adc/hw/design_1_wrapper.xsa
TRACE::2025-06-22.14:39:24::SCWPlatform::DSA absoulate path C:/Users/kumar/axi_adc_intr/workplace/intr_adc/hw/design_1_wrapper.xsa
TRACE::2025-06-22.14:39:24::SCWPlatform::DSA directory C:/Users/kumar/axi_adc_intr/workplace/intr_adc/hw
TRACE::2025-06-22.14:39:24::SCWPlatform:: Platform Path C:/Users/kumar/axi_adc_intr/workplace/intr_adc/hw/design_1_wrapper.xsa
TRACE::2025-06-22.14:39:24::SCWPlatform:: Unique name xilinx:zybo-z7-10::0.0
TRACE::2025-06-22.14:39:24::SCWPlatform::Trying to set the existing hwdb with name design_1_wrapper_1
TRACE::2025-06-22.14:39:24::SCWPlatform::Opened existing hwdb design_1_wrapper_1
TRACE::2025-06-22.14:39:24::SCWPlatform::Found the Hw Db part of the input DSA
TRACE::2025-06-22.14:39:24::SCWPlatform::Trying to open the hw design at C:/Users/kumar/axi_adc_intr/workplace/intr_adc/hw/design_1_wrapper.xsa
TRACE::2025-06-22.14:39:24::SCWPlatform::DSA given C:/Users/kumar/axi_adc_intr/workplace/intr_adc/hw/design_1_wrapper.xsa
TRACE::2025-06-22.14:39:24::SCWPlatform::DSA absoulate path C:/Users/kumar/axi_adc_intr/workplace/intr_adc/hw/design_1_wrapper.xsa
TRACE::2025-06-22.14:39:24::SCWPlatform::DSA directory C:/Users/kumar/axi_adc_intr/workplace/intr_adc/hw
TRACE::2025-06-22.14:39:24::SCWPlatform:: Platform Path C:/Users/kumar/axi_adc_intr/workplace/intr_adc/hw/design_1_wrapper.xsa
TRACE::2025-06-22.14:39:24::SCWPlatform:: Unique name xilinx:zybo-z7-10::0.0
TRACE::2025-06-22.14:39:24::SCWPlatform::Trying to set the existing hwdb with name design_1_wrapper_1
TRACE::2025-06-22.14:39:24::SCWPlatform::Opened existing hwdb design_1_wrapper_1
TRACE::2025-06-22.14:39:24::SCWPlatform::Found the Hw Db part of the input DSA
TRACE::2025-06-22.14:39:24::SCWMssOS::Checking the sw design at  C:/Users/kumar/axi_adc_intr/workplace/intr_adc/ps7_cortexa9_0/standalone_domain/bsp/system.mss
TRACE::2025-06-22.14:39:24::SCWMssOS::DEBUG:  swdes dump  C:/Users/kumar/axi_adc_intr/workplace/intr_adc/zynq_fsbl/zynq_fsbl_bsp/system.mss|system||

TRACE::2025-06-22.14:39:24::SCWMssOS::No sw design opened at  C:/Users/kumar/axi_adc_intr/workplace/intr_adc/ps7_cortexa9_0/standalone_domain/bsp/system.mss
TRACE::2025-06-22.14:39:24::SCWMssOS::mss exists loading the mss file  C:/Users/kumar/axi_adc_intr/workplace/intr_adc/ps7_cortexa9_0/standalone_domain/bsp/system.mss
TRACE::2025-06-22.14:39:24::SCWMssOS::Opened the sw design from mss  C:/Users/kumar/axi_adc_intr/workplace/intr_adc/ps7_cortexa9_0/standalone_domain/bsp/system.mss
TRACE::2025-06-22.14:39:24::SCWMssOS::Adding the swdes entry C:/Users/kumar/axi_adc_intr/workplace/intr_adc/ps7_cortexa9_0/standalone_domain/bsp/system.mss with des name system_0
TRACE::2025-06-22.14:39:24::SCWMssOS::updating the scw layer about changes
TRACE::2025-06-22.14:39:24::SCWMssOS::Opened the sw design.  C:/Users/kumar/axi_adc_intr/workplace/intr_adc/ps7_cortexa9_0/standalone_domain/bsp/system.mss
TRACE::2025-06-22.14:39:24::SCWReader::Adding prebuilt librarypaths as   
TRACE::2025-06-22.14:39:24::SCWReader::Adding prebuilt incpaths  as   
TRACE::2025-06-22.14:39:24::SCWPlatform::Trying to open the hw design at C:/Users/kumar/axi_adc_intr/workplace/intr_adc/hw/design_1_wrapper.xsa
TRACE::2025-06-22.14:39:24::SCWPlatform::DSA given C:/Users/kumar/axi_adc_intr/workplace/intr_adc/hw/design_1_wrapper.xsa
TRACE::2025-06-22.14:39:24::SCWPlatform::DSA absoulate path C:/Users/kumar/axi_adc_intr/workplace/intr_adc/hw/design_1_wrapper.xsa
TRACE::2025-06-22.14:39:24::SCWPlatform::DSA directory C:/Users/kumar/axi_adc_intr/workplace/intr_adc/hw
TRACE::2025-06-22.14:39:24::SCWPlatform:: Platform Path C:/Users/kumar/axi_adc_intr/workplace/intr_adc/hw/design_1_wrapper.xsa
TRACE::2025-06-22.14:39:24::SCWPlatform:: Unique name xilinx:zybo-z7-10::0.0
TRACE::2025-06-22.14:39:24::SCWPlatform::Trying to set the existing hwdb with name design_1_wrapper_1
TRACE::2025-06-22.14:39:24::SCWPlatform::Opened existing hwdb design_1_wrapper_1
TRACE::2025-06-22.14:39:24::SCWPlatform::Found the Hw Db part of the input DSA
TRACE::2025-06-22.14:39:24::SCWMssOS::Checking the sw design at  C:/Users/kumar/axi_adc_intr/workplace/intr_adc/ps7_cortexa9_0/standalone_domain/bsp/system.mss
TRACE::2025-06-22.14:39:24::SCWMssOS::DEBUG:  swdes dump  C:/Users/kumar/axi_adc_intr/workplace/intr_adc/ps7_cortexa9_0/standalone_domain/bsp/system.mss|system_0||
C:/Users/kumar/axi_adc_intr/workplace/intr_adc/zynq_fsbl/zynq_fsbl_bsp/system.mss|system||

TRACE::2025-06-22.14:39:24::SCWMssOS::Sw design exists and opened at  C:/Users/kumar/axi_adc_intr/workplace/intr_adc/ps7_cortexa9_0/standalone_domain/bsp/system.mss
TRACE::2025-06-22.14:39:24::SCWReader::No isolation master present  
TRACE::2025-06-22.14:39:24::SCWPlatform::Trying to open the hw design at C:/Users/kumar/axi_adc_intr/workplace/intr_adc/hw/design_1_wrapper.xsa
TRACE::2025-06-22.14:39:24::SCWPlatform::DSA given C:/Users/kumar/axi_adc_intr/workplace/intr_adc/hw/design_1_wrapper.xsa
TRACE::2025-06-22.14:39:24::SCWPlatform::DSA absoulate path C:/Users/kumar/axi_adc_intr/workplace/intr_adc/hw/design_1_wrapper.xsa
TRACE::2025-06-22.14:39:24::SCWPlatform::DSA directory C:/Users/kumar/axi_adc_intr/workplace/intr_adc/hw
TRACE::2025-06-22.14:39:24::SCWPlatform:: Platform Path C:/Users/kumar/axi_adc_intr/workplace/intr_adc/hw/design_1_wrapper.xsa
TRACE::2025-06-22.14:39:24::SCWPlatform:: Unique name xilinx:zybo-z7-10::0.0
TRACE::2025-06-22.14:39:24::SCWPlatform::Trying to set the existing hwdb with name design_1_wrapper_1
TRACE::2025-06-22.14:39:24::SCWPlatform::Opened existing hwdb design_1_wrapper_1
TRACE::2025-06-22.14:39:24::SCWPlatform::Found the Hw Db part of the input DSA
TRACE::2025-06-22.14:39:24::SCWMssOS::Checking the sw design at  C:/Users/kumar/axi_adc_intr/workplace/intr_adc/zynq_fsbl/zynq_fsbl_bsp/system.mss
TRACE::2025-06-22.14:39:24::SCWMssOS::DEBUG:  swdes dump  C:/Users/kumar/axi_adc_intr/workplace/intr_adc/ps7_cortexa9_0/standalone_domain/bsp/system.mss|system_0||
C:/Users/kumar/axi_adc_intr/workplace/intr_adc/zynq_fsbl/zynq_fsbl_bsp/system.mss|system||

TRACE::2025-06-22.14:39:24::SCWMssOS::Sw design exists and opened at  C:/Users/kumar/axi_adc_intr/workplace/intr_adc/zynq_fsbl/zynq_fsbl_bsp/system.mss
TRACE::2025-06-22.14:39:24::SCWPlatform::Trying to open the hw design at C:/Users/kumar/axi_adc_intr/workplace/intr_adc/hw/design_1_wrapper.xsa
TRACE::2025-06-22.14:39:24::SCWPlatform::DSA given C:/Users/kumar/axi_adc_intr/workplace/intr_adc/hw/design_1_wrapper.xsa
TRACE::2025-06-22.14:39:24::SCWPlatform::DSA absoulate path C:/Users/kumar/axi_adc_intr/workplace/intr_adc/hw/design_1_wrapper.xsa
TRACE::2025-06-22.14:39:24::SCWPlatform::DSA directory C:/Users/kumar/axi_adc_intr/workplace/intr_adc/hw
TRACE::2025-06-22.14:39:24::SCWPlatform:: Platform Path C:/Users/kumar/axi_adc_intr/workplace/intr_adc/hw/design_1_wrapper.xsa
TRACE::2025-06-22.14:39:24::SCWPlatform:: Unique name xilinx:zybo-z7-10::0.0
TRACE::2025-06-22.14:39:24::SCWPlatform::Trying to set the existing hwdb with name design_1_wrapper_1
TRACE::2025-06-22.14:39:24::SCWPlatform::Opened existing hwdb design_1_wrapper_1
TRACE::2025-06-22.14:39:24::SCWPlatform::Found the Hw Db part of the input DSA
TRACE::2025-06-22.14:39:24::SCWMssOS::Checking the sw design at  C:/Users/kumar/axi_adc_intr/workplace/intr_adc/ps7_cortexa9_0/standalone_domain/bsp/system.mss
TRACE::2025-06-22.14:39:24::SCWMssOS::DEBUG:  swdes dump  C:/Users/kumar/axi_adc_intr/workplace/intr_adc/ps7_cortexa9_0/standalone_domain/bsp/system.mss|system_0||
C:/Users/kumar/axi_adc_intr/workplace/intr_adc/zynq_fsbl/zynq_fsbl_bsp/system.mss|system||

TRACE::2025-06-22.14:39:24::SCWMssOS::Sw design exists and opened at  C:/Users/kumar/axi_adc_intr/workplace/intr_adc/ps7_cortexa9_0/standalone_domain/bsp/system.mss
TRACE::2025-06-22.14:39:24::SCWMssOS::In reload Mss file.
TRACE::2025-06-22.14:39:24::SCWPlatform::Trying to open the hw design at C:/Users/kumar/axi_adc_intr/workplace/intr_adc/hw/design_1_wrapper.xsa
TRACE::2025-06-22.14:39:24::SCWPlatform::DSA given C:/Users/kumar/axi_adc_intr/workplace/intr_adc/hw/design_1_wrapper.xsa
TRACE::2025-06-22.14:39:24::SCWPlatform::DSA absoulate path C:/Users/kumar/axi_adc_intr/workplace/intr_adc/hw/design_1_wrapper.xsa
TRACE::2025-06-22.14:39:24::SCWPlatform::DSA directory C:/Users/kumar/axi_adc_intr/workplace/intr_adc/hw
TRACE::2025-06-22.14:39:24::SCWPlatform:: Platform Path C:/Users/kumar/axi_adc_intr/workplace/intr_adc/hw/design_1_wrapper.xsa
TRACE::2025-06-22.14:39:24::SCWPlatform:: Unique name xilinx:zybo-z7-10::0.0
TRACE::2025-06-22.14:39:24::SCWPlatform::Trying to set the existing hwdb with name design_1_wrapper_1
TRACE::2025-06-22.14:39:24::SCWPlatform::Opened existing hwdb design_1_wrapper_1
TRACE::2025-06-22.14:39:24::SCWPlatform::Found the Hw Db part of the input DSA
TRACE::2025-06-22.14:39:24::SCWMssOS::Checking the sw design at  C:/Users/kumar/axi_adc_intr/workplace/intr_adc/ps7_cortexa9_0/standalone_domain/bsp/system.mss
TRACE::2025-06-22.14:39:24::SCWMssOS::DEBUG:  swdes dump  C:/Users/kumar/axi_adc_intr/workplace/intr_adc/ps7_cortexa9_0/standalone_domain/bsp/system.mss|system_0||
C:/Users/kumar/axi_adc_intr/workplace/intr_adc/zynq_fsbl/zynq_fsbl_bsp/system.mss|system||

KEYINFO::2025-06-22.14:39:24::SCWMssOS::Could not open the swdb for system_0
KEYINFO::2025-06-22.14:39:24::SCWMssOS::Could not open the sw design at  system_0
ERROR: [Hsi 55-1558] Software Design system_0 is not found

TRACE::2025-06-22.14:39:24::SCWMssOS::Cleared the swdb table entry
TRACE::2025-06-22.14:39:24::SCWMssOS::No sw design opened at  C:/Users/kumar/axi_adc_intr/workplace/intr_adc/ps7_cortexa9_0/standalone_domain/bsp/system.mss
TRACE::2025-06-22.14:39:24::SCWMssOS::mss exists loading the mss file  C:/Users/kumar/axi_adc_intr/workplace/intr_adc/ps7_cortexa9_0/standalone_domain/bsp/system.mss
TRACE::2025-06-22.14:39:24::SCWMssOS::Opened the sw design from mss  C:/Users/kumar/axi_adc_intr/workplace/intr_adc/ps7_cortexa9_0/standalone_domain/bsp/system.mss
TRACE::2025-06-22.14:39:24::SCWMssOS::Adding the swdes entry C:/Users/kumar/axi_adc_intr/workplace/intr_adc/ps7_cortexa9_0/standalone_domain/bsp/system.mss with des name system_0
TRACE::2025-06-22.14:39:24::SCWMssOS::updating the scw layer about changes
TRACE::2025-06-22.14:39:24::SCWMssOS::Opened the sw design.  C:/Users/kumar/axi_adc_intr/workplace/intr_adc/ps7_cortexa9_0/standalone_domain/bsp/system.mss
TRACE::2025-06-22.14:39:24::SCWPlatform::Trying to open the hw design at C:/Users/kumar/axi_adc_intr/workplace/intr_adc/hw/design_1_wrapper.xsa
TRACE::2025-06-22.14:39:24::SCWPlatform::DSA given C:/Users/kumar/axi_adc_intr/workplace/intr_adc/hw/design_1_wrapper.xsa
TRACE::2025-06-22.14:39:24::SCWPlatform::DSA absoulate path C:/Users/kumar/axi_adc_intr/workplace/intr_adc/hw/design_1_wrapper.xsa
TRACE::2025-06-22.14:39:24::SCWPlatform::DSA directory C:/Users/kumar/axi_adc_intr/workplace/intr_adc/hw
TRACE::2025-06-22.14:39:24::SCWPlatform:: Platform Path C:/Users/kumar/axi_adc_intr/workplace/intr_adc/hw/design_1_wrapper.xsa
TRACE::2025-06-22.14:39:24::SCWPlatform:: Unique name xilinx:zybo-z7-10::0.0
TRACE::2025-06-22.14:39:24::SCWPlatform::Trying to set the existing hwdb with name design_1_wrapper_1
TRACE::2025-06-22.14:39:24::SCWPlatform::Opened existing hwdb design_1_wrapper_1
TRACE::2025-06-22.14:39:24::SCWPlatform::Found the Hw Db part of the input DSA
TRACE::2025-06-22.14:39:24::SCWMssOS::Checking the sw design at  C:/Users/kumar/axi_adc_intr/workplace/intr_adc/ps7_cortexa9_0/standalone_domain/bsp/system.mss
TRACE::2025-06-22.14:39:24::SCWMssOS::DEBUG:  swdes dump  C:/Users/kumar/axi_adc_intr/workplace/intr_adc/ps7_cortexa9_0/standalone_domain/bsp/system.mss|system_0||
C:/Users/kumar/axi_adc_intr/workplace/intr_adc/zynq_fsbl/zynq_fsbl_bsp/system.mss|system||

TRACE::2025-06-22.14:39:24::SCWMssOS::Sw design exists and opened at  C:/Users/kumar/axi_adc_intr/workplace/intr_adc/ps7_cortexa9_0/standalone_domain/bsp/system.mss
TRACE::2025-06-22.14:39:24::SCWMssOS::Removing the swdes entry for  C:/Users/kumar/axi_adc_intr/workplace/intr_adc/ps7_cortexa9_0/standalone_domain/bsp/system.mss
TRACE::2025-06-22.14:39:24::SCWMssOS::In reload Mss file.
TRACE::2025-06-22.14:39:24::SCWPlatform::Trying to open the hw design at C:/Users/kumar/axi_adc_intr/workplace/intr_adc/hw/design_1_wrapper.xsa
TRACE::2025-06-22.14:39:24::SCWPlatform::DSA given C:/Users/kumar/axi_adc_intr/workplace/intr_adc/hw/design_1_wrapper.xsa
TRACE::2025-06-22.14:39:24::SCWPlatform::DSA absoulate path C:/Users/kumar/axi_adc_intr/workplace/intr_adc/hw/design_1_wrapper.xsa
TRACE::2025-06-22.14:39:24::SCWPlatform::DSA directory C:/Users/kumar/axi_adc_intr/workplace/intr_adc/hw
TRACE::2025-06-22.14:39:24::SCWPlatform:: Platform Path C:/Users/kumar/axi_adc_intr/workplace/intr_adc/hw/design_1_wrapper.xsa
TRACE::2025-06-22.14:39:24::SCWPlatform:: Unique name xilinx:zybo-z7-10::0.0
TRACE::2025-06-22.14:39:24::SCWPlatform::Trying to set the existing hwdb with name design_1_wrapper_1
TRACE::2025-06-22.14:39:24::SCWPlatform::Opened existing hwdb design_1_wrapper_1
TRACE::2025-06-22.14:39:24::SCWPlatform::Found the Hw Db part of the input DSA
TRACE::2025-06-22.14:39:24::SCWMssOS::Checking the sw design at  C:/Users/kumar/axi_adc_intr/workplace/intr_adc/ps7_cortexa9_0/standalone_domain/bsp/system.mss
TRACE::2025-06-22.14:39:24::SCWMssOS::DEBUG:  swdes dump  C:/Users/kumar/axi_adc_intr/workplace/intr_adc/zynq_fsbl/zynq_fsbl_bsp/system.mss|system||

TRACE::2025-06-22.14:39:24::SCWMssOS::No sw design opened at  C:/Users/kumar/axi_adc_intr/workplace/intr_adc/ps7_cortexa9_0/standalone_domain/bsp/system.mss
TRACE::2025-06-22.14:39:24::SCWMssOS::mss exists loading the mss file  C:/Users/kumar/axi_adc_intr/workplace/intr_adc/ps7_cortexa9_0/standalone_domain/bsp/system.mss
TRACE::2025-06-22.14:39:24::SCWMssOS::Opened the sw design from mss  C:/Users/kumar/axi_adc_intr/workplace/intr_adc/ps7_cortexa9_0/standalone_domain/bsp/system.mss
TRACE::2025-06-22.14:39:24::SCWMssOS::Adding the swdes entry C:/Users/kumar/axi_adc_intr/workplace/intr_adc/ps7_cortexa9_0/standalone_domain/bsp/system.mss with des name system_0
TRACE::2025-06-22.14:39:24::SCWMssOS::updating the scw layer about changes
TRACE::2025-06-22.14:39:25::SCWMssOS::Opened the sw design.  C:/Users/kumar/axi_adc_intr/workplace/intr_adc/ps7_cortexa9_0/standalone_domain/bsp/system.mss
TRACE::2025-06-22.14:39:25::SCWPlatform::Trying to open the hw design at C:/Users/kumar/axi_adc_intr/workplace/intr_adc/hw/design_1_wrapper.xsa
TRACE::2025-06-22.14:39:25::SCWPlatform::DSA given C:/Users/kumar/axi_adc_intr/workplace/intr_adc/hw/design_1_wrapper.xsa
TRACE::2025-06-22.14:39:25::SCWPlatform::DSA absoulate path C:/Users/kumar/axi_adc_intr/workplace/intr_adc/hw/design_1_wrapper.xsa
TRACE::2025-06-22.14:39:25::SCWPlatform::DSA directory C:/Users/kumar/axi_adc_intr/workplace/intr_adc/hw
TRACE::2025-06-22.14:39:25::SCWPlatform:: Platform Path C:/Users/kumar/axi_adc_intr/workplace/intr_adc/hw/design_1_wrapper.xsa
TRACE::2025-06-22.14:39:25::SCWPlatform:: Unique name xilinx:zybo-z7-10::0.0
TRACE::2025-06-22.14:39:25::SCWPlatform::Trying to set the existing hwdb with name design_1_wrapper_1
TRACE::2025-06-22.14:39:25::SCWPlatform::Opened existing hwdb design_1_wrapper_1
TRACE::2025-06-22.14:39:25::SCWPlatform::Found the Hw Db part of the input DSA
TRACE::2025-06-22.14:39:25::SCWMssOS::Checking the sw design at  C:/Users/kumar/axi_adc_intr/workplace/intr_adc/ps7_cortexa9_0/standalone_domain/bsp/system.mss
TRACE::2025-06-22.14:39:25::SCWMssOS::DEBUG:  swdes dump  C:/Users/kumar/axi_adc_intr/workplace/intr_adc/ps7_cortexa9_0/standalone_domain/bsp/system.mss|system_0||
C:/Users/kumar/axi_adc_intr/workplace/intr_adc/zynq_fsbl/zynq_fsbl_bsp/system.mss|system||

TRACE::2025-06-22.14:39:25::SCWMssOS::Sw design exists and opened at  C:/Users/kumar/axi_adc_intr/workplace/intr_adc/ps7_cortexa9_0/standalone_domain/bsp/system.mss
TRACE::2025-06-22.14:39:25::SCWMssOS::Removing the swdes entry for  C:/Users/kumar/axi_adc_intr/workplace/intr_adc/ps7_cortexa9_0/standalone_domain/bsp/system.mss
LOG::2025-06-22.14:39:29::SCWPlatform::Started generating the artifacts platform intr_adc
TRACE::2025-06-22.14:39:29::SCWPlatform::Sanity checking of platform is completed
LOG::2025-06-22.14:39:29::SCWPlatform::Started generating the artifacts for system configuration intr_adc
LOG::2025-06-22.14:39:29::SCWSystem::Checking the domain zynq_fsbl
LOG::2025-06-22.14:39:29::SCWSystem::Doing application build for :  zynq_fsbl
TRACE::2025-06-22.14:39:29::SCWBDomain::Not a forced makefile updation, No changes are present. 
TRACE::2025-06-22.14:39:29::SCWDomain::Building the domain as part of full build :  zynq_fsbl
TRACE::2025-06-22.14:39:29::SCWPlatform::Trying to open the hw design at C:/Users/kumar/axi_adc_intr/workplace/intr_adc/hw/design_1_wrapper.xsa
TRACE::2025-06-22.14:39:29::SCWPlatform::DSA given C:/Users/kumar/axi_adc_intr/workplace/intr_adc/hw/design_1_wrapper.xsa
TRACE::2025-06-22.14:39:29::SCWPlatform::DSA absoulate path C:/Users/kumar/axi_adc_intr/workplace/intr_adc/hw/design_1_wrapper.xsa
TRACE::2025-06-22.14:39:29::SCWPlatform::DSA directory C:/Users/kumar/axi_adc_intr/workplace/intr_adc/hw
TRACE::2025-06-22.14:39:29::SCWPlatform:: Platform Path C:/Users/kumar/axi_adc_intr/workplace/intr_adc/hw/design_1_wrapper.xsa
TRACE::2025-06-22.14:39:29::SCWPlatform:: Unique name xilinx:zybo-z7-10::0.0
TRACE::2025-06-22.14:39:29::SCWPlatform::Trying to set the existing hwdb with name design_1_wrapper_1
TRACE::2025-06-22.14:39:29::SCWPlatform::Opened existing hwdb design_1_wrapper_1
TRACE::2025-06-22.14:39:29::SCWPlatform::Found the Hw Db part of the input DSA
TRACE::2025-06-22.14:39:29::SCWMssOS::Checking the sw design at  C:/Users/kumar/axi_adc_intr/workplace/intr_adc/zynq_fsbl/zynq_fsbl_bsp/system.mss
TRACE::2025-06-22.14:39:29::SCWMssOS::DEBUG:  swdes dump  C:/Users/kumar/axi_adc_intr/workplace/intr_adc/zynq_fsbl/zynq_fsbl_bsp/system.mss|system||

TRACE::2025-06-22.14:39:29::SCWMssOS::Sw design exists and opened at  C:/Users/kumar/axi_adc_intr/workplace/intr_adc/zynq_fsbl/zynq_fsbl_bsp/system.mss
TRACE::2025-06-22.14:39:29::SCWBDomain::Completed writing the mss file at C:/Users/kumar/axi_adc_intr/workplace/intr_adc/zynq_fsbl/zynq_fsbl_bsp
TRACE::2025-06-22.14:39:29::SCWBDomain::bsp generated is upto date with the mss file. Skipping bsp generation.
TRACE::2025-06-22.14:39:29::SCWBDomain::Not a forced makefile updation, No changes are present. 
TRACE::2025-06-22.14:39:29::SCWBDomain::System Command Ran  C:&  cd  C:/Users/kumar/axi_adc_intr/workplace/intr_adc/zynq_fsbl & make 
TRACE::2025-06-22.14:39:29::SCWBDomain::make -C zynq_fsbl_bsp

TRACE::2025-06-22.14:39:29::SCWBDomain::make[1]: Entering directory 'C:/Users/kumar/axi_adc_intr/workplace/intr_adc/zynq_fsbl/zynq_fsbl_bsp'

TRACE::2025-06-22.14:39:29::SCWBDomain::"Running Make include in ps7_cortexa9_0/libsrc/coresightps_dcc_v1_6/src"

TRACE::2025-06-22.14:39:29::SCWBDomain::make -C ps7_cortexa9_0/libsrc/coresightps_dcc_v1_6/src -s include  "SHELL=CMD" "COMPILER=arm-none-eabi-gcc" "ASSEMBLER=arm-none
TRACE::2025-06-22.14:39:29::SCWBDomain::-eabi-as" "ARCHIVER=arm-none-eabi-ar" "COMPILER_FLAGS=  -O2 -c" "EXTRA_COMPILER_FLAGS=-mcpu=cortex-a9 -mfpu=vfpv3 -mfloat-abi=h
TRACE::2025-06-22.14:39:29::SCWBDomain::ard -nostartfiles -g -Wall -Wextra"

TRACE::2025-06-22.14:39:29::SCWBDomain::make[2]: Entering directory 'C:/Users/kumar/axi_adc_intr/workplace/intr_adc/zynq_fsbl/zynq_fsbl_bsp/ps7_cortexa9_0/libsrc/cores
TRACE::2025-06-22.14:39:29::SCWBDomain::ightps_dcc_v1_6/src'

TRACE::2025-06-22.14:39:29::SCWBDomain::make[2]: Leaving directory 'C:/Users/kumar/axi_adc_intr/workplace/intr_adc/zynq_fsbl/zynq_fsbl_bsp/ps7_cortexa9_0/libsrc/coresi
TRACE::2025-06-22.14:39:29::SCWBDomain::ghtps_dcc_v1_6/src'

TRACE::2025-06-22.14:39:29::SCWBDomain::"Running Make include in ps7_cortexa9_0/libsrc/cpu_cortexa9_v2_8/src"

TRACE::2025-06-22.14:39:29::SCWBDomain::make -C ps7_cortexa9_0/libsrc/cpu_cortexa9_v2_8/src -s include  "SHELL=CMD" "COMPILER=arm-none-eabi-gcc" "ASSEMBLER=arm-none-ea
TRACE::2025-06-22.14:39:29::SCWBDomain::bi-as" "ARCHIVER=arm-none-eabi-ar" "COMPILER_FLAGS=  -O2 -c" "EXTRA_COMPILER_FLAGS=-mcpu=cortex-a9 -mfpu=vfpv3 -mfloat-abi=hard
TRACE::2025-06-22.14:39:29::SCWBDomain:: -nostartfiles -g -Wall -Wextra"

TRACE::2025-06-22.14:39:30::SCWBDomain::make[2]: Entering directory 'C:/Users/kumar/axi_adc_intr/workplace/intr_adc/zynq_fsbl/zynq_fsbl_bsp/ps7_cortexa9_0/libsrc/cpu_c
TRACE::2025-06-22.14:39:30::SCWBDomain::ortexa9_v2_8/src'

TRACE::2025-06-22.14:39:30::SCWBDomain::make[2]: Leaving directory 'C:/Users/kumar/axi_adc_intr/workplace/intr_adc/zynq_fsbl/zynq_fsbl_bsp/ps7_cortexa9_0/libsrc/cpu_co
TRACE::2025-06-22.14:39:30::SCWBDomain::rtexa9_v2_8/src'

TRACE::2025-06-22.14:39:30::SCWBDomain::"Running Make include in ps7_cortexa9_0/libsrc/ddrps_v1_0/src"

TRACE::2025-06-22.14:39:30::SCWBDomain::make -C ps7_cortexa9_0/libsrc/ddrps_v1_0/src -s include  "SHELL=CMD" "COMPILER=arm-none-eabi-gcc" "ASSEMBLER=arm-none-eabi-as" 
TRACE::2025-06-22.14:39:30::SCWBDomain::"ARCHIVER=arm-none-eabi-ar" "COMPILER_FLAGS=  -O2 -c" "EXTRA_COMPILER_FLAGS=-mcpu=cortex-a9 -mfpu=vfpv3 -mfloat-abi=hard -nosta
TRACE::2025-06-22.14:39:30::SCWBDomain::rtfiles -g -Wall -Wextra"

TRACE::2025-06-22.14:39:30::SCWBDomain::make[2]: Entering directory 'C:/Users/kumar/axi_adc_intr/workplace/intr_adc/zynq_fsbl/zynq_fsbl_bsp/ps7_cortexa9_0/libsrc/ddrps
TRACE::2025-06-22.14:39:30::SCWBDomain::_v1_0/src'

TRACE::2025-06-22.14:39:30::SCWBDomain::make[2]: Leaving directory 'C:/Users/kumar/axi_adc_intr/workplace/intr_adc/zynq_fsbl/zynq_fsbl_bsp/ps7_cortexa9_0/libsrc/ddrps_
TRACE::2025-06-22.14:39:30::SCWBDomain::v1_0/src'

TRACE::2025-06-22.14:39:30::SCWBDomain::"Running Make include in ps7_cortexa9_0/libsrc/devcfg_v3_5/src"

TRACE::2025-06-22.14:39:30::SCWBDomain::make -C ps7_cortexa9_0/libsrc/devcfg_v3_5/src -s include  "SHELL=CMD" "COMPILER=arm-none-eabi-gcc" "ASSEMBLER=arm-none-eabi-as"
TRACE::2025-06-22.14:39:30::SCWBDomain:: "ARCHIVER=arm-none-eabi-ar" "COMPILER_FLAGS=  -O2 -c" "EXTRA_COMPILER_FLAGS=-mcpu=cortex-a9 -mfpu=vfpv3 -mfloat-abi=hard -nost
TRACE::2025-06-22.14:39:30::SCWBDomain::artfiles -g -Wall -Wextra"

TRACE::2025-06-22.14:39:30::SCWBDomain::make[2]: Entering directory 'C:/Users/kumar/axi_adc_intr/workplace/intr_adc/zynq_fsbl/zynq_fsbl_bsp/ps7_cortexa9_0/libsrc/devcf
TRACE::2025-06-22.14:39:30::SCWBDomain::g_v3_5/src'

TRACE::2025-06-22.14:39:30::SCWBDomain::make[2]: Leaving directory 'C:/Users/kumar/axi_adc_intr/workplace/intr_adc/zynq_fsbl/zynq_fsbl_bsp/ps7_cortexa9_0/libsrc/devcfg
TRACE::2025-06-22.14:39:30::SCWBDomain::_v3_5/src'

TRACE::2025-06-22.14:39:30::SCWBDomain::"Running Make include in ps7_cortexa9_0/libsrc/dmaps_v2_5/src"

TRACE::2025-06-22.14:39:30::SCWBDomain::make -C ps7_cortexa9_0/libsrc/dmaps_v2_5/src -s include  "SHELL=CMD" "COMPILER=arm-none-eabi-gcc" "ASSEMBLER=arm-none-eabi-as" 
TRACE::2025-06-22.14:39:30::SCWBDomain::"ARCHIVER=arm-none-eabi-ar" "COMPILER_FLAGS=  -O2 -c" "EXTRA_COMPILER_FLAGS=-mcpu=cortex-a9 -mfpu=vfpv3 -mfloat-abi=hard -nosta
TRACE::2025-06-22.14:39:30::SCWBDomain::rtfiles -g -Wall -Wextra"

TRACE::2025-06-22.14:39:30::SCWBDomain::make[2]: Entering directory 'C:/Users/kumar/axi_adc_intr/workplace/intr_adc/zynq_fsbl/zynq_fsbl_bsp/ps7_cortexa9_0/libsrc/dmaps
TRACE::2025-06-22.14:39:30::SCWBDomain::_v2_5/src'

TRACE::2025-06-22.14:39:30::SCWBDomain::make[2]: Leaving directory 'C:/Users/kumar/axi_adc_intr/workplace/intr_adc/zynq_fsbl/zynq_fsbl_bsp/ps7_cortexa9_0/libsrc/dmaps_
TRACE::2025-06-22.14:39:30::SCWBDomain::v2_5/src'

TRACE::2025-06-22.14:39:30::SCWBDomain::"Running Make include in ps7_cortexa9_0/libsrc/emacps_v3_10/src"

TRACE::2025-06-22.14:39:30::SCWBDomain::make -C ps7_cortexa9_0/libsrc/emacps_v3_10/src -s include  "SHELL=CMD" "COMPILER=arm-none-eabi-gcc" "ASSEMBLER=arm-none-eabi-as
TRACE::2025-06-22.14:39:30::SCWBDomain::" "ARCHIVER=arm-none-eabi-ar" "COMPILER_FLAGS=  -O2 -c" "EXTRA_COMPILER_FLAGS=-mcpu=cortex-a9 -mfpu=vfpv3 -mfloat-abi=hard -nos
TRACE::2025-06-22.14:39:30::SCWBDomain::tartfiles -g -Wall -Wextra"

TRACE::2025-06-22.14:39:30::SCWBDomain::make[2]: Entering directory 'C:/Users/kumar/axi_adc_intr/workplace/intr_adc/zynq_fsbl/zynq_fsbl_bsp/ps7_cortexa9_0/libsrc/emacp
TRACE::2025-06-22.14:39:30::SCWBDomain::s_v3_10/src'

TRACE::2025-06-22.14:39:30::SCWBDomain::make[2]: Leaving directory 'C:/Users/kumar/axi_adc_intr/workplace/intr_adc/zynq_fsbl/zynq_fsbl_bsp/ps7_cortexa9_0/libsrc/emacps
TRACE::2025-06-22.14:39:30::SCWBDomain::_v3_10/src'

TRACE::2025-06-22.14:39:30::SCWBDomain::"Running Make include in ps7_cortexa9_0/libsrc/gpiops_v3_6/src"

TRACE::2025-06-22.14:39:30::SCWBDomain::make -C ps7_cortexa9_0/libsrc/gpiops_v3_6/src -s include  "SHELL=CMD" "COMPILER=arm-none-eabi-gcc" "ASSEMBLER=arm-none-eabi-as"
TRACE::2025-06-22.14:39:30::SCWBDomain:: "ARCHIVER=arm-none-eabi-ar" "COMPILER_FLAGS=  -O2 -c" "EXTRA_COMPILER_FLAGS=-mcpu=cortex-a9 -mfpu=vfpv3 -mfloat-abi=hard -nost
TRACE::2025-06-22.14:39:30::SCWBDomain::artfiles -g -Wall -Wextra"

TRACE::2025-06-22.14:39:30::SCWBDomain::make[2]: Entering directory 'C:/Users/kumar/axi_adc_intr/workplace/intr_adc/zynq_fsbl/zynq_fsbl_bsp/ps7_cortexa9_0/libsrc/gpiop
TRACE::2025-06-22.14:39:30::SCWBDomain::s_v3_6/src'

TRACE::2025-06-22.14:39:30::SCWBDomain::make[2]: Leaving directory 'C:/Users/kumar/axi_adc_intr/workplace/intr_adc/zynq_fsbl/zynq_fsbl_bsp/ps7_cortexa9_0/libsrc/gpiops
TRACE::2025-06-22.14:39:30::SCWBDomain::_v3_6/src'

TRACE::2025-06-22.14:39:30::SCWBDomain::"Running Make include in ps7_cortexa9_0/libsrc/gpio_v4_5/src"

TRACE::2025-06-22.14:39:30::SCWBDomain::make -C ps7_cortexa9_0/libsrc/gpio_v4_5/src -s include  "SHELL=CMD" "COMPILER=arm-none-eabi-gcc" "ASSEMBLER=arm-none-eabi-as" "
TRACE::2025-06-22.14:39:30::SCWBDomain::ARCHIVER=arm-none-eabi-ar" "COMPILER_FLAGS=  -O2 -c" "EXTRA_COMPILER_FLAGS=-mcpu=cortex-a9 -mfpu=vfpv3 -mfloat-abi=hard -nostar
TRACE::2025-06-22.14:39:30::SCWBDomain::tfiles -g -Wall -Wextra"

TRACE::2025-06-22.14:39:30::SCWBDomain::make[2]: Entering directory 'C:/Users/kumar/axi_adc_intr/workplace/intr_adc/zynq_fsbl/zynq_fsbl_bsp/ps7_cortexa9_0/libsrc/gpio_
TRACE::2025-06-22.14:39:30::SCWBDomain::v4_5/src'

TRACE::2025-06-22.14:39:30::SCWBDomain::make[2]: Leaving directory 'C:/Users/kumar/axi_adc_intr/workplace/intr_adc/zynq_fsbl/zynq_fsbl_bsp/ps7_cortexa9_0/libsrc/gpio_v
TRACE::2025-06-22.14:39:30::SCWBDomain::4_5/src'

TRACE::2025-06-22.14:39:30::SCWBDomain::"Running Make include in ps7_cortexa9_0/libsrc/qspips_v3_6/src"

TRACE::2025-06-22.14:39:30::SCWBDomain::make -C ps7_cortexa9_0/libsrc/qspips_v3_6/src -s include  "SHELL=CMD" "COMPILER=arm-none-eabi-gcc" "ASSEMBLER=arm-none-eabi-as"
TRACE::2025-06-22.14:39:30::SCWBDomain:: "ARCHIVER=arm-none-eabi-ar" "COMPILER_FLAGS=  -O2 -c" "EXTRA_COMPILER_FLAGS=-mcpu=cortex-a9 -mfpu=vfpv3 -mfloat-abi=hard -nost
TRACE::2025-06-22.14:39:30::SCWBDomain::artfiles -g -Wall -Wextra"

TRACE::2025-06-22.14:39:30::SCWBDomain::make[2]: Entering directory 'C:/Users/kumar/axi_adc_intr/workplace/intr_adc/zynq_fsbl/zynq_fsbl_bsp/ps7_cortexa9_0/libsrc/qspip
TRACE::2025-06-22.14:39:30::SCWBDomain::s_v3_6/src'

TRACE::2025-06-22.14:39:30::SCWBDomain::make[2]: Leaving directory 'C:/Users/kumar/axi_adc_intr/workplace/intr_adc/zynq_fsbl/zynq_fsbl_bsp/ps7_cortexa9_0/libsrc/qspips
TRACE::2025-06-22.14:39:30::SCWBDomain::_v3_6/src'

TRACE::2025-06-22.14:39:30::SCWBDomain::"Running Make include in ps7_cortexa9_0/libsrc/scugic_v4_1/src"

TRACE::2025-06-22.14:39:30::SCWBDomain::make -C ps7_cortexa9_0/libsrc/scugic_v4_1/src -s include  "SHELL=CMD" "COMPILER=arm-none-eabi-gcc" "ASSEMBLER=arm-none-eabi-as"
TRACE::2025-06-22.14:39:30::SCWBDomain:: "ARCHIVER=arm-none-eabi-ar" "COMPILER_FLAGS=  -O2 -c" "EXTRA_COMPILER_FLAGS=-mcpu=cortex-a9 -mfpu=vfpv3 -mfloat-abi=hard -nost
TRACE::2025-06-22.14:39:30::SCWBDomain::artfiles -g -Wall -Wextra"

TRACE::2025-06-22.14:39:30::SCWBDomain::make[2]: Entering directory 'C:/Users/kumar/axi_adc_intr/workplace/intr_adc/zynq_fsbl/zynq_fsbl_bsp/ps7_cortexa9_0/libsrc/scugi
TRACE::2025-06-22.14:39:30::SCWBDomain::c_v4_1/src'

TRACE::2025-06-22.14:39:30::SCWBDomain::make[2]: Leaving directory 'C:/Users/kumar/axi_adc_intr/workplace/intr_adc/zynq_fsbl/zynq_fsbl_bsp/ps7_cortexa9_0/libsrc/scugic
TRACE::2025-06-22.14:39:30::SCWBDomain::_v4_1/src'

TRACE::2025-06-22.14:39:31::SCWBDomain::"Running Make include in ps7_cortexa9_0/libsrc/scutimer_v2_1/src"

TRACE::2025-06-22.14:39:31::SCWBDomain::make -C ps7_cortexa9_0/libsrc/scutimer_v2_1/src -s include  "SHELL=CMD" "COMPILER=arm-none-eabi-gcc" "ASSEMBLER=arm-none-eabi-a
TRACE::2025-06-22.14:39:31::SCWBDomain::s" "ARCHIVER=arm-none-eabi-ar" "COMPILER_FLAGS=  -O2 -c" "EXTRA_COMPILER_FLAGS=-mcpu=cortex-a9 -mfpu=vfpv3 -mfloat-abi=hard -no
TRACE::2025-06-22.14:39:31::SCWBDomain::startfiles -g -Wall -Wextra"

TRACE::2025-06-22.14:39:31::SCWBDomain::make[2]: Entering directory 'C:/Users/kumar/axi_adc_intr/workplace/intr_adc/zynq_fsbl/zynq_fsbl_bsp/ps7_cortexa9_0/libsrc/scuti
TRACE::2025-06-22.14:39:31::SCWBDomain::mer_v2_1/src'

TRACE::2025-06-22.14:39:31::SCWBDomain::make[2]: Leaving directory 'C:/Users/kumar/axi_adc_intr/workplace/intr_adc/zynq_fsbl/zynq_fsbl_bsp/ps7_cortexa9_0/libsrc/scutim
TRACE::2025-06-22.14:39:31::SCWBDomain::er_v2_1/src'

TRACE::2025-06-22.14:39:31::SCWBDomain::"Running Make include in ps7_cortexa9_0/libsrc/scuwdt_v2_1/src"

TRACE::2025-06-22.14:39:31::SCWBDomain::make -C ps7_cortexa9_0/libsrc/scuwdt_v2_1/src -s include  "SHELL=CMD" "COMPILER=arm-none-eabi-gcc" "ASSEMBLER=arm-none-eabi-as"
TRACE::2025-06-22.14:39:31::SCWBDomain:: "ARCHIVER=arm-none-eabi-ar" "COMPILER_FLAGS=  -O2 -c" "EXTRA_COMPILER_FLAGS=-mcpu=cortex-a9 -mfpu=vfpv3 -mfloat-abi=hard -nost
TRACE::2025-06-22.14:39:31::SCWBDomain::artfiles -g -Wall -Wextra"

TRACE::2025-06-22.14:39:31::SCWBDomain::make[2]: Entering directory 'C:/Users/kumar/axi_adc_intr/workplace/intr_adc/zynq_fsbl/zynq_fsbl_bsp/ps7_cortexa9_0/libsrc/scuwd
TRACE::2025-06-22.14:39:31::SCWBDomain::t_v2_1/src'

TRACE::2025-06-22.14:39:31::SCWBDomain::make[2]: Leaving directory 'C:/Users/kumar/axi_adc_intr/workplace/intr_adc/zynq_fsbl/zynq_fsbl_bsp/ps7_cortexa9_0/libsrc/scuwdt
TRACE::2025-06-22.14:39:31::SCWBDomain::_v2_1/src'

TRACE::2025-06-22.14:39:31::SCWBDomain::"Running Make include in ps7_cortexa9_0/libsrc/sdps_v3_8/src"

TRACE::2025-06-22.14:39:31::SCWBDomain::make -C ps7_cortexa9_0/libsrc/sdps_v3_8/src -s include  "SHELL=CMD" "COMPILER=arm-none-eabi-gcc" "ASSEMBLER=arm-none-eabi-as" "
TRACE::2025-06-22.14:39:31::SCWBDomain::ARCHIVER=arm-none-eabi-ar" "COMPILER_FLAGS=  -O2 -c" "EXTRA_COMPILER_FLAGS=-mcpu=cortex-a9 -mfpu=vfpv3 -mfloat-abi=hard -nostar
TRACE::2025-06-22.14:39:31::SCWBDomain::tfiles -g -Wall -Wextra"

TRACE::2025-06-22.14:39:31::SCWBDomain::make[2]: Entering directory 'C:/Users/kumar/axi_adc_intr/workplace/intr_adc/zynq_fsbl/zynq_fsbl_bsp/ps7_cortexa9_0/libsrc/sdps_
TRACE::2025-06-22.14:39:31::SCWBDomain::v3_8/src'

TRACE::2025-06-22.14:39:31::SCWBDomain::make[2]: Leaving directory 'C:/Users/kumar/axi_adc_intr/workplace/intr_adc/zynq_fsbl/zynq_fsbl_bsp/ps7_cortexa9_0/libsrc/sdps_v
TRACE::2025-06-22.14:39:31::SCWBDomain::3_8/src'

TRACE::2025-06-22.14:39:31::SCWBDomain::"Running Make include in ps7_cortexa9_0/libsrc/standalone_v7_1/src"

TRACE::2025-06-22.14:39:31::SCWBDomain::make -C ps7_cortexa9_0/libsrc/standalone_v7_1/src -s include  "SHELL=CMD" "COMPILER=arm-none-eabi-gcc" "ASSEMBLER=arm-none-eabi
TRACE::2025-06-22.14:39:31::SCWBDomain::-as" "ARCHIVER=arm-none-eabi-ar" "COMPILER_FLAGS=  -O2 -c" "EXTRA_COMPILER_FLAGS=-mcpu=cortex-a9 -mfpu=vfpv3 -mfloat-abi=hard -
TRACE::2025-06-22.14:39:31::SCWBDomain::nostartfiles -g -Wall -Wextra"

TRACE::2025-06-22.14:39:31::SCWBDomain::make[2]: Entering directory 'C:/Users/kumar/axi_adc_intr/workplace/intr_adc/zynq_fsbl/zynq_fsbl_bsp/ps7_cortexa9_0/libsrc/stand
TRACE::2025-06-22.14:39:31::SCWBDomain::alone_v7_1/src'

TRACE::2025-06-22.14:39:31::SCWBDomain::make[3]: Entering directory 'C:/Users/kumar/axi_adc_intr/workplace/intr_adc/zynq_fsbl/zynq_fsbl_bsp/ps7_cortexa9_0/libsrc/stand
TRACE::2025-06-22.14:39:31::SCWBDomain::alone_v7_1/src/profile'

TRACE::2025-06-22.14:39:31::SCWBDomain::make[3]: Leaving directory 'C:/Users/kumar/axi_adc_intr/workplace/intr_adc/zynq_fsbl/zynq_fsbl_bsp/ps7_cortexa9_0/libsrc/standa
TRACE::2025-06-22.14:39:31::SCWBDomain::lone_v7_1/src/profile'

TRACE::2025-06-22.14:39:31::SCWBDomain::make[2]: Leaving directory 'C:/Users/kumar/axi_adc_intr/workplace/intr_adc/zynq_fsbl/zynq_fsbl_bsp/ps7_cortexa9_0/libsrc/standa
TRACE::2025-06-22.14:39:31::SCWBDomain::lone_v7_1/src'

TRACE::2025-06-22.14:39:32::SCWBDomain::"Running Make include in ps7_cortexa9_0/libsrc/uartps_v3_8/src"

TRACE::2025-06-22.14:39:32::SCWBDomain::make -C ps7_cortexa9_0/libsrc/uartps_v3_8/src -s include  "SHELL=CMD" "COMPILER=arm-none-eabi-gcc" "ASSEMBLER=arm-none-eabi-as"
TRACE::2025-06-22.14:39:32::SCWBDomain:: "ARCHIVER=arm-none-eabi-ar" "COMPILER_FLAGS=  -O2 -c" "EXTRA_COMPILER_FLAGS=-mcpu=cortex-a9 -mfpu=vfpv3 -mfloat-abi=hard -nost
TRACE::2025-06-22.14:39:32::SCWBDomain::artfiles -g -Wall -Wextra"

TRACE::2025-06-22.14:39:32::SCWBDomain::make[2]: Entering directory 'C:/Users/kumar/axi_adc_intr/workplace/intr_adc/zynq_fsbl/zynq_fsbl_bsp/ps7_cortexa9_0/libsrc/uartp
TRACE::2025-06-22.14:39:32::SCWBDomain::s_v3_8/src'

TRACE::2025-06-22.14:39:32::SCWBDomain::make[2]: Leaving directory 'C:/Users/kumar/axi_adc_intr/workplace/intr_adc/zynq_fsbl/zynq_fsbl_bsp/ps7_cortexa9_0/libsrc/uartps
TRACE::2025-06-22.14:39:32::SCWBDomain::_v3_8/src'

TRACE::2025-06-22.14:39:32::SCWBDomain::"Running Make include in ps7_cortexa9_0/libsrc/usbps_v2_4/src"

TRACE::2025-06-22.14:39:32::SCWBDomain::make -C ps7_cortexa9_0/libsrc/usbps_v2_4/src -s include  "SHELL=CMD" "COMPILER=arm-none-eabi-gcc" "ASSEMBLER=arm-none-eabi-as" 
TRACE::2025-06-22.14:39:32::SCWBDomain::"ARCHIVER=arm-none-eabi-ar" "COMPILER_FLAGS=  -O2 -c" "EXTRA_COMPILER_FLAGS=-mcpu=cortex-a9 -mfpu=vfpv3 -mfloat-abi=hard -nosta
TRACE::2025-06-22.14:39:32::SCWBDomain::rtfiles -g -Wall -Wextra"

TRACE::2025-06-22.14:39:32::SCWBDomain::make[2]: Entering directory 'C:/Users/kumar/axi_adc_intr/workplace/intr_adc/zynq_fsbl/zynq_fsbl_bsp/ps7_cortexa9_0/libsrc/usbps
TRACE::2025-06-22.14:39:32::SCWBDomain::_v2_4/src'

TRACE::2025-06-22.14:39:32::SCWBDomain::make[2]: Leaving directory 'C:/Users/kumar/axi_adc_intr/workplace/intr_adc/zynq_fsbl/zynq_fsbl_bsp/ps7_cortexa9_0/libsrc/usbps_
TRACE::2025-06-22.14:39:32::SCWBDomain::v2_4/src'

TRACE::2025-06-22.14:39:32::SCWBDomain::"Running Make include in ps7_cortexa9_0/libsrc/xadcps_v2_3/src"

TRACE::2025-06-22.14:39:32::SCWBDomain::make -C ps7_cortexa9_0/libsrc/xadcps_v2_3/src -s include  "SHELL=CMD" "COMPILER=arm-none-eabi-gcc" "ASSEMBLER=arm-none-eabi-as"
TRACE::2025-06-22.14:39:32::SCWBDomain:: "ARCHIVER=arm-none-eabi-ar" "COMPILER_FLAGS=  -O2 -c" "EXTRA_COMPILER_FLAGS=-mcpu=cortex-a9 -mfpu=vfpv3 -mfloat-abi=hard -nost
TRACE::2025-06-22.14:39:32::SCWBDomain::artfiles -g -Wall -Wextra"

TRACE::2025-06-22.14:39:32::SCWBDomain::make[2]: Entering directory 'C:/Users/kumar/axi_adc_intr/workplace/intr_adc/zynq_fsbl/zynq_fsbl_bsp/ps7_cortexa9_0/libsrc/xadcp
TRACE::2025-06-22.14:39:32::SCWBDomain::s_v2_3/src'

TRACE::2025-06-22.14:39:32::SCWBDomain::make[2]: Leaving directory 'C:/Users/kumar/axi_adc_intr/workplace/intr_adc/zynq_fsbl/zynq_fsbl_bsp/ps7_cortexa9_0/libsrc/xadcps
TRACE::2025-06-22.14:39:32::SCWBDomain::_v2_3/src'

TRACE::2025-06-22.14:39:32::SCWBDomain::"Running Make include in ps7_cortexa9_0/libsrc/xilffs_v4_2/src"

TRACE::2025-06-22.14:39:32::SCWBDomain::make -C ps7_cortexa9_0/libsrc/xilffs_v4_2/src -s include  "SHELL=CMD" "COMPILER=arm-none-eabi-gcc" "ASSEMBLER=arm-none-eabi-as"
TRACE::2025-06-22.14:39:32::SCWBDomain:: "ARCHIVER=arm-none-eabi-ar" "COMPILER_FLAGS=  -O2 -c" "EXTRA_COMPILER_FLAGS=-mcpu=cortex-a9 -mfpu=vfpv3 -mfloat-abi=hard -nost
TRACE::2025-06-22.14:39:32::SCWBDomain::artfiles -g -Wall -Wextra"

TRACE::2025-06-22.14:39:32::SCWBDomain::make[2]: Entering directory 'C:/Users/kumar/axi_adc_intr/workplace/intr_adc/zynq_fsbl/zynq_fsbl_bsp/ps7_cortexa9_0/libsrc/xilff
TRACE::2025-06-22.14:39:32::SCWBDomain::s_v4_2/src'

TRACE::2025-06-22.14:39:32::SCWBDomain::make[2]: Leaving directory 'C:/Users/kumar/axi_adc_intr/workplace/intr_adc/zynq_fsbl/zynq_fsbl_bsp/ps7_cortexa9_0/libsrc/xilffs
TRACE::2025-06-22.14:39:32::SCWBDomain::_v4_2/src'

TRACE::2025-06-22.14:39:32::SCWBDomain::"Running Make include in ps7_cortexa9_0/libsrc/xilrsa_v1_5/src"

TRACE::2025-06-22.14:39:32::SCWBDomain::make -C ps7_cortexa9_0/libsrc/xilrsa_v1_5/src -s include  "SHELL=CMD" "COMPILER=arm-none-eabi-gcc" "ASSEMBLER=arm-none-eabi-as"
TRACE::2025-06-22.14:39:32::SCWBDomain:: "ARCHIVER=arm-none-eabi-ar" "COMPILER_FLAGS=  -O2 -c" "EXTRA_COMPILER_FLAGS=-mcpu=cortex-a9 -mfpu=vfpv3 -mfloat-abi=hard -nost
TRACE::2025-06-22.14:39:32::SCWBDomain::artfiles -g -Wall -Wextra"

TRACE::2025-06-22.14:39:32::SCWBDomain::make[2]: Entering directory 'C:/Users/kumar/axi_adc_intr/workplace/intr_adc/zynq_fsbl/zynq_fsbl_bsp/ps7_cortexa9_0/libsrc/xilrs
TRACE::2025-06-22.14:39:32::SCWBDomain::a_v1_5/src'

TRACE::2025-06-22.14:39:32::SCWBDomain::make[2]: Leaving directory 'C:/Users/kumar/axi_adc_intr/workplace/intr_adc/zynq_fsbl/zynq_fsbl_bsp/ps7_cortexa9_0/libsrc/xilrsa
TRACE::2025-06-22.14:39:32::SCWBDomain::_v1_5/src'

TRACE::2025-06-22.14:39:32::SCWBDomain::"Running Make libs in ps7_cortexa9_0/libsrc/coresightps_dcc_v1_6/src"

TRACE::2025-06-22.14:39:32::SCWBDomain::make -C ps7_cortexa9_0/libsrc/coresightps_dcc_v1_6/src -s libs  "SHELL=CMD" "COMPILER=arm-none-eabi-gcc" "ASSEMBLER=arm-none-ea
TRACE::2025-06-22.14:39:32::SCWBDomain::bi-as" "ARCHIVER=arm-none-eabi-ar" "COMPILER_FLAGS=  -O2 -c" "EXTRA_COMPILER_FLAGS=-mcpu=cortex-a9 -mfpu=vfpv3 -mfloat-abi=hard
TRACE::2025-06-22.14:39:32::SCWBDomain:: -nostartfiles -g -Wall -Wextra"

TRACE::2025-06-22.14:39:32::SCWBDomain::make[2]: Entering directory 'C:/Users/kumar/axi_adc_intr/workplace/intr_adc/zynq_fsbl/zynq_fsbl_bsp/ps7_cortexa9_0/libsrc/cores
TRACE::2025-06-22.14:39:32::SCWBDomain::ightps_dcc_v1_6/src'

TRACE::2025-06-22.14:39:32::SCWBDomain::"Compiling coresightps_dcc"

TRACE::2025-06-22.14:39:32::SCWBDomain::make[2]: Leaving directory 'C:/Users/kumar/axi_adc_intr/workplace/intr_adc/zynq_fsbl/zynq_fsbl_bsp/ps7_cortexa9_0/libsrc/coresi
TRACE::2025-06-22.14:39:32::SCWBDomain::ghtps_dcc_v1_6/src'

TRACE::2025-06-22.14:39:33::SCWBDomain::"Running Make libs in ps7_cortexa9_0/libsrc/cpu_cortexa9_v2_8/src"

TRACE::2025-06-22.14:39:33::SCWBDomain::make -C ps7_cortexa9_0/libsrc/cpu_cortexa9_v2_8/src -s libs  "SHELL=CMD" "COMPILER=arm-none-eabi-gcc" "ASSEMBLER=arm-none-eabi-
TRACE::2025-06-22.14:39:33::SCWBDomain::as" "ARCHIVER=arm-none-eabi-ar" "COMPILER_FLAGS=  -O2 -c" "EXTRA_COMPILER_FLAGS=-mcpu=cortex-a9 -mfpu=vfpv3 -mfloat-abi=hard -n
TRACE::2025-06-22.14:39:33::SCWBDomain::ostartfiles -g -Wall -Wextra"

TRACE::2025-06-22.14:39:33::SCWBDomain::make[2]: Entering directory 'C:/Users/kumar/axi_adc_intr/workplace/intr_adc/zynq_fsbl/zynq_fsbl_bsp/ps7_cortexa9_0/libsrc/cpu_c
TRACE::2025-06-22.14:39:33::SCWBDomain::ortexa9_v2_8/src'

TRACE::2025-06-22.14:39:33::SCWBDomain::"Compiling cpu_cortexa9"

TRACE::2025-06-22.14:39:33::SCWBDomain::make[2]: Leaving directory 'C:/Users/kumar/axi_adc_intr/workplace/intr_adc/zynq_fsbl/zynq_fsbl_bsp/ps7_cortexa9_0/libsrc/cpu_co
TRACE::2025-06-22.14:39:33::SCWBDomain::rtexa9_v2_8/src'

TRACE::2025-06-22.14:39:33::SCWBDomain::"Running Make libs in ps7_cortexa9_0/libsrc/ddrps_v1_0/src"

TRACE::2025-06-22.14:39:33::SCWBDomain::make -C ps7_cortexa9_0/libsrc/ddrps_v1_0/src -s libs  "SHELL=CMD" "COMPILER=arm-none-eabi-gcc" "ASSEMBLER=arm-none-eabi-as" "AR
TRACE::2025-06-22.14:39:33::SCWBDomain::CHIVER=arm-none-eabi-ar" "COMPILER_FLAGS=  -O2 -c" "EXTRA_COMPILER_FLAGS=-mcpu=cortex-a9 -mfpu=vfpv3 -mfloat-abi=hard -nostartf
TRACE::2025-06-22.14:39:33::SCWBDomain::iles -g -Wall -Wextra"

TRACE::2025-06-22.14:39:33::SCWBDomain::make[2]: Entering directory 'C:/Users/kumar/axi_adc_intr/workplace/intr_adc/zynq_fsbl/zynq_fsbl_bsp/ps7_cortexa9_0/libsrc/ddrps
TRACE::2025-06-22.14:39:33::SCWBDomain::_v1_0/src'

TRACE::2025-06-22.14:39:33::SCWBDomain::"Compiling ddrps"

TRACE::2025-06-22.14:39:33::SCWBDomain::make[2]: Leaving directory 'C:/Users/kumar/axi_adc_intr/workplace/intr_adc/zynq_fsbl/zynq_fsbl_bsp/ps7_cortexa9_0/libsrc/ddrps_
TRACE::2025-06-22.14:39:33::SCWBDomain::v1_0/src'

TRACE::2025-06-22.14:39:33::SCWBDomain::"Running Make libs in ps7_cortexa9_0/libsrc/devcfg_v3_5/src"

TRACE::2025-06-22.14:39:33::SCWBDomain::make -C ps7_cortexa9_0/libsrc/devcfg_v3_5/src -s libs  "SHELL=CMD" "COMPILER=arm-none-eabi-gcc" "ASSEMBLER=arm-none-eabi-as" "A
TRACE::2025-06-22.14:39:33::SCWBDomain::RCHIVER=arm-none-eabi-ar" "COMPILER_FLAGS=  -O2 -c" "EXTRA_COMPILER_FLAGS=-mcpu=cortex-a9 -mfpu=vfpv3 -mfloat-abi=hard -nostart
TRACE::2025-06-22.14:39:33::SCWBDomain::files -g -Wall -Wextra"

TRACE::2025-06-22.14:39:33::SCWBDomain::make[2]: Entering directory 'C:/Users/kumar/axi_adc_intr/workplace/intr_adc/zynq_fsbl/zynq_fsbl_bsp/ps7_cortexa9_0/libsrc/devcf
TRACE::2025-06-22.14:39:33::SCWBDomain::g_v3_5/src'

TRACE::2025-06-22.14:39:33::SCWBDomain::"Compiling devcfg"

TRACE::2025-06-22.14:39:33::SCWBDomain::make[2]: Leaving directory 'C:/Users/kumar/axi_adc_intr/workplace/intr_adc/zynq_fsbl/zynq_fsbl_bsp/ps7_cortexa9_0/libsrc/devcfg
TRACE::2025-06-22.14:39:33::SCWBDomain::_v3_5/src'

TRACE::2025-06-22.14:39:33::SCWBDomain::"Running Make libs in ps7_cortexa9_0/libsrc/dmaps_v2_5/src"

TRACE::2025-06-22.14:39:33::SCWBDomain::make -C ps7_cortexa9_0/libsrc/dmaps_v2_5/src -s libs  "SHELL=CMD" "COMPILER=arm-none-eabi-gcc" "ASSEMBLER=arm-none-eabi-as" "AR
TRACE::2025-06-22.14:39:33::SCWBDomain::CHIVER=arm-none-eabi-ar" "COMPILER_FLAGS=  -O2 -c" "EXTRA_COMPILER_FLAGS=-mcpu=cortex-a9 -mfpu=vfpv3 -mfloat-abi=hard -nostartf
TRACE::2025-06-22.14:39:33::SCWBDomain::iles -g -Wall -Wextra"

TRACE::2025-06-22.14:39:34::SCWBDomain::make[2]: Entering directory 'C:/Users/kumar/axi_adc_intr/workplace/intr_adc/zynq_fsbl/zynq_fsbl_bsp/ps7_cortexa9_0/libsrc/dmaps
TRACE::2025-06-22.14:39:34::SCWBDomain::_v2_5/src'

TRACE::2025-06-22.14:39:34::SCWBDomain::"Compiling dmaps"

TRACE::2025-06-22.14:39:34::SCWBDomain::make[2]: Leaving directory 'C:/Users/kumar/axi_adc_intr/workplace/intr_adc/zynq_fsbl/zynq_fsbl_bsp/ps7_cortexa9_0/libsrc/dmaps_
TRACE::2025-06-22.14:39:34::SCWBDomain::v2_5/src'

TRACE::2025-06-22.14:39:34::SCWBDomain::"Running Make libs in ps7_cortexa9_0/libsrc/emacps_v3_10/src"

TRACE::2025-06-22.14:39:34::SCWBDomain::make -C ps7_cortexa9_0/libsrc/emacps_v3_10/src -s libs  "SHELL=CMD" "COMPILER=arm-none-eabi-gcc" "ASSEMBLER=arm-none-eabi-as" "
TRACE::2025-06-22.14:39:34::SCWBDomain::ARCHIVER=arm-none-eabi-ar" "COMPILER_FLAGS=  -O2 -c" "EXTRA_COMPILER_FLAGS=-mcpu=cortex-a9 -mfpu=vfpv3 -mfloat-abi=hard -nostar
TRACE::2025-06-22.14:39:34::SCWBDomain::tfiles -g -Wall -Wextra"

TRACE::2025-06-22.14:39:34::SCWBDomain::make[2]: Entering directory 'C:/Users/kumar/axi_adc_intr/workplace/intr_adc/zynq_fsbl/zynq_fsbl_bsp/ps7_cortexa9_0/libsrc/emacp
TRACE::2025-06-22.14:39:34::SCWBDomain::s_v3_10/src'

TRACE::2025-06-22.14:39:34::SCWBDomain::"Compiling emacps"

TRACE::2025-06-22.14:39:35::SCWBDomain::make[2]: Leaving directory 'C:/Users/kumar/axi_adc_intr/workplace/intr_adc/zynq_fsbl/zynq_fsbl_bsp/ps7_cortexa9_0/libsrc/emacps
TRACE::2025-06-22.14:39:35::SCWBDomain::_v3_10/src'

TRACE::2025-06-22.14:39:35::SCWBDomain::"Running Make libs in ps7_cortexa9_0/libsrc/gpiops_v3_6/src"

TRACE::2025-06-22.14:39:35::SCWBDomain::make -C ps7_cortexa9_0/libsrc/gpiops_v3_6/src -s libs  "SHELL=CMD" "COMPILER=arm-none-eabi-gcc" "ASSEMBLER=arm-none-eabi-as" "A
TRACE::2025-06-22.14:39:35::SCWBDomain::RCHIVER=arm-none-eabi-ar" "COMPILER_FLAGS=  -O2 -c" "EXTRA_COMPILER_FLAGS=-mcpu=cortex-a9 -mfpu=vfpv3 -mfloat-abi=hard -nostart
TRACE::2025-06-22.14:39:35::SCWBDomain::files -g -Wall -Wextra"

TRACE::2025-06-22.14:39:35::SCWBDomain::make[2]: Entering directory 'C:/Users/kumar/axi_adc_intr/workplace/intr_adc/zynq_fsbl/zynq_fsbl_bsp/ps7_cortexa9_0/libsrc/gpiop
TRACE::2025-06-22.14:39:35::SCWBDomain::s_v3_6/src'

TRACE::2025-06-22.14:39:35::SCWBDomain::"Compiling gpiops"

TRACE::2025-06-22.14:39:36::SCWBDomain::make[2]: Leaving directory 'C:/Users/kumar/axi_adc_intr/workplace/intr_adc/zynq_fsbl/zynq_fsbl_bsp/ps7_cortexa9_0/libsrc/gpiops
TRACE::2025-06-22.14:39:36::SCWBDomain::_v3_6/src'

TRACE::2025-06-22.14:39:36::SCWBDomain::"Running Make libs in ps7_cortexa9_0/libsrc/gpio_v4_5/src"

TRACE::2025-06-22.14:39:36::SCWBDomain::make -C ps7_cortexa9_0/libsrc/gpio_v4_5/src -s libs  "SHELL=CMD" "COMPILER=arm-none-eabi-gcc" "ASSEMBLER=arm-none-eabi-as" "ARC
TRACE::2025-06-22.14:39:36::SCWBDomain::HIVER=arm-none-eabi-ar" "COMPILER_FLAGS=  -O2 -c" "EXTRA_COMPILER_FLAGS=-mcpu=cortex-a9 -mfpu=vfpv3 -mfloat-abi=hard -nostartfi
TRACE::2025-06-22.14:39:36::SCWBDomain::les -g -Wall -Wextra"

TRACE::2025-06-22.14:39:36::SCWBDomain::make[2]: Entering directory 'C:/Users/kumar/axi_adc_intr/workplace/intr_adc/zynq_fsbl/zynq_fsbl_bsp/ps7_cortexa9_0/libsrc/gpio_
TRACE::2025-06-22.14:39:36::SCWBDomain::v4_5/src'

TRACE::2025-06-22.14:39:36::SCWBDomain::"Compiling gpio"

TRACE::2025-06-22.14:39:37::SCWBDomain::make[2]: Leaving directory 'C:/Users/kumar/axi_adc_intr/workplace/intr_adc/zynq_fsbl/zynq_fsbl_bsp/ps7_cortexa9_0/libsrc/gpio_v
TRACE::2025-06-22.14:39:37::SCWBDomain::4_5/src'

TRACE::2025-06-22.14:39:37::SCWBDomain::"Running Make libs in ps7_cortexa9_0/libsrc/qspips_v3_6/src"

TRACE::2025-06-22.14:39:37::SCWBDomain::make -C ps7_cortexa9_0/libsrc/qspips_v3_6/src -s libs  "SHELL=CMD" "COMPILER=arm-none-eabi-gcc" "ASSEMBLER=arm-none-eabi-as" "A
TRACE::2025-06-22.14:39:37::SCWBDomain::RCHIVER=arm-none-eabi-ar" "COMPILER_FLAGS=  -O2 -c" "EXTRA_COMPILER_FLAGS=-mcpu=cortex-a9 -mfpu=vfpv3 -mfloat-abi=hard -nostart
TRACE::2025-06-22.14:39:37::SCWBDomain::files -g -Wall -Wextra"

TRACE::2025-06-22.14:39:37::SCWBDomain::make[2]: Entering directory 'C:/Users/kumar/axi_adc_intr/workplace/intr_adc/zynq_fsbl/zynq_fsbl_bsp/ps7_cortexa9_0/libsrc/qspip
TRACE::2025-06-22.14:39:37::SCWBDomain::s_v3_6/src'

TRACE::2025-06-22.14:39:37::SCWBDomain::"Compiling qspips"

TRACE::2025-06-22.14:39:37::SCWBDomain::make[2]: Leaving directory 'C:/Users/kumar/axi_adc_intr/workplace/intr_adc/zynq_fsbl/zynq_fsbl_bsp/ps7_cortexa9_0/libsrc/qspips
TRACE::2025-06-22.14:39:37::SCWBDomain::_v3_6/src'

TRACE::2025-06-22.14:39:37::SCWBDomain::"Running Make libs in ps7_cortexa9_0/libsrc/scugic_v4_1/src"

TRACE::2025-06-22.14:39:37::SCWBDomain::make -C ps7_cortexa9_0/libsrc/scugic_v4_1/src -s libs  "SHELL=CMD" "COMPILER=arm-none-eabi-gcc" "ASSEMBLER=arm-none-eabi-as" "A
TRACE::2025-06-22.14:39:37::SCWBDomain::RCHIVER=arm-none-eabi-ar" "COMPILER_FLAGS=  -O2 -c" "EXTRA_COMPILER_FLAGS=-mcpu=cortex-a9 -mfpu=vfpv3 -mfloat-abi=hard -nostart
TRACE::2025-06-22.14:39:37::SCWBDomain::files -g -Wall -Wextra"

TRACE::2025-06-22.14:39:37::SCWBDomain::make[2]: Entering directory 'C:/Users/kumar/axi_adc_intr/workplace/intr_adc/zynq_fsbl/zynq_fsbl_bsp/ps7_cortexa9_0/libsrc/scugi
TRACE::2025-06-22.14:39:37::SCWBDomain::c_v4_1/src'

TRACE::2025-06-22.14:39:38::SCWBDomain::"Compiling scugic"

TRACE::2025-06-22.14:39:38::SCWBDomain::make[2]: Leaving directory 'C:/Users/kumar/axi_adc_intr/workplace/intr_adc/zynq_fsbl/zynq_fsbl_bsp/ps7_cortexa9_0/libsrc/scugic
TRACE::2025-06-22.14:39:38::SCWBDomain::_v4_1/src'

TRACE::2025-06-22.14:39:38::SCWBDomain::"Running Make libs in ps7_cortexa9_0/libsrc/scutimer_v2_1/src"

TRACE::2025-06-22.14:39:38::SCWBDomain::make -C ps7_cortexa9_0/libsrc/scutimer_v2_1/src -s libs  "SHELL=CMD" "COMPILER=arm-none-eabi-gcc" "ASSEMBLER=arm-none-eabi-as" 
TRACE::2025-06-22.14:39:38::SCWBDomain::"ARCHIVER=arm-none-eabi-ar" "COMPILER_FLAGS=  -O2 -c" "EXTRA_COMPILER_FLAGS=-mcpu=cortex-a9 -mfpu=vfpv3 -mfloat-abi=hard -nosta
TRACE::2025-06-22.14:39:38::SCWBDomain::rtfiles -g -Wall -Wextra"

TRACE::2025-06-22.14:39:38::SCWBDomain::make[2]: Entering directory 'C:/Users/kumar/axi_adc_intr/workplace/intr_adc/zynq_fsbl/zynq_fsbl_bsp/ps7_cortexa9_0/libsrc/scuti
TRACE::2025-06-22.14:39:38::SCWBDomain::mer_v2_1/src'

TRACE::2025-06-22.14:39:38::SCWBDomain::"Compiling scutimer"

TRACE::2025-06-22.14:39:39::SCWBDomain::make[2]: Leaving directory 'C:/Users/kumar/axi_adc_intr/workplace/intr_adc/zynq_fsbl/zynq_fsbl_bsp/ps7_cortexa9_0/libsrc/scutim
TRACE::2025-06-22.14:39:39::SCWBDomain::er_v2_1/src'

TRACE::2025-06-22.14:39:39::SCWBDomain::"Running Make libs in ps7_cortexa9_0/libsrc/scuwdt_v2_1/src"

TRACE::2025-06-22.14:39:39::SCWBDomain::make -C ps7_cortexa9_0/libsrc/scuwdt_v2_1/src -s libs  "SHELL=CMD" "COMPILER=arm-none-eabi-gcc" "ASSEMBLER=arm-none-eabi-as" "A
TRACE::2025-06-22.14:39:39::SCWBDomain::RCHIVER=arm-none-eabi-ar" "COMPILER_FLAGS=  -O2 -c" "EXTRA_COMPILER_FLAGS=-mcpu=cortex-a9 -mfpu=vfpv3 -mfloat-abi=hard -nostart
TRACE::2025-06-22.14:39:39::SCWBDomain::files -g -Wall -Wextra"

TRACE::2025-06-22.14:39:39::SCWBDomain::make[2]: Entering directory 'C:/Users/kumar/axi_adc_intr/workplace/intr_adc/zynq_fsbl/zynq_fsbl_bsp/ps7_cortexa9_0/libsrc/scuwd
TRACE::2025-06-22.14:39:39::SCWBDomain::t_v2_1/src'

TRACE::2025-06-22.14:39:39::SCWBDomain::"Compiling scuwdt"

TRACE::2025-06-22.14:39:39::SCWBDomain::make[2]: Leaving directory 'C:/Users/kumar/axi_adc_intr/workplace/intr_adc/zynq_fsbl/zynq_fsbl_bsp/ps7_cortexa9_0/libsrc/scuwdt
TRACE::2025-06-22.14:39:39::SCWBDomain::_v2_1/src'

TRACE::2025-06-22.14:39:39::SCWBDomain::"Running Make libs in ps7_cortexa9_0/libsrc/sdps_v3_8/src"

TRACE::2025-06-22.14:39:39::SCWBDomain::make -C ps7_cortexa9_0/libsrc/sdps_v3_8/src -s libs  "SHELL=CMD" "COMPILER=arm-none-eabi-gcc" "ASSEMBLER=arm-none-eabi-as" "ARC
TRACE::2025-06-22.14:39:39::SCWBDomain::HIVER=arm-none-eabi-ar" "COMPILER_FLAGS=  -O2 -c" "EXTRA_COMPILER_FLAGS=-mcpu=cortex-a9 -mfpu=vfpv3 -mfloat-abi=hard -nostartfi
TRACE::2025-06-22.14:39:39::SCWBDomain::les -g -Wall -Wextra"

TRACE::2025-06-22.14:39:39::SCWBDomain::make[2]: Entering directory 'C:/Users/kumar/axi_adc_intr/workplace/intr_adc/zynq_fsbl/zynq_fsbl_bsp/ps7_cortexa9_0/libsrc/sdps_
TRACE::2025-06-22.14:39:39::SCWBDomain::v3_8/src'

TRACE::2025-06-22.14:39:39::SCWBDomain::"Compiling sdps"

TRACE::2025-06-22.14:39:40::SCWBDomain::make[2]: Leaving directory 'C:/Users/kumar/axi_adc_intr/workplace/intr_adc/zynq_fsbl/zynq_fsbl_bsp/ps7_cortexa9_0/libsrc/sdps_v
TRACE::2025-06-22.14:39:40::SCWBDomain::3_8/src'

TRACE::2025-06-22.14:39:40::SCWBDomain::"Running Make libs in ps7_cortexa9_0/libsrc/standalone_v7_1/src"

TRACE::2025-06-22.14:39:40::SCWBDomain::make -C ps7_cortexa9_0/libsrc/standalone_v7_1/src -s libs  "SHELL=CMD" "COMPILER=arm-none-eabi-gcc" "ASSEMBLER=arm-none-eabi-as
TRACE::2025-06-22.14:39:40::SCWBDomain::" "ARCHIVER=arm-none-eabi-ar" "COMPILER_FLAGS=  -O2 -c" "EXTRA_COMPILER_FLAGS=-mcpu=cortex-a9 -mfpu=vfpv3 -mfloat-abi=hard -nos
TRACE::2025-06-22.14:39:40::SCWBDomain::tartfiles -g -Wall -Wextra"

TRACE::2025-06-22.14:39:40::SCWBDomain::make[2]: Entering directory 'C:/Users/kumar/axi_adc_intr/workplace/intr_adc/zynq_fsbl/zynq_fsbl_bsp/ps7_cortexa9_0/libsrc/stand
TRACE::2025-06-22.14:39:40::SCWBDomain::alone_v7_1/src'

TRACE::2025-06-22.14:39:40::SCWBDomain::"Compiling standalone"

TRACE::2025-06-22.14:39:43::SCWBDomain::make[2]: Leaving directory 'C:/Users/kumar/axi_adc_intr/workplace/intr_adc/zynq_fsbl/zynq_fsbl_bsp/ps7_cortexa9_0/libsrc/standa
TRACE::2025-06-22.14:39:43::SCWBDomain::lone_v7_1/src'

TRACE::2025-06-22.14:39:43::SCWBDomain::"Running Make libs in ps7_cortexa9_0/libsrc/uartps_v3_8/src"

TRACE::2025-06-22.14:39:43::SCWBDomain::make -C ps7_cortexa9_0/libsrc/uartps_v3_8/src -s libs  "SHELL=CMD" "COMPILER=arm-none-eabi-gcc" "ASSEMBLER=arm-none-eabi-as" "A
TRACE::2025-06-22.14:39:43::SCWBDomain::RCHIVER=arm-none-eabi-ar" "COMPILER_FLAGS=  -O2 -c" "EXTRA_COMPILER_FLAGS=-mcpu=cortex-a9 -mfpu=vfpv3 -mfloat-abi=hard -nostart
TRACE::2025-06-22.14:39:43::SCWBDomain::files -g -Wall -Wextra"

TRACE::2025-06-22.14:39:43::SCWBDomain::make[2]: Entering directory 'C:/Users/kumar/axi_adc_intr/workplace/intr_adc/zynq_fsbl/zynq_fsbl_bsp/ps7_cortexa9_0/libsrc/uartp
TRACE::2025-06-22.14:39:43::SCWBDomain::s_v3_8/src'

TRACE::2025-06-22.14:39:44::SCWBDomain::"Compiling uartps"

TRACE::2025-06-22.14:39:44::SCWBDomain::make[2]: Leaving directory 'C:/Users/kumar/axi_adc_intr/workplace/intr_adc/zynq_fsbl/zynq_fsbl_bsp/ps7_cortexa9_0/libsrc/uartps
TRACE::2025-06-22.14:39:44::SCWBDomain::_v3_8/src'

TRACE::2025-06-22.14:39:44::SCWBDomain::"Running Make libs in ps7_cortexa9_0/libsrc/usbps_v2_4/src"

TRACE::2025-06-22.14:39:44::SCWBDomain::make -C ps7_cortexa9_0/libsrc/usbps_v2_4/src -s libs  "SHELL=CMD" "COMPILER=arm-none-eabi-gcc" "ASSEMBLER=arm-none-eabi-as" "AR
TRACE::2025-06-22.14:39:44::SCWBDomain::CHIVER=arm-none-eabi-ar" "COMPILER_FLAGS=  -O2 -c" "EXTRA_COMPILER_FLAGS=-mcpu=cortex-a9 -mfpu=vfpv3 -mfloat-abi=hard -nostartf
TRACE::2025-06-22.14:39:44::SCWBDomain::iles -g -Wall -Wextra"

TRACE::2025-06-22.14:39:44::SCWBDomain::make[2]: Entering directory 'C:/Users/kumar/axi_adc_intr/workplace/intr_adc/zynq_fsbl/zynq_fsbl_bsp/ps7_cortexa9_0/libsrc/usbps
TRACE::2025-06-22.14:39:44::SCWBDomain::_v2_4/src'

TRACE::2025-06-22.14:39:44::SCWBDomain::"Compiling usbps"

TRACE::2025-06-22.14:39:45::SCWBDomain::make[2]: Leaving directory 'C:/Users/kumar/axi_adc_intr/workplace/intr_adc/zynq_fsbl/zynq_fsbl_bsp/ps7_cortexa9_0/libsrc/usbps_
TRACE::2025-06-22.14:39:45::SCWBDomain::v2_4/src'

TRACE::2025-06-22.14:39:45::SCWBDomain::"Running Make libs in ps7_cortexa9_0/libsrc/xadcps_v2_3/src"

TRACE::2025-06-22.14:39:45::SCWBDomain::make -C ps7_cortexa9_0/libsrc/xadcps_v2_3/src -s libs  "SHELL=CMD" "COMPILER=arm-none-eabi-gcc" "ASSEMBLER=arm-none-eabi-as" "A
TRACE::2025-06-22.14:39:45::SCWBDomain::RCHIVER=arm-none-eabi-ar" "COMPILER_FLAGS=  -O2 -c" "EXTRA_COMPILER_FLAGS=-mcpu=cortex-a9 -mfpu=vfpv3 -mfloat-abi=hard -nostart
TRACE::2025-06-22.14:39:45::SCWBDomain::files -g -Wall -Wextra"

TRACE::2025-06-22.14:39:45::SCWBDomain::make[2]: Entering directory 'C:/Users/kumar/axi_adc_intr/workplace/intr_adc/zynq_fsbl/zynq_fsbl_bsp/ps7_cortexa9_0/libsrc/xadcp
TRACE::2025-06-22.14:39:45::SCWBDomain::s_v2_3/src'

TRACE::2025-06-22.14:39:45::SCWBDomain::"Compiling xadcps"

TRACE::2025-06-22.14:39:46::SCWBDomain::make[2]: Leaving directory 'C:/Users/kumar/axi_adc_intr/workplace/intr_adc/zynq_fsbl/zynq_fsbl_bsp/ps7_cortexa9_0/libsrc/xadcps
TRACE::2025-06-22.14:39:46::SCWBDomain::_v2_3/src'

TRACE::2025-06-22.14:39:46::SCWBDomain::"Running Make libs in ps7_cortexa9_0/libsrc/xilffs_v4_2/src"

TRACE::2025-06-22.14:39:46::SCWBDomain::make -C ps7_cortexa9_0/libsrc/xilffs_v4_2/src -s libs  "SHELL=CMD" "COMPILER=arm-none-eabi-gcc" "ASSEMBLER=arm-none-eabi-as" "A
TRACE::2025-06-22.14:39:46::SCWBDomain::RCHIVER=arm-none-eabi-ar" "COMPILER_FLAGS=  -O2 -c" "EXTRA_COMPILER_FLAGS=-mcpu=cortex-a9 -mfpu=vfpv3 -mfloat-abi=hard -nostart
TRACE::2025-06-22.14:39:46::SCWBDomain::files -g -Wall -Wextra"

TRACE::2025-06-22.14:39:46::SCWBDomain::make[2]: Entering directory 'C:/Users/kumar/axi_adc_intr/workplace/intr_adc/zynq_fsbl/zynq_fsbl_bsp/ps7_cortexa9_0/libsrc/xilff
TRACE::2025-06-22.14:39:46::SCWBDomain::s_v4_2/src'

TRACE::2025-06-22.14:39:46::SCWBDomain::"Compiling XilFFs Library"

TRACE::2025-06-22.14:39:47::SCWBDomain::make[2]: Leaving directory 'C:/Users/kumar/axi_adc_intr/workplace/intr_adc/zynq_fsbl/zynq_fsbl_bsp/ps7_cortexa9_0/libsrc/xilffs
TRACE::2025-06-22.14:39:47::SCWBDomain::_v4_2/src'

TRACE::2025-06-22.14:39:47::SCWBDomain::"Running Make libs in ps7_cortexa9_0/libsrc/xilrsa_v1_5/src"

TRACE::2025-06-22.14:39:47::SCWBDomain::make -C ps7_cortexa9_0/libsrc/xilrsa_v1_5/src -s libs  "SHELL=CMD" "COMPILER=arm-none-eabi-gcc" "ASSEMBLER=arm-none-eabi-as" "A
TRACE::2025-06-22.14:39:47::SCWBDomain::RCHIVER=arm-none-eabi-ar" "COMPILER_FLAGS=  -O2 -c" "EXTRA_COMPILER_FLAGS=-mcpu=cortex-a9 -mfpu=vfpv3 -mfloat-abi=hard -nostart
TRACE::2025-06-22.14:39:47::SCWBDomain::files -g -Wall -Wextra"

TRACE::2025-06-22.14:39:47::SCWBDomain::make[2]: Entering directory 'C:/Users/kumar/axi_adc_intr/workplace/intr_adc/zynq_fsbl/zynq_fsbl_bsp/ps7_cortexa9_0/libsrc/xilrs
TRACE::2025-06-22.14:39:47::SCWBDomain::a_v1_5/src'

TRACE::2025-06-22.14:39:47::SCWBDomain::make[2]: Leaving directory 'C:/Users/kumar/axi_adc_intr/workplace/intr_adc/zynq_fsbl/zynq_fsbl_bsp/ps7_cortexa9_0/libsrc/xilrsa
TRACE::2025-06-22.14:39:47::SCWBDomain::_v1_5/src'

TRACE::2025-06-22.14:39:48::SCWBDomain::'Finished building libraries'

TRACE::2025-06-22.14:39:48::SCWBDomain::make[1]: Leaving directory 'C:/Users/kumar/axi_adc_intr/workplace/intr_adc/zynq_fsbl/zynq_fsbl_bsp'

TRACE::2025-06-22.14:39:48::SCWBDomain::arm-none-eabi-gcc -MMD -MP       -mcpu=cortex-a9 -mfpu=vfpv3 -mfloat-abi=hard   -c sd.c -o sd.o -Izynq_fsbl_bsp/ps7_cortexa9_0/
TRACE::2025-06-22.14:39:48::SCWBDomain::include -I.

TRACE::2025-06-22.14:39:48::SCWBDomain::arm-none-eabi-gcc -MMD -MP       -mcpu=cortex-a9 -mfpu=vfpv3 -mfloat-abi=hard   -c nand.c -o nand.o -Izynq_fsbl_bsp/ps7_cortexa
TRACE::2025-06-22.14:39:48::SCWBDomain::9_0/include -I.

TRACE::2025-06-22.14:39:48::SCWBDomain::arm-none-eabi-gcc -MMD -MP       -mcpu=cortex-a9 -mfpu=vfpv3 -mfloat-abi=hard   -c nor.c -o nor.o -Izynq_fsbl_bsp/ps7_cortexa9_
TRACE::2025-06-22.14:39:48::SCWBDomain::0/include -I.

TRACE::2025-06-22.14:39:48::SCWBDomain::arm-none-eabi-gcc -MMD -MP       -mcpu=cortex-a9 -mfpu=vfpv3 -mfloat-abi=hard   -c image_mover.c -o image_mover.o -Izynq_fsbl_b
TRACE::2025-06-22.14:39:48::SCWBDomain::sp/ps7_cortexa9_0/include -I.

TRACE::2025-06-22.14:39:48::SCWBDomain::arm-none-eabi-gcc -MMD -MP       -mcpu=cortex-a9 -mfpu=vfpv3 -mfloat-abi=hard   -c md5.c -o md5.o -Izynq_fsbl_bsp/ps7_cortexa9_
TRACE::2025-06-22.14:39:48::SCWBDomain::0/include -I.

TRACE::2025-06-22.14:39:48::SCWBDomain::arm-none-eabi-gcc -MMD -MP       -mcpu=cortex-a9 -mfpu=vfpv3 -mfloat-abi=hard   -c fsbl_hooks.c -o fsbl_hooks.o -Izynq_fsbl_bsp
TRACE::2025-06-22.14:39:48::SCWBDomain::/ps7_cortexa9_0/include -I.

TRACE::2025-06-22.14:39:48::SCWBDomain::arm-none-eabi-gcc -MMD -MP       -mcpu=cortex-a9 -mfpu=vfpv3 -mfloat-abi=hard   -c main.c -o main.o -Izynq_fsbl_bsp/ps7_cortexa
TRACE::2025-06-22.14:39:48::SCWBDomain::9_0/include -I.

TRACE::2025-06-22.14:39:48::SCWBDomain::arm-none-eabi-gcc -MMD -MP       -mcpu=cortex-a9 -mfpu=vfpv3 -mfloat-abi=hard   -c rsa.c -o rsa.o -Izynq_fsbl_bsp/ps7_cortexa9_
TRACE::2025-06-22.14:39:48::SCWBDomain::0/include -I.

TRACE::2025-06-22.14:39:48::SCWBDomain::arm-none-eabi-gcc -MMD -MP       -mcpu=cortex-a9 -mfpu=vfpv3 -mfloat-abi=hard   -c qspi.c -o qspi.o -Izynq_fsbl_bsp/ps7_cortexa
TRACE::2025-06-22.14:39:48::SCWBDomain::9_0/include -I.

TRACE::2025-06-22.14:39:48::SCWBDomain::arm-none-eabi-gcc -MMD -MP       -mcpu=cortex-a9 -mfpu=vfpv3 -mfloat-abi=hard   -c ps7_init.c -o ps7_init.o -Izynq_fsbl_bsp/ps7
TRACE::2025-06-22.14:39:48::SCWBDomain::_cortexa9_0/include -I.

TRACE::2025-06-22.14:39:48::SCWBDomain::arm-none-eabi-gcc -MMD -MP       -mcpu=cortex-a9 -mfpu=vfpv3 -mfloat-abi=hard   -c pcap.c -o pcap.o -Izynq_fsbl_bsp/ps7_cortexa
TRACE::2025-06-22.14:39:48::SCWBDomain::9_0/include -I.

TRACE::2025-06-22.14:39:48::SCWBDomain::arm-none-eabi-gcc -MMD -MP       -mcpu=cortex-a9 -mfpu=vfpv3 -mfloat-abi=hard   -c fsbl_handoff.S -o fsbl_handoff.o -Izynq_fsbl
TRACE::2025-06-22.14:39:48::SCWBDomain::_bsp/ps7_cortexa9_0/include -I.

TRACE::2025-06-22.14:39:48::SCWBDomain::arm-none-eabi-gcc -o executable.elf  sd.o  nand.o  nor.o  image_mover.o  md5.o  fsbl_hooks.o  main.o  rsa.o  qspi.o  ps7_init.o
TRACE::2025-06-22.14:39:48::SCWBDomain::  pcap.o  fsbl_handoff.o -MMD -MP       -mcpu=cortex-a9 -mfpu=vfpv3 -mfloat-abi=hard   -mcpu=cortex-a9 -mfpu=vfpv3 -mfloat-abi=
TRACE::2025-06-22.14:39:48::SCWBDomain::hard -Wl,-build-id=none -specs=Xilinx.spec  -lrsa -Wl,--start-group,-lxil,-lgcc,-lc,--end-group -Wl,--start-group,-lxilffs,-lxi
TRACE::2025-06-22.14:39:48::SCWBDomain::l,-lgcc,-lc,--end-group -Wl,--start-group,-lrsa,-lxil,-lgcc,-lc,--end-group                                     -Wl,--gc-sectio
TRACE::2025-06-22.14:39:48::SCWBDomain::ns -Lzynq_fsbl_bsp/ps7_cortexa9_0/lib -L./ -Tlscript.ld

LOG::2025-06-22.14:39:48::SCWSystem::Checking the domain standalone_domain
LOG::2025-06-22.14:39:48::SCWSystem::Not a boot domain 
LOG::2025-06-22.14:39:48::SCWSystem::Started Processing the domain standalone_domain
TRACE::2025-06-22.14:39:48::SCWDomain::Generating domain artifcats
TRACE::2025-06-22.14:39:48::SCWMssOS::Generating standalone artifcats
TRACE::2025-06-22.14:39:48::SCWMssOS::Copying the qemu file from  C:/Xilinx/Vivado_2019/Vitis/2019.2/data/emulation/platforms/zynq/qemu/qemu_args.txt To C:/Users/kumar/axi_adc_intr/workplace/intr_adc/export/intr_adc/sw/intr_adc/qemu/
TRACE::2025-06-22.14:39:48::SCWMssOS::Copying the qemu file from  C:/Xilinx/Vivado_2019/Vitis/2019.2/data/emulation/platforms/zynq/qemu/qemu_args.txt To C:/Users/kumar/axi_adc_intr/workplace/intr_adc/export/intr_adc/sw/intr_adc/standalone_domain/qemu/
TRACE::2025-06-22.14:39:48::SCWMssOS:: Copying the user libraries. 
TRACE::2025-06-22.14:39:48::SCWPlatform::Trying to open the hw design at C:/Users/kumar/axi_adc_intr/workplace/intr_adc/hw/design_1_wrapper.xsa
TRACE::2025-06-22.14:39:48::SCWPlatform::DSA given C:/Users/kumar/axi_adc_intr/workplace/intr_adc/hw/design_1_wrapper.xsa
TRACE::2025-06-22.14:39:48::SCWPlatform::DSA absoulate path C:/Users/kumar/axi_adc_intr/workplace/intr_adc/hw/design_1_wrapper.xsa
TRACE::2025-06-22.14:39:48::SCWPlatform::DSA directory C:/Users/kumar/axi_adc_intr/workplace/intr_adc/hw
TRACE::2025-06-22.14:39:48::SCWPlatform:: Platform Path C:/Users/kumar/axi_adc_intr/workplace/intr_adc/hw/design_1_wrapper.xsa
TRACE::2025-06-22.14:39:48::SCWPlatform:: Unique name xilinx:zybo-z7-10::0.0
TRACE::2025-06-22.14:39:48::SCWPlatform::Trying to set the existing hwdb with name design_1_wrapper_1
TRACE::2025-06-22.14:39:48::SCWPlatform::Opened existing hwdb design_1_wrapper_1
TRACE::2025-06-22.14:39:48::SCWPlatform::Found the Hw Db part of the input DSA
TRACE::2025-06-22.14:39:48::SCWMssOS::Checking the sw design at  C:/Users/kumar/axi_adc_intr/workplace/intr_adc/ps7_cortexa9_0/standalone_domain/bsp/system.mss
TRACE::2025-06-22.14:39:48::SCWMssOS::DEBUG:  swdes dump  C:/Users/kumar/axi_adc_intr/workplace/intr_adc/zynq_fsbl/zynq_fsbl_bsp/system.mss|system||

TRACE::2025-06-22.14:39:48::SCWMssOS::No sw design opened at  C:/Users/kumar/axi_adc_intr/workplace/intr_adc/ps7_cortexa9_0/standalone_domain/bsp/system.mss
TRACE::2025-06-22.14:39:48::SCWMssOS::mss exists loading the mss file  C:/Users/kumar/axi_adc_intr/workplace/intr_adc/ps7_cortexa9_0/standalone_domain/bsp/system.mss
TRACE::2025-06-22.14:39:48::SCWMssOS::Opened the sw design from mss  C:/Users/kumar/axi_adc_intr/workplace/intr_adc/ps7_cortexa9_0/standalone_domain/bsp/system.mss
TRACE::2025-06-22.14:39:48::SCWMssOS::Adding the swdes entry C:/Users/kumar/axi_adc_intr/workplace/intr_adc/ps7_cortexa9_0/standalone_domain/bsp/system.mss with des name system_0
TRACE::2025-06-22.14:39:48::SCWMssOS::updating the scw layer about changes
TRACE::2025-06-22.14:39:49::SCWMssOS::Opened the sw design.  C:/Users/kumar/axi_adc_intr/workplace/intr_adc/ps7_cortexa9_0/standalone_domain/bsp/system.mss
TRACE::2025-06-22.14:39:49::SCWMssOS::Completed writing the mss file at C:/Users/kumar/axi_adc_intr/workplace/intr_adc/ps7_cortexa9_0/standalone_domain/bsp
TRACE::2025-06-22.14:39:49::SCWMssOS::Mss edits present, copying mssfile into export location C:/Users/kumar/axi_adc_intr/workplace/intr_adc/ps7_cortexa9_0/standalone_domain/bsp/system.mss
TRACE::2025-06-22.14:39:49::SCWMssOS::bsp generated is upto date with the mss file. Skipping bsp generation.
TRACE::2025-06-22.14:39:49::SCWMssOS::BSP is already built. skipping the bsp build ... 
TRACE::2025-06-22.14:39:49::SCWDomain::Building the domain as part of full build :  standalone_domain
TRACE::2025-06-22.14:39:49::SCWMssOS::doing bsp build ... 
TRACE::2025-06-22.14:39:49::SCWMssOS::System Command Ran  C: & cd  C:/Users/kumar/axi_adc_intr/workplace/intr_adc/ps7_cortexa9_0/standalone_domain/bsp & make 
TRACE::2025-06-22.14:39:49::SCWMssOS::"Running Make include in ps7_cortexa9_0/libsrc/coresightps_dcc_v1_6/src"

TRACE::2025-06-22.14:39:49::SCWMssOS::make -C ps7_cortexa9_0/libsrc/coresightps_dcc_v1_6/src -s include  "SHELL=CMD" "COMPILER=arm-none-eabi-gcc" "ASSEMBLER=arm-none
TRACE::2025-06-22.14:39:49::SCWMssOS::-eabi-as" "ARCHIVER=arm-none-eabi-ar" "COMPILER_FLAGS=  -O2 -c" "EXTRA_COMPILER_FLAGS=-mcpu=cortex-a9 -mfpu=vfpv3 -mfloat-abi=h
TRACE::2025-06-22.14:39:49::SCWMssOS::ard -nostartfiles -g -Wall -Wextra"

TRACE::2025-06-22.14:39:49::SCWMssOS::"Running Make include in ps7_cortexa9_0/libsrc/cpu_cortexa9_v2_8/src"

TRACE::2025-06-22.14:39:49::SCWMssOS::make -C ps7_cortexa9_0/libsrc/cpu_cortexa9_v2_8/src -s include  "SHELL=CMD" "COMPILER=arm-none-eabi-gcc" "ASSEMBLER=arm-none-ea
TRACE::2025-06-22.14:39:49::SCWMssOS::bi-as" "ARCHIVER=arm-none-eabi-ar" "COMPILER_FLAGS=  -O2 -c" "EXTRA_COMPILER_FLAGS=-mcpu=cortex-a9 -mfpu=vfpv3 -mfloat-abi=hard
TRACE::2025-06-22.14:39:49::SCWMssOS:: -nostartfiles -g -Wall -Wextra"

TRACE::2025-06-22.14:39:49::SCWMssOS::"Running Make include in ps7_cortexa9_0/libsrc/ddrps_v1_0/src"

TRACE::2025-06-22.14:39:49::SCWMssOS::make -C ps7_cortexa9_0/libsrc/ddrps_v1_0/src -s include  "SHELL=CMD" "COMPILER=arm-none-eabi-gcc" "ASSEMBLER=arm-none-eabi-as" 
TRACE::2025-06-22.14:39:49::SCWMssOS::"ARCHIVER=arm-none-eabi-ar" "COMPILER_FLAGS=  -O2 -c" "EXTRA_COMPILER_FLAGS=-mcpu=cortex-a9 -mfpu=vfpv3 -mfloat-abi=hard -nosta
TRACE::2025-06-22.14:39:49::SCWMssOS::rtfiles -g -Wall -Wextra"

TRACE::2025-06-22.14:39:49::SCWMssOS::"Running Make include in ps7_cortexa9_0/libsrc/devcfg_v3_5/src"

TRACE::2025-06-22.14:39:49::SCWMssOS::make -C ps7_cortexa9_0/libsrc/devcfg_v3_5/src -s include  "SHELL=CMD" "COMPILER=arm-none-eabi-gcc" "ASSEMBLER=arm-none-eabi-as"
TRACE::2025-06-22.14:39:49::SCWMssOS:: "ARCHIVER=arm-none-eabi-ar" "COMPILER_FLAGS=  -O2 -c" "EXTRA_COMPILER_FLAGS=-mcpu=cortex-a9 -mfpu=vfpv3 -mfloat-abi=hard -nost
TRACE::2025-06-22.14:39:49::SCWMssOS::artfiles -g -Wall -Wextra"

TRACE::2025-06-22.14:39:49::SCWMssOS::"Running Make include in ps7_cortexa9_0/libsrc/dmaps_v2_5/src"

TRACE::2025-06-22.14:39:49::SCWMssOS::make -C ps7_cortexa9_0/libsrc/dmaps_v2_5/src -s include  "SHELL=CMD" "COMPILER=arm-none-eabi-gcc" "ASSEMBLER=arm-none-eabi-as" 
TRACE::2025-06-22.14:39:49::SCWMssOS::"ARCHIVER=arm-none-eabi-ar" "COMPILER_FLAGS=  -O2 -c" "EXTRA_COMPILER_FLAGS=-mcpu=cortex-a9 -mfpu=vfpv3 -mfloat-abi=hard -nosta
TRACE::2025-06-22.14:39:49::SCWMssOS::rtfiles -g -Wall -Wextra"

TRACE::2025-06-22.14:39:49::SCWMssOS::"Running Make include in ps7_cortexa9_0/libsrc/emacps_v3_10/src"

TRACE::2025-06-22.14:39:49::SCWMssOS::make -C ps7_cortexa9_0/libsrc/emacps_v3_10/src -s include  "SHELL=CMD" "COMPILER=arm-none-eabi-gcc" "ASSEMBLER=arm-none-eabi-as
TRACE::2025-06-22.14:39:49::SCWMssOS::" "ARCHIVER=arm-none-eabi-ar" "COMPILER_FLAGS=  -O2 -c" "EXTRA_COMPILER_FLAGS=-mcpu=cortex-a9 -mfpu=vfpv3 -mfloat-abi=hard -nos
TRACE::2025-06-22.14:39:49::SCWMssOS::tartfiles -g -Wall -Wextra"

TRACE::2025-06-22.14:39:49::SCWMssOS::"Running Make include in ps7_cortexa9_0/libsrc/gpiops_v3_6/src"

TRACE::2025-06-22.14:39:49::SCWMssOS::make -C ps7_cortexa9_0/libsrc/gpiops_v3_6/src -s include  "SHELL=CMD" "COMPILER=arm-none-eabi-gcc" "ASSEMBLER=arm-none-eabi-as"
TRACE::2025-06-22.14:39:49::SCWMssOS:: "ARCHIVER=arm-none-eabi-ar" "COMPILER_FLAGS=  -O2 -c" "EXTRA_COMPILER_FLAGS=-mcpu=cortex-a9 -mfpu=vfpv3 -mfloat-abi=hard -nost
TRACE::2025-06-22.14:39:49::SCWMssOS::artfiles -g -Wall -Wextra"

TRACE::2025-06-22.14:39:49::SCWMssOS::"Running Make include in ps7_cortexa9_0/libsrc/gpio_v4_5/src"

TRACE::2025-06-22.14:39:49::SCWMssOS::make -C ps7_cortexa9_0/libsrc/gpio_v4_5/src -s include  "SHELL=CMD" "COMPILER=arm-none-eabi-gcc" "ASSEMBLER=arm-none-eabi-as" "
TRACE::2025-06-22.14:39:49::SCWMssOS::ARCHIVER=arm-none-eabi-ar" "COMPILER_FLAGS=  -O2 -c" "EXTRA_COMPILER_FLAGS=-mcpu=cortex-a9 -mfpu=vfpv3 -mfloat-abi=hard -nostar
TRACE::2025-06-22.14:39:49::SCWMssOS::tfiles -g -Wall -Wextra"

TRACE::2025-06-22.14:39:49::SCWMssOS::"Running Make include in ps7_cortexa9_0/libsrc/qspips_v3_6/src"

TRACE::2025-06-22.14:39:49::SCWMssOS::make -C ps7_cortexa9_0/libsrc/qspips_v3_6/src -s include  "SHELL=CMD" "COMPILER=arm-none-eabi-gcc" "ASSEMBLER=arm-none-eabi-as"
TRACE::2025-06-22.14:39:49::SCWMssOS:: "ARCHIVER=arm-none-eabi-ar" "COMPILER_FLAGS=  -O2 -c" "EXTRA_COMPILER_FLAGS=-mcpu=cortex-a9 -mfpu=vfpv3 -mfloat-abi=hard -nost
TRACE::2025-06-22.14:39:49::SCWMssOS::artfiles -g -Wall -Wextra"

TRACE::2025-06-22.14:39:49::SCWMssOS::"Running Make include in ps7_cortexa9_0/libsrc/scugic_v4_1/src"

TRACE::2025-06-22.14:39:49::SCWMssOS::make -C ps7_cortexa9_0/libsrc/scugic_v4_1/src -s include  "SHELL=CMD" "COMPILER=arm-none-eabi-gcc" "ASSEMBLER=arm-none-eabi-as"
TRACE::2025-06-22.14:39:49::SCWMssOS:: "ARCHIVER=arm-none-eabi-ar" "COMPILER_FLAGS=  -O2 -c" "EXTRA_COMPILER_FLAGS=-mcpu=cortex-a9 -mfpu=vfpv3 -mfloat-abi=hard -nost
TRACE::2025-06-22.14:39:49::SCWMssOS::artfiles -g -Wall -Wextra"

TRACE::2025-06-22.14:39:49::SCWMssOS::"Running Make include in ps7_cortexa9_0/libsrc/scutimer_v2_1/src"

TRACE::2025-06-22.14:39:49::SCWMssOS::make -C ps7_cortexa9_0/libsrc/scutimer_v2_1/src -s include  "SHELL=CMD" "COMPILER=arm-none-eabi-gcc" "ASSEMBLER=arm-none-eabi-a
TRACE::2025-06-22.14:39:49::SCWMssOS::s" "ARCHIVER=arm-none-eabi-ar" "COMPILER_FLAGS=  -O2 -c" "EXTRA_COMPILER_FLAGS=-mcpu=cortex-a9 -mfpu=vfpv3 -mfloat-abi=hard -no
TRACE::2025-06-22.14:39:49::SCWMssOS::startfiles -g -Wall -Wextra"

TRACE::2025-06-22.14:39:50::SCWMssOS::"Running Make include in ps7_cortexa9_0/libsrc/scuwdt_v2_1/src"

TRACE::2025-06-22.14:39:50::SCWMssOS::make -C ps7_cortexa9_0/libsrc/scuwdt_v2_1/src -s include  "SHELL=CMD" "COMPILER=arm-none-eabi-gcc" "ASSEMBLER=arm-none-eabi-as"
TRACE::2025-06-22.14:39:50::SCWMssOS:: "ARCHIVER=arm-none-eabi-ar" "COMPILER_FLAGS=  -O2 -c" "EXTRA_COMPILER_FLAGS=-mcpu=cortex-a9 -mfpu=vfpv3 -mfloat-abi=hard -nost
TRACE::2025-06-22.14:39:50::SCWMssOS::artfiles -g -Wall -Wextra"

TRACE::2025-06-22.14:39:50::SCWMssOS::"Running Make include in ps7_cortexa9_0/libsrc/sdps_v3_8/src"

TRACE::2025-06-22.14:39:50::SCWMssOS::make -C ps7_cortexa9_0/libsrc/sdps_v3_8/src -s include  "SHELL=CMD" "COMPILER=arm-none-eabi-gcc" "ASSEMBLER=arm-none-eabi-as" "
TRACE::2025-06-22.14:39:50::SCWMssOS::ARCHIVER=arm-none-eabi-ar" "COMPILER_FLAGS=  -O2 -c" "EXTRA_COMPILER_FLAGS=-mcpu=cortex-a9 -mfpu=vfpv3 -mfloat-abi=hard -nostar
TRACE::2025-06-22.14:39:50::SCWMssOS::tfiles -g -Wall -Wextra"

TRACE::2025-06-22.14:39:50::SCWMssOS::"Running Make include in ps7_cortexa9_0/libsrc/standalone_v7_1/src"

TRACE::2025-06-22.14:39:50::SCWMssOS::make -C ps7_cortexa9_0/libsrc/standalone_v7_1/src -s include  "SHELL=CMD" "COMPILER=arm-none-eabi-gcc" "ASSEMBLER=arm-none-eabi
TRACE::2025-06-22.14:39:50::SCWMssOS::-as" "ARCHIVER=arm-none-eabi-ar" "COMPILER_FLAGS=  -O2 -c" "EXTRA_COMPILER_FLAGS=-mcpu=cortex-a9 -mfpu=vfpv3 -mfloat-abi=hard -
TRACE::2025-06-22.14:39:50::SCWMssOS::nostartfiles -g -Wall -Wextra"

TRACE::2025-06-22.14:39:50::SCWMssOS::"Running Make include in ps7_cortexa9_0/libsrc/uartps_v3_8/src"

TRACE::2025-06-22.14:39:50::SCWMssOS::make -C ps7_cortexa9_0/libsrc/uartps_v3_8/src -s include  "SHELL=CMD" "COMPILER=arm-none-eabi-gcc" "ASSEMBLER=arm-none-eabi-as"
TRACE::2025-06-22.14:39:50::SCWMssOS:: "ARCHIVER=arm-none-eabi-ar" "COMPILER_FLAGS=  -O2 -c" "EXTRA_COMPILER_FLAGS=-mcpu=cortex-a9 -mfpu=vfpv3 -mfloat-abi=hard -nost
TRACE::2025-06-22.14:39:50::SCWMssOS::artfiles -g -Wall -Wextra"

TRACE::2025-06-22.14:39:50::SCWMssOS::"Running Make include in ps7_cortexa9_0/libsrc/usbps_v2_4/src"

TRACE::2025-06-22.14:39:50::SCWMssOS::make -C ps7_cortexa9_0/libsrc/usbps_v2_4/src -s include  "SHELL=CMD" "COMPILER=arm-none-eabi-gcc" "ASSEMBLER=arm-none-eabi-as" 
TRACE::2025-06-22.14:39:50::SCWMssOS::"ARCHIVER=arm-none-eabi-ar" "COMPILER_FLAGS=  -O2 -c" "EXTRA_COMPILER_FLAGS=-mcpu=cortex-a9 -mfpu=vfpv3 -mfloat-abi=hard -nosta
TRACE::2025-06-22.14:39:50::SCWMssOS::rtfiles -g -Wall -Wextra"

TRACE::2025-06-22.14:39:50::SCWMssOS::"Running Make include in ps7_cortexa9_0/libsrc/xadcps_v2_3/src"

TRACE::2025-06-22.14:39:50::SCWMssOS::make -C ps7_cortexa9_0/libsrc/xadcps_v2_3/src -s include  "SHELL=CMD" "COMPILER=arm-none-eabi-gcc" "ASSEMBLER=arm-none-eabi-as"
TRACE::2025-06-22.14:39:50::SCWMssOS:: "ARCHIVER=arm-none-eabi-ar" "COMPILER_FLAGS=  -O2 -c" "EXTRA_COMPILER_FLAGS=-mcpu=cortex-a9 -mfpu=vfpv3 -mfloat-abi=hard -nost
TRACE::2025-06-22.14:39:50::SCWMssOS::artfiles -g -Wall -Wextra"

TRACE::2025-06-22.14:39:50::SCWMssOS::"Running Make libs in ps7_cortexa9_0/libsrc/coresightps_dcc_v1_6/src"

TRACE::2025-06-22.14:39:50::SCWMssOS::make -C ps7_cortexa9_0/libsrc/coresightps_dcc_v1_6/src -s libs  "SHELL=CMD" "COMPILER=arm-none-eabi-gcc" "ASSEMBLER=arm-none-ea
TRACE::2025-06-22.14:39:50::SCWMssOS::bi-as" "ARCHIVER=arm-none-eabi-ar" "COMPILER_FLAGS=  -O2 -c" "EXTRA_COMPILER_FLAGS=-mcpu=cortex-a9 -mfpu=vfpv3 -mfloat-abi=hard
TRACE::2025-06-22.14:39:50::SCWMssOS:: -nostartfiles -g -Wall -Wextra"

TRACE::2025-06-22.14:39:50::SCWMssOS::"Compiling coresightps_dcc"

TRACE::2025-06-22.14:39:51::SCWMssOS::"Running Make libs in ps7_cortexa9_0/libsrc/cpu_cortexa9_v2_8/src"

TRACE::2025-06-22.14:39:51::SCWMssOS::make -C ps7_cortexa9_0/libsrc/cpu_cortexa9_v2_8/src -s libs  "SHELL=CMD" "COMPILER=arm-none-eabi-gcc" "ASSEMBLER=arm-none-eabi-
TRACE::2025-06-22.14:39:51::SCWMssOS::as" "ARCHIVER=arm-none-eabi-ar" "COMPILER_FLAGS=  -O2 -c" "EXTRA_COMPILER_FLAGS=-mcpu=cortex-a9 -mfpu=vfpv3 -mfloat-abi=hard -n
TRACE::2025-06-22.14:39:51::SCWMssOS::ostartfiles -g -Wall -Wextra"

TRACE::2025-06-22.14:39:51::SCWMssOS::"Compiling cpu_cortexa9"

TRACE::2025-06-22.14:39:51::SCWMssOS::"Running Make libs in ps7_cortexa9_0/libsrc/ddrps_v1_0/src"

TRACE::2025-06-22.14:39:51::SCWMssOS::make -C ps7_cortexa9_0/libsrc/ddrps_v1_0/src -s libs  "SHELL=CMD" "COMPILER=arm-none-eabi-gcc" "ASSEMBLER=arm-none-eabi-as" "AR
TRACE::2025-06-22.14:39:51::SCWMssOS::CHIVER=arm-none-eabi-ar" "COMPILER_FLAGS=  -O2 -c" "EXTRA_COMPILER_FLAGS=-mcpu=cortex-a9 -mfpu=vfpv3 -mfloat-abi=hard -nostartf
TRACE::2025-06-22.14:39:51::SCWMssOS::iles -g -Wall -Wextra"

TRACE::2025-06-22.14:39:51::SCWMssOS::"Compiling ddrps"

TRACE::2025-06-22.14:39:51::SCWMssOS::"Running Make libs in ps7_cortexa9_0/libsrc/devcfg_v3_5/src"

TRACE::2025-06-22.14:39:51::SCWMssOS::make -C ps7_cortexa9_0/libsrc/devcfg_v3_5/src -s libs  "SHELL=CMD" "COMPILER=arm-none-eabi-gcc" "ASSEMBLER=arm-none-eabi-as" "A
TRACE::2025-06-22.14:39:51::SCWMssOS::RCHIVER=arm-none-eabi-ar" "COMPILER_FLAGS=  -O2 -c" "EXTRA_COMPILER_FLAGS=-mcpu=cortex-a9 -mfpu=vfpv3 -mfloat-abi=hard -nostart
TRACE::2025-06-22.14:39:51::SCWMssOS::files -g -Wall -Wextra"

TRACE::2025-06-22.14:39:51::SCWMssOS::"Compiling devcfg"

TRACE::2025-06-22.14:39:51::SCWMssOS::"Running Make libs in ps7_cortexa9_0/libsrc/dmaps_v2_5/src"

TRACE::2025-06-22.14:39:51::SCWMssOS::make -C ps7_cortexa9_0/libsrc/dmaps_v2_5/src -s libs  "SHELL=CMD" "COMPILER=arm-none-eabi-gcc" "ASSEMBLER=arm-none-eabi-as" "AR
TRACE::2025-06-22.14:39:51::SCWMssOS::CHIVER=arm-none-eabi-ar" "COMPILER_FLAGS=  -O2 -c" "EXTRA_COMPILER_FLAGS=-mcpu=cortex-a9 -mfpu=vfpv3 -mfloat-abi=hard -nostartf
TRACE::2025-06-22.14:39:51::SCWMssOS::iles -g -Wall -Wextra"

TRACE::2025-06-22.14:39:51::SCWMssOS::"Compiling dmaps"

TRACE::2025-06-22.14:39:52::SCWMssOS::"Running Make libs in ps7_cortexa9_0/libsrc/emacps_v3_10/src"

TRACE::2025-06-22.14:39:52::SCWMssOS::make -C ps7_cortexa9_0/libsrc/emacps_v3_10/src -s libs  "SHELL=CMD" "COMPILER=arm-none-eabi-gcc" "ASSEMBLER=arm-none-eabi-as" "
TRACE::2025-06-22.14:39:52::SCWMssOS::ARCHIVER=arm-none-eabi-ar" "COMPILER_FLAGS=  -O2 -c" "EXTRA_COMPILER_FLAGS=-mcpu=cortex-a9 -mfpu=vfpv3 -mfloat-abi=hard -nostar
TRACE::2025-06-22.14:39:52::SCWMssOS::tfiles -g -Wall -Wextra"

TRACE::2025-06-22.14:39:52::SCWMssOS::"Compiling emacps"

TRACE::2025-06-22.14:39:53::SCWMssOS::"Running Make libs in ps7_cortexa9_0/libsrc/gpiops_v3_6/src"

TRACE::2025-06-22.14:39:53::SCWMssOS::make -C ps7_cortexa9_0/libsrc/gpiops_v3_6/src -s libs  "SHELL=CMD" "COMPILER=arm-none-eabi-gcc" "ASSEMBLER=arm-none-eabi-as" "A
TRACE::2025-06-22.14:39:53::SCWMssOS::RCHIVER=arm-none-eabi-ar" "COMPILER_FLAGS=  -O2 -c" "EXTRA_COMPILER_FLAGS=-mcpu=cortex-a9 -mfpu=vfpv3 -mfloat-abi=hard -nostart
TRACE::2025-06-22.14:39:53::SCWMssOS::files -g -Wall -Wextra"

TRACE::2025-06-22.14:39:53::SCWMssOS::"Compiling gpiops"

TRACE::2025-06-22.14:39:54::SCWMssOS::"Running Make libs in ps7_cortexa9_0/libsrc/gpio_v4_5/src"

TRACE::2025-06-22.14:39:54::SCWMssOS::make -C ps7_cortexa9_0/libsrc/gpio_v4_5/src -s libs  "SHELL=CMD" "COMPILER=arm-none-eabi-gcc" "ASSEMBLER=arm-none-eabi-as" "ARC
TRACE::2025-06-22.14:39:54::SCWMssOS::HIVER=arm-none-eabi-ar" "COMPILER_FLAGS=  -O2 -c" "EXTRA_COMPILER_FLAGS=-mcpu=cortex-a9 -mfpu=vfpv3 -mfloat-abi=hard -nostartfi
TRACE::2025-06-22.14:39:54::SCWMssOS::les -g -Wall -Wextra"

TRACE::2025-06-22.14:39:54::SCWMssOS::"Compiling gpio"

TRACE::2025-06-22.14:39:55::SCWMssOS::"Running Make libs in ps7_cortexa9_0/libsrc/qspips_v3_6/src"

TRACE::2025-06-22.14:39:55::SCWMssOS::make -C ps7_cortexa9_0/libsrc/qspips_v3_6/src -s libs  "SHELL=CMD" "COMPILER=arm-none-eabi-gcc" "ASSEMBLER=arm-none-eabi-as" "A
TRACE::2025-06-22.14:39:55::SCWMssOS::RCHIVER=arm-none-eabi-ar" "COMPILER_FLAGS=  -O2 -c" "EXTRA_COMPILER_FLAGS=-mcpu=cortex-a9 -mfpu=vfpv3 -mfloat-abi=hard -nostart
TRACE::2025-06-22.14:39:55::SCWMssOS::files -g -Wall -Wextra"

TRACE::2025-06-22.14:39:55::SCWMssOS::"Compiling qspips"

TRACE::2025-06-22.14:39:55::SCWMssOS::"Running Make libs in ps7_cortexa9_0/libsrc/scugic_v4_1/src"

TRACE::2025-06-22.14:39:55::SCWMssOS::make -C ps7_cortexa9_0/libsrc/scugic_v4_1/src -s libs  "SHELL=CMD" "COMPILER=arm-none-eabi-gcc" "ASSEMBLER=arm-none-eabi-as" "A
TRACE::2025-06-22.14:39:55::SCWMssOS::RCHIVER=arm-none-eabi-ar" "COMPILER_FLAGS=  -O2 -c" "EXTRA_COMPILER_FLAGS=-mcpu=cortex-a9 -mfpu=vfpv3 -mfloat-abi=hard -nostart
TRACE::2025-06-22.14:39:55::SCWMssOS::files -g -Wall -Wextra"

TRACE::2025-06-22.14:39:55::SCWMssOS::"Compiling scugic"

TRACE::2025-06-22.14:39:56::SCWMssOS::"Running Make libs in ps7_cortexa9_0/libsrc/scutimer_v2_1/src"

TRACE::2025-06-22.14:39:56::SCWMssOS::make -C ps7_cortexa9_0/libsrc/scutimer_v2_1/src -s libs  "SHELL=CMD" "COMPILER=arm-none-eabi-gcc" "ASSEMBLER=arm-none-eabi-as" 
TRACE::2025-06-22.14:39:56::SCWMssOS::"ARCHIVER=arm-none-eabi-ar" "COMPILER_FLAGS=  -O2 -c" "EXTRA_COMPILER_FLAGS=-mcpu=cortex-a9 -mfpu=vfpv3 -mfloat-abi=hard -nosta
TRACE::2025-06-22.14:39:56::SCWMssOS::rtfiles -g -Wall -Wextra"

TRACE::2025-06-22.14:39:56::SCWMssOS::"Compiling scutimer"

TRACE::2025-06-22.14:39:56::SCWMssOS::"Running Make libs in ps7_cortexa9_0/libsrc/scuwdt_v2_1/src"

TRACE::2025-06-22.14:39:57::SCWMssOS::make -C ps7_cortexa9_0/libsrc/scuwdt_v2_1/src -s libs  "SHELL=CMD" "COMPILER=arm-none-eabi-gcc" "ASSEMBLER=arm-none-eabi-as" "A
TRACE::2025-06-22.14:39:57::SCWMssOS::RCHIVER=arm-none-eabi-ar" "COMPILER_FLAGS=  -O2 -c" "EXTRA_COMPILER_FLAGS=-mcpu=cortex-a9 -mfpu=vfpv3 -mfloat-abi=hard -nostart
TRACE::2025-06-22.14:39:57::SCWMssOS::files -g -Wall -Wextra"

TRACE::2025-06-22.14:39:57::SCWMssOS::"Compiling scuwdt"

TRACE::2025-06-22.14:39:57::SCWMssOS::"Running Make libs in ps7_cortexa9_0/libsrc/sdps_v3_8/src"

TRACE::2025-06-22.14:39:57::SCWMssOS::make -C ps7_cortexa9_0/libsrc/sdps_v3_8/src -s libs  "SHELL=CMD" "COMPILER=arm-none-eabi-gcc" "ASSEMBLER=arm-none-eabi-as" "ARC
TRACE::2025-06-22.14:39:57::SCWMssOS::HIVER=arm-none-eabi-ar" "COMPILER_FLAGS=  -O2 -c" "EXTRA_COMPILER_FLAGS=-mcpu=cortex-a9 -mfpu=vfpv3 -mfloat-abi=hard -nostartfi
TRACE::2025-06-22.14:39:57::SCWMssOS::les -g -Wall -Wextra"

TRACE::2025-06-22.14:39:57::SCWMssOS::"Compiling sdps"

TRACE::2025-06-22.14:39:58::SCWMssOS::"Running Make libs in ps7_cortexa9_0/libsrc/standalone_v7_1/src"

TRACE::2025-06-22.14:39:58::SCWMssOS::make -C ps7_cortexa9_0/libsrc/standalone_v7_1/src -s libs  "SHELL=CMD" "COMPILER=arm-none-eabi-gcc" "ASSEMBLER=arm-none-eabi-as
TRACE::2025-06-22.14:39:58::SCWMssOS::" "ARCHIVER=arm-none-eabi-ar" "COMPILER_FLAGS=  -O2 -c" "EXTRA_COMPILER_FLAGS=-mcpu=cortex-a9 -mfpu=vfpv3 -mfloat-abi=hard -nos
TRACE::2025-06-22.14:39:58::SCWMssOS::tartfiles -g -Wall -Wextra"

TRACE::2025-06-22.14:39:58::SCWMssOS::"Compiling standalone"

TRACE::2025-06-22.14:40:01::SCWMssOS::"Running Make libs in ps7_cortexa9_0/libsrc/uartps_v3_8/src"

TRACE::2025-06-22.14:40:01::SCWMssOS::make -C ps7_cortexa9_0/libsrc/uartps_v3_8/src -s libs  "SHELL=CMD" "COMPILER=arm-none-eabi-gcc" "ASSEMBLER=arm-none-eabi-as" "A
TRACE::2025-06-22.14:40:01::SCWMssOS::RCHIVER=arm-none-eabi-ar" "COMPILER_FLAGS=  -O2 -c" "EXTRA_COMPILER_FLAGS=-mcpu=cortex-a9 -mfpu=vfpv3 -mfloat-abi=hard -nostart
TRACE::2025-06-22.14:40:01::SCWMssOS::files -g -Wall -Wextra"

TRACE::2025-06-22.14:40:01::SCWMssOS::"Compiling uartps"

TRACE::2025-06-22.14:40:02::SCWMssOS::"Running Make libs in ps7_cortexa9_0/libsrc/usbps_v2_4/src"

TRACE::2025-06-22.14:40:02::SCWMssOS::make -C ps7_cortexa9_0/libsrc/usbps_v2_4/src -s libs  "SHELL=CMD" "COMPILER=arm-none-eabi-gcc" "ASSEMBLER=arm-none-eabi-as" "AR
TRACE::2025-06-22.14:40:02::SCWMssOS::CHIVER=arm-none-eabi-ar" "COMPILER_FLAGS=  -O2 -c" "EXTRA_COMPILER_FLAGS=-mcpu=cortex-a9 -mfpu=vfpv3 -mfloat-abi=hard -nostartf
TRACE::2025-06-22.14:40:02::SCWMssOS::iles -g -Wall -Wextra"

TRACE::2025-06-22.14:40:02::SCWMssOS::"Compiling usbps"

TRACE::2025-06-22.14:40:03::SCWMssOS::"Running Make libs in ps7_cortexa9_0/libsrc/xadcps_v2_3/src"

TRACE::2025-06-22.14:40:03::SCWMssOS::make -C ps7_cortexa9_0/libsrc/xadcps_v2_3/src -s libs  "SHELL=CMD" "COMPILER=arm-none-eabi-gcc" "ASSEMBLER=arm-none-eabi-as" "A
TRACE::2025-06-22.14:40:03::SCWMssOS::RCHIVER=arm-none-eabi-ar" "COMPILER_FLAGS=  -O2 -c" "EXTRA_COMPILER_FLAGS=-mcpu=cortex-a9 -mfpu=vfpv3 -mfloat-abi=hard -nostart
TRACE::2025-06-22.14:40:03::SCWMssOS::files -g -Wall -Wextra"

TRACE::2025-06-22.14:40:03::SCWMssOS::"Compiling xadcps"

TRACE::2025-06-22.14:40:04::SCWMssOS::'Finished building libraries'

TRACE::2025-06-22.14:40:04::SCWMssOS::Copying to export directory.
TRACE::2025-06-22.14:40:04::SCWMssOS:: Checking if to create the Supporting Applications
TRACE::2025-06-22.14:40:04::SCWMssOS:: No Linux domain exists, trying to generate FSBL 
LOG::2025-06-22.14:40:04::SCWSystem::Completed Processing the domain standalone_domain
LOG::2025-06-22.14:40:04::SCWSystem::Completed Processing the sysconfig intr_adc
LOG::2025-06-22.14:40:04::SCWPlatform::Completed generating the artifacts for system configuration intr_adc
TRACE::2025-06-22.14:40:04::SCWPlatform::Started preparing the platform 
TRACE::2025-06-22.14:40:04::SCWSystem::Writing the bif file for system config intr_adc
TRACE::2025-06-22.14:40:04::SCWSystem::dir created 
TRACE::2025-06-22.14:40:04::SCWSystem::Writing the bif 
TRACE::2025-06-22.14:40:04::SCWPlatform::Started writing the spfm file 
TRACE::2025-06-22.14:40:04::SCWPlatform::Started writing the xpfm file 
TRACE::2025-06-22.14:40:04::SCWPlatform::Completed generating the platform
TRACE::2025-06-22.14:40:04::SCWPlatform::Trying to open the hw design at C:/Users/kumar/axi_adc_intr/workplace/intr_adc/hw/design_1_wrapper.xsa
TRACE::2025-06-22.14:40:04::SCWPlatform::DSA given C:/Users/kumar/axi_adc_intr/workplace/intr_adc/hw/design_1_wrapper.xsa
TRACE::2025-06-22.14:40:04::SCWPlatform::DSA absoulate path C:/Users/kumar/axi_adc_intr/workplace/intr_adc/hw/design_1_wrapper.xsa
TRACE::2025-06-22.14:40:04::SCWPlatform::DSA directory C:/Users/kumar/axi_adc_intr/workplace/intr_adc/hw
TRACE::2025-06-22.14:40:04::SCWPlatform:: Platform Path C:/Users/kumar/axi_adc_intr/workplace/intr_adc/hw/design_1_wrapper.xsa
TRACE::2025-06-22.14:40:04::SCWPlatform:: Unique name xilinx:zybo-z7-10::0.0
TRACE::2025-06-22.14:40:04::SCWPlatform::Trying to set the existing hwdb with name design_1_wrapper_1
TRACE::2025-06-22.14:40:04::SCWPlatform::Opened existing hwdb design_1_wrapper_1
TRACE::2025-06-22.14:40:04::SCWPlatform::Found the Hw Db part of the input DSA
TRACE::2025-06-22.14:40:04::SCWMssOS::Checking the sw design at  C:/Users/kumar/axi_adc_intr/workplace/intr_adc/zynq_fsbl/zynq_fsbl_bsp/system.mss
TRACE::2025-06-22.14:40:04::SCWMssOS::DEBUG:  swdes dump  C:/Users/kumar/axi_adc_intr/workplace/intr_adc/ps7_cortexa9_0/standalone_domain/bsp/system.mss|system_0||
C:/Users/kumar/axi_adc_intr/workplace/intr_adc/zynq_fsbl/zynq_fsbl_bsp/system.mss|system||

TRACE::2025-06-22.14:40:04::SCWMssOS::Sw design exists and opened at  C:/Users/kumar/axi_adc_intr/workplace/intr_adc/zynq_fsbl/zynq_fsbl_bsp/system.mss
TRACE::2025-06-22.14:40:04::SCWPlatform::Trying to open the hw design at C:/Users/kumar/axi_adc_intr/workplace/intr_adc/hw/design_1_wrapper.xsa
TRACE::2025-06-22.14:40:04::SCWPlatform::DSA given C:/Users/kumar/axi_adc_intr/workplace/intr_adc/hw/design_1_wrapper.xsa
TRACE::2025-06-22.14:40:04::SCWPlatform::DSA absoulate path C:/Users/kumar/axi_adc_intr/workplace/intr_adc/hw/design_1_wrapper.xsa
TRACE::2025-06-22.14:40:04::SCWPlatform::DSA directory C:/Users/kumar/axi_adc_intr/workplace/intr_adc/hw
TRACE::2025-06-22.14:40:04::SCWPlatform:: Platform Path C:/Users/kumar/axi_adc_intr/workplace/intr_adc/hw/design_1_wrapper.xsa
TRACE::2025-06-22.14:40:04::SCWPlatform:: Unique name xilinx:zybo-z7-10::0.0
TRACE::2025-06-22.14:40:04::SCWPlatform::Trying to set the existing hwdb with name design_1_wrapper_1
TRACE::2025-06-22.14:40:04::SCWPlatform::Opened existing hwdb design_1_wrapper_1
TRACE::2025-06-22.14:40:04::SCWPlatform::Found the Hw Db part of the input DSA
TRACE::2025-06-22.14:40:04::SCWMssOS::Checking the sw design at  C:/Users/kumar/axi_adc_intr/workplace/intr_adc/ps7_cortexa9_0/standalone_domain/bsp/system.mss
TRACE::2025-06-22.14:40:04::SCWMssOS::DEBUG:  swdes dump  C:/Users/kumar/axi_adc_intr/workplace/intr_adc/ps7_cortexa9_0/standalone_domain/bsp/system.mss|system_0||
C:/Users/kumar/axi_adc_intr/workplace/intr_adc/zynq_fsbl/zynq_fsbl_bsp/system.mss|system||

TRACE::2025-06-22.14:40:04::SCWMssOS::Sw design exists and opened at  C:/Users/kumar/axi_adc_intr/workplace/intr_adc/ps7_cortexa9_0/standalone_domain/bsp/system.mss
TRACE::2025-06-22.14:40:04::SCWWriter::formatted JSON is {
	"platformName":	"intr_adc",
	"sprVersion":	"2.0",
	"mode":	"gui",
	"dsaType":	"Fixed",
	"platformDesc":	"intr_adc",
	"platHandOff":	"C:/Users/kumar/axi_adc_intr/design_1_wrapper.xsa",
	"platIntHandOff":	"<platformDir>/hw/design_1_wrapper.xsa",
	"deviceType":	"zynq",
	"platIsPrebuiltAutogen":	"false",
	"platIsNoBootBsp":	"false",
	"hasFsblMakeHasChanges":	"false",
	"hasPmufwMakeHasChanges":	"false",
	"platPreBuiltFlag":	false,
	"platformSamplesDir":	"",
	"platActiveSys":	"intr_adc",
	"systems":	[{
			"systemName":	"intr_adc",
			"systemDesc":	"intr_adc",
			"sysIsBootAutoGen":	"true",
			"systemDispName":	"intr_adc",
			"sysActiveDom":	"standalone_domain",
			"sysDefaultDom":	"standalone_domain",
			"domains":	[{
					"domainName":	"zynq_fsbl",
					"domainDispName":	"zynq_fsbl",
					"domainDesc":	"FSBL Application BSP - Auto Generated.",
					"processors":	"ps7_cortexa9_0",
					"os":	"standalone",
					"sdxOs":	"standalone",
					"debugEnable":	"",
					"domRuntimes":	["cpp"],
					"swRepo":	"",
					"mssOsVer":	"7.1",
					"mssFile":	"",
					"md5Digest":	"3e00551ecff030b937dc2bac3686876f",
					"compatibleApp":	"zynq_fsbl",
					"domType":	"bootDomain",
					"appSettings":	{
						"appCompilerFlags":	"",
						"appLinkerFlags":	""
					},
					"addedLibs":	["xilffs:4.2", "xilrsa:1.5"],
					"libOptions":	{
						"libsContainingOptions":	[]
					},
					"prebuiltLibs":	{
						"prebuiltIncPath":	[],
						"prebuiltLibPath":	[]
					},
					"isolation":	{
					}
				}, {
					"domainName":	"standalone_domain",
					"domainDispName":	"standalone on ps7_cortexa9_0",
					"domainDesc":	"standalone_domain",
					"processors":	"ps7_cortexa9_0",
					"os":	"standalone",
					"sdxOs":	"standalone",
					"qemuArgs":	"C:/Xilinx/Vivado_2019/Vitis/2019.2/data/emulation/platforms/zynq/qemu/qemu_args.txt",
					"qemuData":	"C:/Xilinx/Vivado_2019/Vitis/2019.2/data/emulation/platforms/zynq/qemu/",
					"debugEnable":	"False",
					"domRuntimes":	["cpp"],
					"swRepo":	"",
					"mssOsVer":	"7.1",
					"mssFile":	"",
					"md5Digest":	"d3e3a2f25322140df930dcbb3586be26",
					"compatibleApp":	"",
					"domType":	"mssDomain",
					"appSettings":	{
						"appCompilerFlags":	"",
						"appLinkerFlags":	""
					},
					"addedLibs":	[],
					"libOptions":	{
						"libsContainingOptions":	[]
					},
					"prebuiltLibs":	{
						"prebuiltIncPath":	[],
						"prebuiltLibPath":	[]
					},
					"isolation":	{
					}
				}]
		}]
}
KEYINFO::2025-06-22.14:40:04::SCWPlatform::updated the xpfm file.
TRACE::2025-06-22.14:40:04::SCWPlatform::Trying to open the hw design at C:/Users/kumar/axi_adc_intr/workplace/intr_adc/hw/design_1_wrapper.xsa
TRACE::2025-06-22.14:40:04::SCWPlatform::DSA given C:/Users/kumar/axi_adc_intr/workplace/intr_adc/hw/design_1_wrapper.xsa
TRACE::2025-06-22.14:40:04::SCWPlatform::DSA absoulate path C:/Users/kumar/axi_adc_intr/workplace/intr_adc/hw/design_1_wrapper.xsa
TRACE::2025-06-22.14:40:04::SCWPlatform::DSA directory C:/Users/kumar/axi_adc_intr/workplace/intr_adc/hw
TRACE::2025-06-22.14:40:04::SCWPlatform:: Platform Path C:/Users/kumar/axi_adc_intr/workplace/intr_adc/hw/design_1_wrapper.xsa
TRACE::2025-06-22.14:40:04::SCWPlatform:: Unique name xilinx:zybo-z7-10::0.0
TRACE::2025-06-22.14:40:04::SCWPlatform::Trying to set the existing hwdb with name design_1_wrapper_1
TRACE::2025-06-22.14:40:04::SCWPlatform::Opened existing hwdb design_1_wrapper_1
TRACE::2025-06-22.14:40:04::SCWPlatform::Found the Hw Db part of the input DSA
TRACE::2025-06-22.14:40:04::SCWMssOS::Checking the sw design at  C:/Users/kumar/axi_adc_intr/workplace/intr_adc/ps7_cortexa9_0/standalone_domain/bsp/system.mss
TRACE::2025-06-22.14:40:04::SCWMssOS::DEBUG:  swdes dump  C:/Users/kumar/axi_adc_intr/workplace/intr_adc/ps7_cortexa9_0/standalone_domain/bsp/system.mss|system_0||
C:/Users/kumar/axi_adc_intr/workplace/intr_adc/zynq_fsbl/zynq_fsbl_bsp/system.mss|system||

TRACE::2025-06-22.14:40:04::SCWMssOS::Sw design exists and opened at  C:/Users/kumar/axi_adc_intr/workplace/intr_adc/ps7_cortexa9_0/standalone_domain/bsp/system.mss
