Copyright 1986-2019 Xilinx, Inc. All Rights Reserved.
-----------------------------------------------------------------------------------------------------------------------------------------------------------------------------------------------------------------------
| Tool Version : Vivado v.2019.2 (win64) Build 2708876 Wed Nov  6 21:40:23 MST 2019
| Date         : Sun Jun 22 14:32:13 2025
| Host         : Kumar_PC running 64-bit major release  (build 9200)
| Command      : report_timing_summary -max_paths 10 -file design_1_wrapper_timing_summary_routed.rpt -pb design_1_wrapper_timing_summary_routed.pb -rpx design_1_wrapper_timing_summary_routed.rpx -warn_on_violation
| Design       : design_1_wrapper
| Device       : 7z010-clg400
| Speed File   : -1  PRODUCTION 1.11 2014-09-11
-----------------------------------------------------------------------------------------------------------------------------------------------------------------------------------------------------------------------

Timing Summary Report

------------------------------------------------------------------------------------------------
| Timer Settings
| --------------
------------------------------------------------------------------------------------------------

  Enable Multi Corner Analysis               :  Yes
  Enable Pessimism Removal                   :  Yes
  Pessimism Removal Resolution               :  Nearest Common Node
  Enable Input Delay Default Clock           :  No
  Enable Preset / Clear Arcs                 :  No
  Disable Flight Delays                      :  No
  Ignore I/O Paths                           :  No
  Timing Early Launch at Borrowing Latches   :  No
  Borrow Time for Max Delay Exceptions       :  Yes
  Merge Timing Exceptions                    :  Yes

  Corner  Analyze    Analyze    
  Name    Max Paths  Min Paths  
  ------  ---------  ---------  
  Slow    Yes        Yes        
  Fast    Yes        Yes        



check_timing report

Table of Contents
-----------------
1. checking no_clock
2. checking constant_clock
3. checking pulse_width_clock
4. checking unconstrained_internal_endpoints
5. checking no_input_delay
6. checking no_output_delay
7. checking multiple_clock
8. checking generated_clocks
9. checking loops
10. checking partial_input_delay
11. checking partial_output_delay
12. checking latch_loops

1. checking no_clock
--------------------
 There are 0 register/latch pins with no clock.


2. checking constant_clock
--------------------------
 There are 0 register/latch pins with constant_clock.


3. checking pulse_width_clock
-----------------------------
 There are 0 register/latch pins which need pulse_width check


4. checking unconstrained_internal_endpoints
--------------------------------------------
 There are 0 pins that are not constrained for maximum delay.

 There are 0 pins that are not constrained for maximum delay due to constant clock.


5. checking no_input_delay
--------------------------
 There are 2 input ports with no input delay specified. (HIGH)

 There are 0 input ports with no input delay but user has a false path constraint.


6. checking no_output_delay
---------------------------
 There is 1 port with no output delay specified. (HIGH)

 There are 0 ports with no output delay but user has a false path constraint

 There are 0 ports with no output delay but with a timing clock defined on it or propagating through it


7. checking multiple_clock
--------------------------
 There are 0 register/latch pins with multiple clocks.


8. checking generated_clocks
----------------------------
 There are 0 generated clocks that are not connected to a clock source.


9. checking loops
-----------------
 There are 0 combinational loops in the design.


10. checking partial_input_delay
--------------------------------
 There are 0 input ports with partial input delay specified.


11. checking partial_output_delay
---------------------------------
 There are 0 ports with partial output delay specified.


12. checking latch_loops
------------------------
 There are 0 combinational latch loops in the design through latch input



------------------------------------------------------------------------------------------------
| Design Timing Summary
| ---------------------
------------------------------------------------------------------------------------------------

    WNS(ns)      TNS(ns)  TNS Failing Endpoints  TNS Total Endpoints      WHS(ns)      THS(ns)  THS Failing Endpoints  THS Total Endpoints     WPWS(ns)     TPWS(ns)  TPWS Failing Endpoints  TPWS Total Endpoints  
    -------      -------  ---------------------  -------------------      -------      -------  ---------------------  -------------------     --------     --------  ----------------------  --------------------  
      6.082        0.000                      0                 2504        0.019        0.000                      0                 2504        9.020        0.000                       0                  1279  


All user specified timing constraints are met.


------------------------------------------------------------------------------------------------
| Clock Summary
| -------------
------------------------------------------------------------------------------------------------

Clock       Waveform(ns)         Period(ns)      Frequency(MHz)
-----       ------------         ----------      --------------
clk_fpga_0  {0.000 10.000}       20.000          50.000          
clk_fpga_1  {0.000 100.000}      200.000         5.000           


------------------------------------------------------------------------------------------------
| Intra Clock Table
| -----------------
------------------------------------------------------------------------------------------------

Clock             WNS(ns)      TNS(ns)  TNS Failing Endpoints  TNS Total Endpoints      WHS(ns)      THS(ns)  THS Failing Endpoints  THS Total Endpoints     WPWS(ns)     TPWS(ns)  TPWS Failing Endpoints  TPWS Total Endpoints  
-----             -------      -------  ---------------------  -------------------      -------      -------  ---------------------  -------------------     --------     --------  ----------------------  --------------------  
clk_fpga_0         12.255        0.000                      0                 2173        0.019        0.000                      0                 2173        9.020        0.000                       0                  1161  
clk_fpga_1        191.245        0.000                      0                  214        0.083        0.000                      0                  214       99.500        0.000                       0                   118  


------------------------------------------------------------------------------------------------
| Inter Clock Table
| -----------------
------------------------------------------------------------------------------------------------

From Clock    To Clock          WNS(ns)      TNS(ns)  TNS Failing Endpoints  TNS Total Endpoints      WHS(ns)      THS(ns)  THS Failing Endpoints  THS Total Endpoints  
----------    --------          -------      -------  ---------------------  -------------------      -------      -------  ---------------------  -------------------  


------------------------------------------------------------------------------------------------
| Other Path Groups Table
| -----------------------
------------------------------------------------------------------------------------------------

Path Group         From Clock         To Clock               WNS(ns)      TNS(ns)  TNS Failing Endpoints  TNS Total Endpoints      WHS(ns)      THS(ns)  THS Failing Endpoints  THS Total Endpoints  
----------         ----------         --------               -------      -------  ---------------------  -------------------      -------      -------  ---------------------  -------------------  
**async_default**  clk_fpga_0         clk_fpga_1               6.082        0.000                      0                  117        1.550        0.000                      0                  117  


------------------------------------------------------------------------------------------------
| Timing Details
| --------------
------------------------------------------------------------------------------------------------


---------------------------------------------------------------------------------------------------
From Clock:  clk_fpga_0
  To Clock:  clk_fpga_0

Setup :            0  Failing Endpoints,  Worst Slack       12.255ns,  Total Violation        0.000ns
Hold  :            0  Failing Endpoints,  Worst Slack        0.019ns,  Total Violation        0.000ns
PW    :            0  Failing Endpoints,  Worst Slack        9.020ns,  Total Violation        0.000ns
---------------------------------------------------------------------------------------------------


Max Delay Paths
--------------------------------------------------------------------------------------
Slack (MET) :             12.255ns  (required time - arrival time)
  Source:                 design_1_i/rst_ps7_0_50M/U0/ACTIVE_LOW_PR_OUT_DFF[0].FDRE_PER_N/C
                            (rising edge-triggered cell FDRE clocked by clk_fpga_0  {rise@0.000ns fall@10.000ns period=20.000ns})
  Destination:            design_1_i/axi_gpio_0/U0/AXI_LITE_IPIF_I/I_SLAVE_ATTACHMENT/I_DECODER/GEN_BKEND_CE_REGISTERS[11].ce_out_i_reg[11]/R
                            (rising edge-triggered cell FDRE clocked by clk_fpga_0  {rise@0.000ns fall@10.000ns period=20.000ns})
  Path Group:             clk_fpga_0
  Path Type:              Setup (Max at Slow Process Corner)
  Requirement:            20.000ns  (clk_fpga_0 rise@20.000ns - clk_fpga_0 rise@0.000ns)
  Data Path Delay:        6.869ns  (logic 0.580ns (8.444%)  route 6.289ns (91.556%))
  Logic Levels:           1  (LUT3=1)
  Clock Path Skew:        -0.050ns (DCD - SCD + CPR)
    Destination Clock Delay (DCD):    2.694ns = ( 22.694 - 20.000 ) 
    Source Clock Delay      (SCD):    2.975ns
    Clock Pessimism Removal (CPR):    0.230ns
  Clock Uncertainty:      0.302ns  ((TSJ^2 + TIJ^2)^1/2 + DJ) / 2 + PE
    Total System Jitter     (TSJ):    0.071ns
    Total Input Jitter      (TIJ):    0.600ns
    Discrete Jitter          (DJ):    0.000ns
    Phase Error              (PE):    0.000ns

    Location             Delay type                Incr(ns)  Path(ns)    Netlist Resource(s)
  -------------------------------------------------------------------    -------------------
                         (clock clk_fpga_0 rise edge)
                                                      0.000     0.000 r  
    PS7_X0Y0             PS7                          0.000     0.000 r  design_1_i/processing_system7_0/inst/PS7_i/FCLKCLK[0]
                         net (fo=1, routed)           1.207     1.207    design_1_i/processing_system7_0/inst/FCLK_CLK_unbuffered[0]
    BUFGCTRL_X0Y0        BUFG (Prop_bufg_I_O)         0.101     1.308 r  design_1_i/processing_system7_0/inst/buffer_fclk_clk_0.FCLK_CLK_0_BUFG/O
                         net (fo=1161, routed)        1.667     2.975    design_1_i/rst_ps7_0_50M/U0/slowest_sync_clk
    SLICE_X19Y34         FDRE                                         r  design_1_i/rst_ps7_0_50M/U0/ACTIVE_LOW_PR_OUT_DFF[0].FDRE_PER_N/C
  -------------------------------------------------------------------    -------------------
    SLICE_X19Y34         FDRE (Prop_fdre_C_Q)         0.456     3.431 f  design_1_i/rst_ps7_0_50M/U0/ACTIVE_LOW_PR_OUT_DFF[0].FDRE_PER_N/Q
                         net (fo=10, routed)          5.262     8.693    design_1_i/axi_gpio_0/U0/AXI_LITE_IPIF_I/I_SLAVE_ATTACHMENT/I_DECODER/s_axi_aresetn
    SLICE_X14Y41         LUT3 (Prop_lut3_I2_O)        0.124     8.817 r  design_1_i/axi_gpio_0/U0/AXI_LITE_IPIF_I/I_SLAVE_ATTACHMENT/I_DECODER/GEN_BKEND_CE_REGISTERS[19].ce_out_i[19]_i_1/O
                         net (fo=21, routed)          1.027     9.844    design_1_i/axi_gpio_0/U0/AXI_LITE_IPIF_I/I_SLAVE_ATTACHMENT/I_DECODER/cs_ce_clr
    SLICE_X10Y36         FDRE                                         r  design_1_i/axi_gpio_0/U0/AXI_LITE_IPIF_I/I_SLAVE_ATTACHMENT/I_DECODER/GEN_BKEND_CE_REGISTERS[11].ce_out_i_reg[11]/R
  -------------------------------------------------------------------    -------------------

                         (clock clk_fpga_0 rise edge)
                                                     20.000    20.000 r  
    PS7_X0Y0             PS7                          0.000    20.000 r  design_1_i/processing_system7_0/inst/PS7_i/FCLKCLK[0]
                         net (fo=1, routed)           1.101    21.101    design_1_i/processing_system7_0/inst/FCLK_CLK_unbuffered[0]
    BUFGCTRL_X0Y0        BUFG (Prop_bufg_I_O)         0.091    21.192 r  design_1_i/processing_system7_0/inst/buffer_fclk_clk_0.FCLK_CLK_0_BUFG/O
                         net (fo=1161, routed)        1.502    22.694    design_1_i/axi_gpio_0/U0/AXI_LITE_IPIF_I/I_SLAVE_ATTACHMENT/I_DECODER/s_axi_aclk
    SLICE_X10Y36         FDRE                                         r  design_1_i/axi_gpio_0/U0/AXI_LITE_IPIF_I/I_SLAVE_ATTACHMENT/I_DECODER/GEN_BKEND_CE_REGISTERS[11].ce_out_i_reg[11]/C
                         clock pessimism              0.230    22.925    
                         clock uncertainty           -0.302    22.623    
    SLICE_X10Y36         FDRE (Setup_fdre_C_R)       -0.524    22.099    design_1_i/axi_gpio_0/U0/AXI_LITE_IPIF_I/I_SLAVE_ATTACHMENT/I_DECODER/GEN_BKEND_CE_REGISTERS[11].ce_out_i_reg[11]
  -------------------------------------------------------------------
                         required time                         22.099    
                         arrival time                          -9.844    
  -------------------------------------------------------------------
                         slack                                 12.255    

Slack (MET) :             12.255ns  (required time - arrival time)
  Source:                 design_1_i/rst_ps7_0_50M/U0/ACTIVE_LOW_PR_OUT_DFF[0].FDRE_PER_N/C
                            (rising edge-triggered cell FDRE clocked by clk_fpga_0  {rise@0.000ns fall@10.000ns period=20.000ns})
  Destination:            design_1_i/axi_gpio_0/U0/AXI_LITE_IPIF_I/I_SLAVE_ATTACHMENT/I_DECODER/GEN_BKEND_CE_REGISTERS[12].ce_out_i_reg[12]/R
                            (rising edge-triggered cell FDRE clocked by clk_fpga_0  {rise@0.000ns fall@10.000ns period=20.000ns})
  Path Group:             clk_fpga_0
  Path Type:              Setup (Max at Slow Process Corner)
  Requirement:            20.000ns  (clk_fpga_0 rise@20.000ns - clk_fpga_0 rise@0.000ns)
  Data Path Delay:        6.869ns  (logic 0.580ns (8.444%)  route 6.289ns (91.556%))
  Logic Levels:           1  (LUT3=1)
  Clock Path Skew:        -0.050ns (DCD - SCD + CPR)
    Destination Clock Delay (DCD):    2.694ns = ( 22.694 - 20.000 ) 
    Source Clock Delay      (SCD):    2.975ns
    Clock Pessimism Removal (CPR):    0.230ns
  Clock Uncertainty:      0.302ns  ((TSJ^2 + TIJ^2)^1/2 + DJ) / 2 + PE
    Total System Jitter     (TSJ):    0.071ns
    Total Input Jitter      (TIJ):    0.600ns
    Discrete Jitter          (DJ):    0.000ns
    Phase Error              (PE):    0.000ns

    Location             Delay type                Incr(ns)  Path(ns)    Netlist Resource(s)
  -------------------------------------------------------------------    -------------------
                         (clock clk_fpga_0 rise edge)
                                                      0.000     0.000 r  
    PS7_X0Y0             PS7                          0.000     0.000 r  design_1_i/processing_system7_0/inst/PS7_i/FCLKCLK[0]
                         net (fo=1, routed)           1.207     1.207    design_1_i/processing_system7_0/inst/FCLK_CLK_unbuffered[0]
    BUFGCTRL_X0Y0        BUFG (Prop_bufg_I_O)         0.101     1.308 r  design_1_i/processing_system7_0/inst/buffer_fclk_clk_0.FCLK_CLK_0_BUFG/O
                         net (fo=1161, routed)        1.667     2.975    design_1_i/rst_ps7_0_50M/U0/slowest_sync_clk
    SLICE_X19Y34         FDRE                                         r  design_1_i/rst_ps7_0_50M/U0/ACTIVE_LOW_PR_OUT_DFF[0].FDRE_PER_N/C
  -------------------------------------------------------------------    -------------------
    SLICE_X19Y34         FDRE (Prop_fdre_C_Q)         0.456     3.431 f  design_1_i/rst_ps7_0_50M/U0/ACTIVE_LOW_PR_OUT_DFF[0].FDRE_PER_N/Q
                         net (fo=10, routed)          5.262     8.693    design_1_i/axi_gpio_0/U0/AXI_LITE_IPIF_I/I_SLAVE_ATTACHMENT/I_DECODER/s_axi_aresetn
    SLICE_X14Y41         LUT3 (Prop_lut3_I2_O)        0.124     8.817 r  design_1_i/axi_gpio_0/U0/AXI_LITE_IPIF_I/I_SLAVE_ATTACHMENT/I_DECODER/GEN_BKEND_CE_REGISTERS[19].ce_out_i[19]_i_1/O
                         net (fo=21, routed)          1.027     9.844    design_1_i/axi_gpio_0/U0/AXI_LITE_IPIF_I/I_SLAVE_ATTACHMENT/I_DECODER/cs_ce_clr
    SLICE_X10Y36         FDRE                                         r  design_1_i/axi_gpio_0/U0/AXI_LITE_IPIF_I/I_SLAVE_ATTACHMENT/I_DECODER/GEN_BKEND_CE_REGISTERS[12].ce_out_i_reg[12]/R
  -------------------------------------------------------------------    -------------------

                         (clock clk_fpga_0 rise edge)
                                                     20.000    20.000 r  
    PS7_X0Y0             PS7                          0.000    20.000 r  design_1_i/processing_system7_0/inst/PS7_i/FCLKCLK[0]
                         net (fo=1, routed)           1.101    21.101    design_1_i/processing_system7_0/inst/FCLK_CLK_unbuffered[0]
    BUFGCTRL_X0Y0        BUFG (Prop_bufg_I_O)         0.091    21.192 r  design_1_i/processing_system7_0/inst/buffer_fclk_clk_0.FCLK_CLK_0_BUFG/O
                         net (fo=1161, routed)        1.502    22.694    design_1_i/axi_gpio_0/U0/AXI_LITE_IPIF_I/I_SLAVE_ATTACHMENT/I_DECODER/s_axi_aclk
    SLICE_X10Y36         FDRE                                         r  design_1_i/axi_gpio_0/U0/AXI_LITE_IPIF_I/I_SLAVE_ATTACHMENT/I_DECODER/GEN_BKEND_CE_REGISTERS[12].ce_out_i_reg[12]/C
                         clock pessimism              0.230    22.925    
                         clock uncertainty           -0.302    22.623    
    SLICE_X10Y36         FDRE (Setup_fdre_C_R)       -0.524    22.099    design_1_i/axi_gpio_0/U0/AXI_LITE_IPIF_I/I_SLAVE_ATTACHMENT/I_DECODER/GEN_BKEND_CE_REGISTERS[12].ce_out_i_reg[12]
  -------------------------------------------------------------------
                         required time                         22.099    
                         arrival time                          -9.844    
  -------------------------------------------------------------------
                         slack                                 12.255    

Slack (MET) :             12.255ns  (required time - arrival time)
  Source:                 design_1_i/rst_ps7_0_50M/U0/ACTIVE_LOW_PR_OUT_DFF[0].FDRE_PER_N/C
                            (rising edge-triggered cell FDRE clocked by clk_fpga_0  {rise@0.000ns fall@10.000ns period=20.000ns})
  Destination:            design_1_i/axi_gpio_0/U0/AXI_LITE_IPIF_I/I_SLAVE_ATTACHMENT/I_DECODER/GEN_BKEND_CE_REGISTERS[14].ce_out_i_reg[14]/R
                            (rising edge-triggered cell FDRE clocked by clk_fpga_0  {rise@0.000ns fall@10.000ns period=20.000ns})
  Path Group:             clk_fpga_0
  Path Type:              Setup (Max at Slow Process Corner)
  Requirement:            20.000ns  (clk_fpga_0 rise@20.000ns - clk_fpga_0 rise@0.000ns)
  Data Path Delay:        6.869ns  (logic 0.580ns (8.444%)  route 6.289ns (91.556%))
  Logic Levels:           1  (LUT3=1)
  Clock Path Skew:        -0.050ns (DCD - SCD + CPR)
    Destination Clock Delay (DCD):    2.694ns = ( 22.694 - 20.000 ) 
    Source Clock Delay      (SCD):    2.975ns
    Clock Pessimism Removal (CPR):    0.230ns
  Clock Uncertainty:      0.302ns  ((TSJ^2 + TIJ^2)^1/2 + DJ) / 2 + PE
    Total System Jitter     (TSJ):    0.071ns
    Total Input Jitter      (TIJ):    0.600ns
    Discrete Jitter          (DJ):    0.000ns
    Phase Error              (PE):    0.000ns

    Location             Delay type                Incr(ns)  Path(ns)    Netlist Resource(s)
  -------------------------------------------------------------------    -------------------
                         (clock clk_fpga_0 rise edge)
                                                      0.000     0.000 r  
    PS7_X0Y0             PS7                          0.000     0.000 r  design_1_i/processing_system7_0/inst/PS7_i/FCLKCLK[0]
                         net (fo=1, routed)           1.207     1.207    design_1_i/processing_system7_0/inst/FCLK_CLK_unbuffered[0]
    BUFGCTRL_X0Y0        BUFG (Prop_bufg_I_O)         0.101     1.308 r  design_1_i/processing_system7_0/inst/buffer_fclk_clk_0.FCLK_CLK_0_BUFG/O
                         net (fo=1161, routed)        1.667     2.975    design_1_i/rst_ps7_0_50M/U0/slowest_sync_clk
    SLICE_X19Y34         FDRE                                         r  design_1_i/rst_ps7_0_50M/U0/ACTIVE_LOW_PR_OUT_DFF[0].FDRE_PER_N/C
  -------------------------------------------------------------------    -------------------
    SLICE_X19Y34         FDRE (Prop_fdre_C_Q)         0.456     3.431 f  design_1_i/rst_ps7_0_50M/U0/ACTIVE_LOW_PR_OUT_DFF[0].FDRE_PER_N/Q
                         net (fo=10, routed)          5.262     8.693    design_1_i/axi_gpio_0/U0/AXI_LITE_IPIF_I/I_SLAVE_ATTACHMENT/I_DECODER/s_axi_aresetn
    SLICE_X14Y41         LUT3 (Prop_lut3_I2_O)        0.124     8.817 r  design_1_i/axi_gpio_0/U0/AXI_LITE_IPIF_I/I_SLAVE_ATTACHMENT/I_DECODER/GEN_BKEND_CE_REGISTERS[19].ce_out_i[19]_i_1/O
                         net (fo=21, routed)          1.027     9.844    design_1_i/axi_gpio_0/U0/AXI_LITE_IPIF_I/I_SLAVE_ATTACHMENT/I_DECODER/cs_ce_clr
    SLICE_X10Y36         FDRE                                         r  design_1_i/axi_gpio_0/U0/AXI_LITE_IPIF_I/I_SLAVE_ATTACHMENT/I_DECODER/GEN_BKEND_CE_REGISTERS[14].ce_out_i_reg[14]/R
  -------------------------------------------------------------------    -------------------

                         (clock clk_fpga_0 rise edge)
                                                     20.000    20.000 r  
    PS7_X0Y0             PS7                          0.000    20.000 r  design_1_i/processing_system7_0/inst/PS7_i/FCLKCLK[0]
                         net (fo=1, routed)           1.101    21.101    design_1_i/processing_system7_0/inst/FCLK_CLK_unbuffered[0]
    BUFGCTRL_X0Y0        BUFG (Prop_bufg_I_O)         0.091    21.192 r  design_1_i/processing_system7_0/inst/buffer_fclk_clk_0.FCLK_CLK_0_BUFG/O
                         net (fo=1161, routed)        1.502    22.694    design_1_i/axi_gpio_0/U0/AXI_LITE_IPIF_I/I_SLAVE_ATTACHMENT/I_DECODER/s_axi_aclk
    SLICE_X10Y36         FDRE                                         r  design_1_i/axi_gpio_0/U0/AXI_LITE_IPIF_I/I_SLAVE_ATTACHMENT/I_DECODER/GEN_BKEND_CE_REGISTERS[14].ce_out_i_reg[14]/C
                         clock pessimism              0.230    22.925    
                         clock uncertainty           -0.302    22.623    
    SLICE_X10Y36         FDRE (Setup_fdre_C_R)       -0.524    22.099    design_1_i/axi_gpio_0/U0/AXI_LITE_IPIF_I/I_SLAVE_ATTACHMENT/I_DECODER/GEN_BKEND_CE_REGISTERS[14].ce_out_i_reg[14]
  -------------------------------------------------------------------
                         required time                         22.099    
                         arrival time                          -9.844    
  -------------------------------------------------------------------
                         slack                                 12.255    

Slack (MET) :             12.255ns  (required time - arrival time)
  Source:                 design_1_i/rst_ps7_0_50M/U0/ACTIVE_LOW_PR_OUT_DFF[0].FDRE_PER_N/C
                            (rising edge-triggered cell FDRE clocked by clk_fpga_0  {rise@0.000ns fall@10.000ns period=20.000ns})
  Destination:            design_1_i/axi_gpio_0/U0/AXI_LITE_IPIF_I/I_SLAVE_ATTACHMENT/I_DECODER/GEN_BKEND_CE_REGISTERS[7].ce_out_i_reg[7]/R
                            (rising edge-triggered cell FDRE clocked by clk_fpga_0  {rise@0.000ns fall@10.000ns period=20.000ns})
  Path Group:             clk_fpga_0
  Path Type:              Setup (Max at Slow Process Corner)
  Requirement:            20.000ns  (clk_fpga_0 rise@20.000ns - clk_fpga_0 rise@0.000ns)
  Data Path Delay:        6.869ns  (logic 0.580ns (8.444%)  route 6.289ns (91.556%))
  Logic Levels:           1  (LUT3=1)
  Clock Path Skew:        -0.050ns (DCD - SCD + CPR)
    Destination Clock Delay (DCD):    2.694ns = ( 22.694 - 20.000 ) 
    Source Clock Delay      (SCD):    2.975ns
    Clock Pessimism Removal (CPR):    0.230ns
  Clock Uncertainty:      0.302ns  ((TSJ^2 + TIJ^2)^1/2 + DJ) / 2 + PE
    Total System Jitter     (TSJ):    0.071ns
    Total Input Jitter      (TIJ):    0.600ns
    Discrete Jitter          (DJ):    0.000ns
    Phase Error              (PE):    0.000ns

    Location             Delay type                Incr(ns)  Path(ns)    Netlist Resource(s)
  -------------------------------------------------------------------    -------------------
                         (clock clk_fpga_0 rise edge)
                                                      0.000     0.000 r  
    PS7_X0Y0             PS7                          0.000     0.000 r  design_1_i/processing_system7_0/inst/PS7_i/FCLKCLK[0]
                         net (fo=1, routed)           1.207     1.207    design_1_i/processing_system7_0/inst/FCLK_CLK_unbuffered[0]
    BUFGCTRL_X0Y0        BUFG (Prop_bufg_I_O)         0.101     1.308 r  design_1_i/processing_system7_0/inst/buffer_fclk_clk_0.FCLK_CLK_0_BUFG/O
                         net (fo=1161, routed)        1.667     2.975    design_1_i/rst_ps7_0_50M/U0/slowest_sync_clk
    SLICE_X19Y34         FDRE                                         r  design_1_i/rst_ps7_0_50M/U0/ACTIVE_LOW_PR_OUT_DFF[0].FDRE_PER_N/C
  -------------------------------------------------------------------    -------------------
    SLICE_X19Y34         FDRE (Prop_fdre_C_Q)         0.456     3.431 f  design_1_i/rst_ps7_0_50M/U0/ACTIVE_LOW_PR_OUT_DFF[0].FDRE_PER_N/Q
                         net (fo=10, routed)          5.262     8.693    design_1_i/axi_gpio_0/U0/AXI_LITE_IPIF_I/I_SLAVE_ATTACHMENT/I_DECODER/s_axi_aresetn
    SLICE_X14Y41         LUT3 (Prop_lut3_I2_O)        0.124     8.817 r  design_1_i/axi_gpio_0/U0/AXI_LITE_IPIF_I/I_SLAVE_ATTACHMENT/I_DECODER/GEN_BKEND_CE_REGISTERS[19].ce_out_i[19]_i_1/O
                         net (fo=21, routed)          1.027     9.844    design_1_i/axi_gpio_0/U0/AXI_LITE_IPIF_I/I_SLAVE_ATTACHMENT/I_DECODER/cs_ce_clr
    SLICE_X10Y36         FDRE                                         r  design_1_i/axi_gpio_0/U0/AXI_LITE_IPIF_I/I_SLAVE_ATTACHMENT/I_DECODER/GEN_BKEND_CE_REGISTERS[7].ce_out_i_reg[7]/R
  -------------------------------------------------------------------    -------------------

                         (clock clk_fpga_0 rise edge)
                                                     20.000    20.000 r  
    PS7_X0Y0             PS7                          0.000    20.000 r  design_1_i/processing_system7_0/inst/PS7_i/FCLKCLK[0]
                         net (fo=1, routed)           1.101    21.101    design_1_i/processing_system7_0/inst/FCLK_CLK_unbuffered[0]
    BUFGCTRL_X0Y0        BUFG (Prop_bufg_I_O)         0.091    21.192 r  design_1_i/processing_system7_0/inst/buffer_fclk_clk_0.FCLK_CLK_0_BUFG/O
                         net (fo=1161, routed)        1.502    22.694    design_1_i/axi_gpio_0/U0/AXI_LITE_IPIF_I/I_SLAVE_ATTACHMENT/I_DECODER/s_axi_aclk
    SLICE_X10Y36         FDRE                                         r  design_1_i/axi_gpio_0/U0/AXI_LITE_IPIF_I/I_SLAVE_ATTACHMENT/I_DECODER/GEN_BKEND_CE_REGISTERS[7].ce_out_i_reg[7]/C
                         clock pessimism              0.230    22.925    
                         clock uncertainty           -0.302    22.623    
    SLICE_X10Y36         FDRE (Setup_fdre_C_R)       -0.524    22.099    design_1_i/axi_gpio_0/U0/AXI_LITE_IPIF_I/I_SLAVE_ATTACHMENT/I_DECODER/GEN_BKEND_CE_REGISTERS[7].ce_out_i_reg[7]
  -------------------------------------------------------------------
                         required time                         22.099    
                         arrival time                          -9.844    
  -------------------------------------------------------------------
                         slack                                 12.255    

Slack (MET) :             12.255ns  (required time - arrival time)
  Source:                 design_1_i/rst_ps7_0_50M/U0/ACTIVE_LOW_PR_OUT_DFF[0].FDRE_PER_N/C
                            (rising edge-triggered cell FDRE clocked by clk_fpga_0  {rise@0.000ns fall@10.000ns period=20.000ns})
  Destination:            design_1_i/axi_gpio_0/U0/AXI_LITE_IPIF_I/I_SLAVE_ATTACHMENT/I_DECODER/GEN_BKEND_CE_REGISTERS[8].ce_out_i_reg[8]/R
                            (rising edge-triggered cell FDRE clocked by clk_fpga_0  {rise@0.000ns fall@10.000ns period=20.000ns})
  Path Group:             clk_fpga_0
  Path Type:              Setup (Max at Slow Process Corner)
  Requirement:            20.000ns  (clk_fpga_0 rise@20.000ns - clk_fpga_0 rise@0.000ns)
  Data Path Delay:        6.869ns  (logic 0.580ns (8.444%)  route 6.289ns (91.556%))
  Logic Levels:           1  (LUT3=1)
  Clock Path Skew:        -0.050ns (DCD - SCD + CPR)
    Destination Clock Delay (DCD):    2.694ns = ( 22.694 - 20.000 ) 
    Source Clock Delay      (SCD):    2.975ns
    Clock Pessimism Removal (CPR):    0.230ns
  Clock Uncertainty:      0.302ns  ((TSJ^2 + TIJ^2)^1/2 + DJ) / 2 + PE
    Total System Jitter     (TSJ):    0.071ns
    Total Input Jitter      (TIJ):    0.600ns
    Discrete Jitter          (DJ):    0.000ns
    Phase Error              (PE):    0.000ns

    Location             Delay type                Incr(ns)  Path(ns)    Netlist Resource(s)
  -------------------------------------------------------------------    -------------------
                         (clock clk_fpga_0 rise edge)
                                                      0.000     0.000 r  
    PS7_X0Y0             PS7                          0.000     0.000 r  design_1_i/processing_system7_0/inst/PS7_i/FCLKCLK[0]
                         net (fo=1, routed)           1.207     1.207    design_1_i/processing_system7_0/inst/FCLK_CLK_unbuffered[0]
    BUFGCTRL_X0Y0        BUFG (Prop_bufg_I_O)         0.101     1.308 r  design_1_i/processing_system7_0/inst/buffer_fclk_clk_0.FCLK_CLK_0_BUFG/O
                         net (fo=1161, routed)        1.667     2.975    design_1_i/rst_ps7_0_50M/U0/slowest_sync_clk
    SLICE_X19Y34         FDRE                                         r  design_1_i/rst_ps7_0_50M/U0/ACTIVE_LOW_PR_OUT_DFF[0].FDRE_PER_N/C
  -------------------------------------------------------------------    -------------------
    SLICE_X19Y34         FDRE (Prop_fdre_C_Q)         0.456     3.431 f  design_1_i/rst_ps7_0_50M/U0/ACTIVE_LOW_PR_OUT_DFF[0].FDRE_PER_N/Q
                         net (fo=10, routed)          5.262     8.693    design_1_i/axi_gpio_0/U0/AXI_LITE_IPIF_I/I_SLAVE_ATTACHMENT/I_DECODER/s_axi_aresetn
    SLICE_X14Y41         LUT3 (Prop_lut3_I2_O)        0.124     8.817 r  design_1_i/axi_gpio_0/U0/AXI_LITE_IPIF_I/I_SLAVE_ATTACHMENT/I_DECODER/GEN_BKEND_CE_REGISTERS[19].ce_out_i[19]_i_1/O
                         net (fo=21, routed)          1.027     9.844    design_1_i/axi_gpio_0/U0/AXI_LITE_IPIF_I/I_SLAVE_ATTACHMENT/I_DECODER/cs_ce_clr
    SLICE_X10Y36         FDRE                                         r  design_1_i/axi_gpio_0/U0/AXI_LITE_IPIF_I/I_SLAVE_ATTACHMENT/I_DECODER/GEN_BKEND_CE_REGISTERS[8].ce_out_i_reg[8]/R
  -------------------------------------------------------------------    -------------------

                         (clock clk_fpga_0 rise edge)
                                                     20.000    20.000 r  
    PS7_X0Y0             PS7                          0.000    20.000 r  design_1_i/processing_system7_0/inst/PS7_i/FCLKCLK[0]
                         net (fo=1, routed)           1.101    21.101    design_1_i/processing_system7_0/inst/FCLK_CLK_unbuffered[0]
    BUFGCTRL_X0Y0        BUFG (Prop_bufg_I_O)         0.091    21.192 r  design_1_i/processing_system7_0/inst/buffer_fclk_clk_0.FCLK_CLK_0_BUFG/O
                         net (fo=1161, routed)        1.502    22.694    design_1_i/axi_gpio_0/U0/AXI_LITE_IPIF_I/I_SLAVE_ATTACHMENT/I_DECODER/s_axi_aclk
    SLICE_X10Y36         FDRE                                         r  design_1_i/axi_gpio_0/U0/AXI_LITE_IPIF_I/I_SLAVE_ATTACHMENT/I_DECODER/GEN_BKEND_CE_REGISTERS[8].ce_out_i_reg[8]/C
                         clock pessimism              0.230    22.925    
                         clock uncertainty           -0.302    22.623    
    SLICE_X10Y36         FDRE (Setup_fdre_C_R)       -0.524    22.099    design_1_i/axi_gpio_0/U0/AXI_LITE_IPIF_I/I_SLAVE_ATTACHMENT/I_DECODER/GEN_BKEND_CE_REGISTERS[8].ce_out_i_reg[8]
  -------------------------------------------------------------------
                         required time                         22.099    
                         arrival time                          -9.844    
  -------------------------------------------------------------------
                         slack                                 12.255    

Slack (MET) :             12.255ns  (required time - arrival time)
  Source:                 design_1_i/rst_ps7_0_50M/U0/ACTIVE_LOW_PR_OUT_DFF[0].FDRE_PER_N/C
                            (rising edge-triggered cell FDRE clocked by clk_fpga_0  {rise@0.000ns fall@10.000ns period=20.000ns})
  Destination:            design_1_i/axi_gpio_0/U0/AXI_LITE_IPIF_I/I_SLAVE_ATTACHMENT/I_DECODER/GEN_BKEND_CE_REGISTERS[9].ce_out_i_reg[9]/R
                            (rising edge-triggered cell FDRE clocked by clk_fpga_0  {rise@0.000ns fall@10.000ns period=20.000ns})
  Path Group:             clk_fpga_0
  Path Type:              Setup (Max at Slow Process Corner)
  Requirement:            20.000ns  (clk_fpga_0 rise@20.000ns - clk_fpga_0 rise@0.000ns)
  Data Path Delay:        6.869ns  (logic 0.580ns (8.444%)  route 6.289ns (91.556%))
  Logic Levels:           1  (LUT3=1)
  Clock Path Skew:        -0.050ns (DCD - SCD + CPR)
    Destination Clock Delay (DCD):    2.694ns = ( 22.694 - 20.000 ) 
    Source Clock Delay      (SCD):    2.975ns
    Clock Pessimism Removal (CPR):    0.230ns
  Clock Uncertainty:      0.302ns  ((TSJ^2 + TIJ^2)^1/2 + DJ) / 2 + PE
    Total System Jitter     (TSJ):    0.071ns
    Total Input Jitter      (TIJ):    0.600ns
    Discrete Jitter          (DJ):    0.000ns
    Phase Error              (PE):    0.000ns

    Location             Delay type                Incr(ns)  Path(ns)    Netlist Resource(s)
  -------------------------------------------------------------------    -------------------
                         (clock clk_fpga_0 rise edge)
                                                      0.000     0.000 r  
    PS7_X0Y0             PS7                          0.000     0.000 r  design_1_i/processing_system7_0/inst/PS7_i/FCLKCLK[0]
                         net (fo=1, routed)           1.207     1.207    design_1_i/processing_system7_0/inst/FCLK_CLK_unbuffered[0]
    BUFGCTRL_X0Y0        BUFG (Prop_bufg_I_O)         0.101     1.308 r  design_1_i/processing_system7_0/inst/buffer_fclk_clk_0.FCLK_CLK_0_BUFG/O
                         net (fo=1161, routed)        1.667     2.975    design_1_i/rst_ps7_0_50M/U0/slowest_sync_clk
    SLICE_X19Y34         FDRE                                         r  design_1_i/rst_ps7_0_50M/U0/ACTIVE_LOW_PR_OUT_DFF[0].FDRE_PER_N/C
  -------------------------------------------------------------------    -------------------
    SLICE_X19Y34         FDRE (Prop_fdre_C_Q)         0.456     3.431 f  design_1_i/rst_ps7_0_50M/U0/ACTIVE_LOW_PR_OUT_DFF[0].FDRE_PER_N/Q
                         net (fo=10, routed)          5.262     8.693    design_1_i/axi_gpio_0/U0/AXI_LITE_IPIF_I/I_SLAVE_ATTACHMENT/I_DECODER/s_axi_aresetn
    SLICE_X14Y41         LUT3 (Prop_lut3_I2_O)        0.124     8.817 r  design_1_i/axi_gpio_0/U0/AXI_LITE_IPIF_I/I_SLAVE_ATTACHMENT/I_DECODER/GEN_BKEND_CE_REGISTERS[19].ce_out_i[19]_i_1/O
                         net (fo=21, routed)          1.027     9.844    design_1_i/axi_gpio_0/U0/AXI_LITE_IPIF_I/I_SLAVE_ATTACHMENT/I_DECODER/cs_ce_clr
    SLICE_X10Y36         FDRE                                         r  design_1_i/axi_gpio_0/U0/AXI_LITE_IPIF_I/I_SLAVE_ATTACHMENT/I_DECODER/GEN_BKEND_CE_REGISTERS[9].ce_out_i_reg[9]/R
  -------------------------------------------------------------------    -------------------

                         (clock clk_fpga_0 rise edge)
                                                     20.000    20.000 r  
    PS7_X0Y0             PS7                          0.000    20.000 r  design_1_i/processing_system7_0/inst/PS7_i/FCLKCLK[0]
                         net (fo=1, routed)           1.101    21.101    design_1_i/processing_system7_0/inst/FCLK_CLK_unbuffered[0]
    BUFGCTRL_X0Y0        BUFG (Prop_bufg_I_O)         0.091    21.192 r  design_1_i/processing_system7_0/inst/buffer_fclk_clk_0.FCLK_CLK_0_BUFG/O
                         net (fo=1161, routed)        1.502    22.694    design_1_i/axi_gpio_0/U0/AXI_LITE_IPIF_I/I_SLAVE_ATTACHMENT/I_DECODER/s_axi_aclk
    SLICE_X10Y36         FDRE                                         r  design_1_i/axi_gpio_0/U0/AXI_LITE_IPIF_I/I_SLAVE_ATTACHMENT/I_DECODER/GEN_BKEND_CE_REGISTERS[9].ce_out_i_reg[9]/C
                         clock pessimism              0.230    22.925    
                         clock uncertainty           -0.302    22.623    
    SLICE_X10Y36         FDRE (Setup_fdre_C_R)       -0.524    22.099    design_1_i/axi_gpio_0/U0/AXI_LITE_IPIF_I/I_SLAVE_ATTACHMENT/I_DECODER/GEN_BKEND_CE_REGISTERS[9].ce_out_i_reg[9]
  -------------------------------------------------------------------
                         required time                         22.099    
                         arrival time                          -9.844    
  -------------------------------------------------------------------
                         slack                                 12.255    

Slack (MET) :             12.350ns  (required time - arrival time)
  Source:                 design_1_i/rst_ps7_0_50M/U0/ACTIVE_LOW_PR_OUT_DFF[0].FDRE_PER_N/C
                            (rising edge-triggered cell FDRE clocked by clk_fpga_0  {rise@0.000ns fall@10.000ns period=20.000ns})
  Destination:            design_1_i/axi_gpio_0/U0/AXI_LITE_IPIF_I/I_SLAVE_ATTACHMENT/I_DECODER/GEN_BKEND_CE_REGISTERS[0].ce_out_i_reg[0]/R
                            (rising edge-triggered cell FDRE clocked by clk_fpga_0  {rise@0.000ns fall@10.000ns period=20.000ns})
  Path Group:             clk_fpga_0
  Path Type:              Setup (Max at Slow Process Corner)
  Requirement:            20.000ns  (clk_fpga_0 rise@20.000ns - clk_fpga_0 rise@0.000ns)
  Data Path Delay:        6.869ns  (logic 0.580ns (8.444%)  route 6.289ns (91.556%))
  Logic Levels:           1  (LUT3=1)
  Clock Path Skew:        -0.050ns (DCD - SCD + CPR)
    Destination Clock Delay (DCD):    2.694ns = ( 22.694 - 20.000 ) 
    Source Clock Delay      (SCD):    2.975ns
    Clock Pessimism Removal (CPR):    0.230ns
  Clock Uncertainty:      0.302ns  ((TSJ^2 + TIJ^2)^1/2 + DJ) / 2 + PE
    Total System Jitter     (TSJ):    0.071ns
    Total Input Jitter      (TIJ):    0.600ns
    Discrete Jitter          (DJ):    0.000ns
    Phase Error              (PE):    0.000ns

    Location             Delay type                Incr(ns)  Path(ns)    Netlist Resource(s)
  -------------------------------------------------------------------    -------------------
                         (clock clk_fpga_0 rise edge)
                                                      0.000     0.000 r  
    PS7_X0Y0             PS7                          0.000     0.000 r  design_1_i/processing_system7_0/inst/PS7_i/FCLKCLK[0]
                         net (fo=1, routed)           1.207     1.207    design_1_i/processing_system7_0/inst/FCLK_CLK_unbuffered[0]
    BUFGCTRL_X0Y0        BUFG (Prop_bufg_I_O)         0.101     1.308 r  design_1_i/processing_system7_0/inst/buffer_fclk_clk_0.FCLK_CLK_0_BUFG/O
                         net (fo=1161, routed)        1.667     2.975    design_1_i/rst_ps7_0_50M/U0/slowest_sync_clk
    SLICE_X19Y34         FDRE                                         r  design_1_i/rst_ps7_0_50M/U0/ACTIVE_LOW_PR_OUT_DFF[0].FDRE_PER_N/C
  -------------------------------------------------------------------    -------------------
    SLICE_X19Y34         FDRE (Prop_fdre_C_Q)         0.456     3.431 f  design_1_i/rst_ps7_0_50M/U0/ACTIVE_LOW_PR_OUT_DFF[0].FDRE_PER_N/Q
                         net (fo=10, routed)          5.262     8.693    design_1_i/axi_gpio_0/U0/AXI_LITE_IPIF_I/I_SLAVE_ATTACHMENT/I_DECODER/s_axi_aresetn
    SLICE_X14Y41         LUT3 (Prop_lut3_I2_O)        0.124     8.817 r  design_1_i/axi_gpio_0/U0/AXI_LITE_IPIF_I/I_SLAVE_ATTACHMENT/I_DECODER/GEN_BKEND_CE_REGISTERS[19].ce_out_i[19]_i_1/O
                         net (fo=21, routed)          1.027     9.844    design_1_i/axi_gpio_0/U0/AXI_LITE_IPIF_I/I_SLAVE_ATTACHMENT/I_DECODER/cs_ce_clr
    SLICE_X11Y36         FDRE                                         r  design_1_i/axi_gpio_0/U0/AXI_LITE_IPIF_I/I_SLAVE_ATTACHMENT/I_DECODER/GEN_BKEND_CE_REGISTERS[0].ce_out_i_reg[0]/R
  -------------------------------------------------------------------    -------------------

                         (clock clk_fpga_0 rise edge)
                                                     20.000    20.000 r  
    PS7_X0Y0             PS7                          0.000    20.000 r  design_1_i/processing_system7_0/inst/PS7_i/FCLKCLK[0]
                         net (fo=1, routed)           1.101    21.101    design_1_i/processing_system7_0/inst/FCLK_CLK_unbuffered[0]
    BUFGCTRL_X0Y0        BUFG (Prop_bufg_I_O)         0.091    21.192 r  design_1_i/processing_system7_0/inst/buffer_fclk_clk_0.FCLK_CLK_0_BUFG/O
                         net (fo=1161, routed)        1.502    22.694    design_1_i/axi_gpio_0/U0/AXI_LITE_IPIF_I/I_SLAVE_ATTACHMENT/I_DECODER/s_axi_aclk
    SLICE_X11Y36         FDRE                                         r  design_1_i/axi_gpio_0/U0/AXI_LITE_IPIF_I/I_SLAVE_ATTACHMENT/I_DECODER/GEN_BKEND_CE_REGISTERS[0].ce_out_i_reg[0]/C
                         clock pessimism              0.230    22.925    
                         clock uncertainty           -0.302    22.623    
    SLICE_X11Y36         FDRE (Setup_fdre_C_R)       -0.429    22.194    design_1_i/axi_gpio_0/U0/AXI_LITE_IPIF_I/I_SLAVE_ATTACHMENT/I_DECODER/GEN_BKEND_CE_REGISTERS[0].ce_out_i_reg[0]
  -------------------------------------------------------------------
                         required time                         22.194    
                         arrival time                          -9.844    
  -------------------------------------------------------------------
                         slack                                 12.350    

Slack (MET) :             12.350ns  (required time - arrival time)
  Source:                 design_1_i/rst_ps7_0_50M/U0/ACTIVE_LOW_PR_OUT_DFF[0].FDRE_PER_N/C
                            (rising edge-triggered cell FDRE clocked by clk_fpga_0  {rise@0.000ns fall@10.000ns period=20.000ns})
  Destination:            design_1_i/axi_gpio_0/U0/AXI_LITE_IPIF_I/I_SLAVE_ATTACHMENT/I_DECODER/GEN_BKEND_CE_REGISTERS[1].ce_out_i_reg[1]/R
                            (rising edge-triggered cell FDRE clocked by clk_fpga_0  {rise@0.000ns fall@10.000ns period=20.000ns})
  Path Group:             clk_fpga_0
  Path Type:              Setup (Max at Slow Process Corner)
  Requirement:            20.000ns  (clk_fpga_0 rise@20.000ns - clk_fpga_0 rise@0.000ns)
  Data Path Delay:        6.869ns  (logic 0.580ns (8.444%)  route 6.289ns (91.556%))
  Logic Levels:           1  (LUT3=1)
  Clock Path Skew:        -0.050ns (DCD - SCD + CPR)
    Destination Clock Delay (DCD):    2.694ns = ( 22.694 - 20.000 ) 
    Source Clock Delay      (SCD):    2.975ns
    Clock Pessimism Removal (CPR):    0.230ns
  Clock Uncertainty:      0.302ns  ((TSJ^2 + TIJ^2)^1/2 + DJ) / 2 + PE
    Total System Jitter     (TSJ):    0.071ns
    Total Input Jitter      (TIJ):    0.600ns
    Discrete Jitter          (DJ):    0.000ns
    Phase Error              (PE):    0.000ns

    Location             Delay type                Incr(ns)  Path(ns)    Netlist Resource(s)
  -------------------------------------------------------------------    -------------------
                         (clock clk_fpga_0 rise edge)
                                                      0.000     0.000 r  
    PS7_X0Y0             PS7                          0.000     0.000 r  design_1_i/processing_system7_0/inst/PS7_i/FCLKCLK[0]
                         net (fo=1, routed)           1.207     1.207    design_1_i/processing_system7_0/inst/FCLK_CLK_unbuffered[0]
    BUFGCTRL_X0Y0        BUFG (Prop_bufg_I_O)         0.101     1.308 r  design_1_i/processing_system7_0/inst/buffer_fclk_clk_0.FCLK_CLK_0_BUFG/O
                         net (fo=1161, routed)        1.667     2.975    design_1_i/rst_ps7_0_50M/U0/slowest_sync_clk
    SLICE_X19Y34         FDRE                                         r  design_1_i/rst_ps7_0_50M/U0/ACTIVE_LOW_PR_OUT_DFF[0].FDRE_PER_N/C
  -------------------------------------------------------------------    -------------------
    SLICE_X19Y34         FDRE (Prop_fdre_C_Q)         0.456     3.431 f  design_1_i/rst_ps7_0_50M/U0/ACTIVE_LOW_PR_OUT_DFF[0].FDRE_PER_N/Q
                         net (fo=10, routed)          5.262     8.693    design_1_i/axi_gpio_0/U0/AXI_LITE_IPIF_I/I_SLAVE_ATTACHMENT/I_DECODER/s_axi_aresetn
    SLICE_X14Y41         LUT3 (Prop_lut3_I2_O)        0.124     8.817 r  design_1_i/axi_gpio_0/U0/AXI_LITE_IPIF_I/I_SLAVE_ATTACHMENT/I_DECODER/GEN_BKEND_CE_REGISTERS[19].ce_out_i[19]_i_1/O
                         net (fo=21, routed)          1.027     9.844    design_1_i/axi_gpio_0/U0/AXI_LITE_IPIF_I/I_SLAVE_ATTACHMENT/I_DECODER/cs_ce_clr
    SLICE_X11Y36         FDRE                                         r  design_1_i/axi_gpio_0/U0/AXI_LITE_IPIF_I/I_SLAVE_ATTACHMENT/I_DECODER/GEN_BKEND_CE_REGISTERS[1].ce_out_i_reg[1]/R
  -------------------------------------------------------------------    -------------------

                         (clock clk_fpga_0 rise edge)
                                                     20.000    20.000 r  
    PS7_X0Y0             PS7                          0.000    20.000 r  design_1_i/processing_system7_0/inst/PS7_i/FCLKCLK[0]
                         net (fo=1, routed)           1.101    21.101    design_1_i/processing_system7_0/inst/FCLK_CLK_unbuffered[0]
    BUFGCTRL_X0Y0        BUFG (Prop_bufg_I_O)         0.091    21.192 r  design_1_i/processing_system7_0/inst/buffer_fclk_clk_0.FCLK_CLK_0_BUFG/O
                         net (fo=1161, routed)        1.502    22.694    design_1_i/axi_gpio_0/U0/AXI_LITE_IPIF_I/I_SLAVE_ATTACHMENT/I_DECODER/s_axi_aclk
    SLICE_X11Y36         FDRE                                         r  design_1_i/axi_gpio_0/U0/AXI_LITE_IPIF_I/I_SLAVE_ATTACHMENT/I_DECODER/GEN_BKEND_CE_REGISTERS[1].ce_out_i_reg[1]/C
                         clock pessimism              0.230    22.925    
                         clock uncertainty           -0.302    22.623    
    SLICE_X11Y36         FDRE (Setup_fdre_C_R)       -0.429    22.194    design_1_i/axi_gpio_0/U0/AXI_LITE_IPIF_I/I_SLAVE_ATTACHMENT/I_DECODER/GEN_BKEND_CE_REGISTERS[1].ce_out_i_reg[1]
  -------------------------------------------------------------------
                         required time                         22.194    
                         arrival time                          -9.844    
  -------------------------------------------------------------------
                         slack                                 12.350    

Slack (MET) :             12.350ns  (required time - arrival time)
  Source:                 design_1_i/rst_ps7_0_50M/U0/ACTIVE_LOW_PR_OUT_DFF[0].FDRE_PER_N/C
                            (rising edge-triggered cell FDRE clocked by clk_fpga_0  {rise@0.000ns fall@10.000ns period=20.000ns})
  Destination:            design_1_i/axi_gpio_0/U0/AXI_LITE_IPIF_I/I_SLAVE_ATTACHMENT/I_DECODER/GEN_BKEND_CE_REGISTERS[2].ce_out_i_reg[2]/R
                            (rising edge-triggered cell FDRE clocked by clk_fpga_0  {rise@0.000ns fall@10.000ns period=20.000ns})
  Path Group:             clk_fpga_0
  Path Type:              Setup (Max at Slow Process Corner)
  Requirement:            20.000ns  (clk_fpga_0 rise@20.000ns - clk_fpga_0 rise@0.000ns)
  Data Path Delay:        6.869ns  (logic 0.580ns (8.444%)  route 6.289ns (91.556%))
  Logic Levels:           1  (LUT3=1)
  Clock Path Skew:        -0.050ns (DCD - SCD + CPR)
    Destination Clock Delay (DCD):    2.694ns = ( 22.694 - 20.000 ) 
    Source Clock Delay      (SCD):    2.975ns
    Clock Pessimism Removal (CPR):    0.230ns
  Clock Uncertainty:      0.302ns  ((TSJ^2 + TIJ^2)^1/2 + DJ) / 2 + PE
    Total System Jitter     (TSJ):    0.071ns
    Total Input Jitter      (TIJ):    0.600ns
    Discrete Jitter          (DJ):    0.000ns
    Phase Error              (PE):    0.000ns

    Location             Delay type                Incr(ns)  Path(ns)    Netlist Resource(s)
  -------------------------------------------------------------------    -------------------
                         (clock clk_fpga_0 rise edge)
                                                      0.000     0.000 r  
    PS7_X0Y0             PS7                          0.000     0.000 r  design_1_i/processing_system7_0/inst/PS7_i/FCLKCLK[0]
                         net (fo=1, routed)           1.207     1.207    design_1_i/processing_system7_0/inst/FCLK_CLK_unbuffered[0]
    BUFGCTRL_X0Y0        BUFG (Prop_bufg_I_O)         0.101     1.308 r  design_1_i/processing_system7_0/inst/buffer_fclk_clk_0.FCLK_CLK_0_BUFG/O
                         net (fo=1161, routed)        1.667     2.975    design_1_i/rst_ps7_0_50M/U0/slowest_sync_clk
    SLICE_X19Y34         FDRE                                         r  design_1_i/rst_ps7_0_50M/U0/ACTIVE_LOW_PR_OUT_DFF[0].FDRE_PER_N/C
  -------------------------------------------------------------------    -------------------
    SLICE_X19Y34         FDRE (Prop_fdre_C_Q)         0.456     3.431 f  design_1_i/rst_ps7_0_50M/U0/ACTIVE_LOW_PR_OUT_DFF[0].FDRE_PER_N/Q
                         net (fo=10, routed)          5.262     8.693    design_1_i/axi_gpio_0/U0/AXI_LITE_IPIF_I/I_SLAVE_ATTACHMENT/I_DECODER/s_axi_aresetn
    SLICE_X14Y41         LUT3 (Prop_lut3_I2_O)        0.124     8.817 r  design_1_i/axi_gpio_0/U0/AXI_LITE_IPIF_I/I_SLAVE_ATTACHMENT/I_DECODER/GEN_BKEND_CE_REGISTERS[19].ce_out_i[19]_i_1/O
                         net (fo=21, routed)          1.027     9.844    design_1_i/axi_gpio_0/U0/AXI_LITE_IPIF_I/I_SLAVE_ATTACHMENT/I_DECODER/cs_ce_clr
    SLICE_X11Y36         FDRE                                         r  design_1_i/axi_gpio_0/U0/AXI_LITE_IPIF_I/I_SLAVE_ATTACHMENT/I_DECODER/GEN_BKEND_CE_REGISTERS[2].ce_out_i_reg[2]/R
  -------------------------------------------------------------------    -------------------

                         (clock clk_fpga_0 rise edge)
                                                     20.000    20.000 r  
    PS7_X0Y0             PS7                          0.000    20.000 r  design_1_i/processing_system7_0/inst/PS7_i/FCLKCLK[0]
                         net (fo=1, routed)           1.101    21.101    design_1_i/processing_system7_0/inst/FCLK_CLK_unbuffered[0]
    BUFGCTRL_X0Y0        BUFG (Prop_bufg_I_O)         0.091    21.192 r  design_1_i/processing_system7_0/inst/buffer_fclk_clk_0.FCLK_CLK_0_BUFG/O
                         net (fo=1161, routed)        1.502    22.694    design_1_i/axi_gpio_0/U0/AXI_LITE_IPIF_I/I_SLAVE_ATTACHMENT/I_DECODER/s_axi_aclk
    SLICE_X11Y36         FDRE                                         r  design_1_i/axi_gpio_0/U0/AXI_LITE_IPIF_I/I_SLAVE_ATTACHMENT/I_DECODER/GEN_BKEND_CE_REGISTERS[2].ce_out_i_reg[2]/C
                         clock pessimism              0.230    22.925    
                         clock uncertainty           -0.302    22.623    
    SLICE_X11Y36         FDRE (Setup_fdre_C_R)       -0.429    22.194    design_1_i/axi_gpio_0/U0/AXI_LITE_IPIF_I/I_SLAVE_ATTACHMENT/I_DECODER/GEN_BKEND_CE_REGISTERS[2].ce_out_i_reg[2]
  -------------------------------------------------------------------
                         required time                         22.194    
                         arrival time                          -9.844    
  -------------------------------------------------------------------
                         slack                                 12.350    

Slack (MET) :             12.350ns  (required time - arrival time)
  Source:                 design_1_i/rst_ps7_0_50M/U0/ACTIVE_LOW_PR_OUT_DFF[0].FDRE_PER_N/C
                            (rising edge-triggered cell FDRE clocked by clk_fpga_0  {rise@0.000ns fall@10.000ns period=20.000ns})
  Destination:            design_1_i/axi_gpio_0/U0/AXI_LITE_IPIF_I/I_SLAVE_ATTACHMENT/I_DECODER/GEN_BKEND_CE_REGISTERS[3].ce_out_i_reg[3]/R
                            (rising edge-triggered cell FDRE clocked by clk_fpga_0  {rise@0.000ns fall@10.000ns period=20.000ns})
  Path Group:             clk_fpga_0
  Path Type:              Setup (Max at Slow Process Corner)
  Requirement:            20.000ns  (clk_fpga_0 rise@20.000ns - clk_fpga_0 rise@0.000ns)
  Data Path Delay:        6.869ns  (logic 0.580ns (8.444%)  route 6.289ns (91.556%))
  Logic Levels:           1  (LUT3=1)
  Clock Path Skew:        -0.050ns (DCD - SCD + CPR)
    Destination Clock Delay (DCD):    2.694ns = ( 22.694 - 20.000 ) 
    Source Clock Delay      (SCD):    2.975ns
    Clock Pessimism Removal (CPR):    0.230ns
  Clock Uncertainty:      0.302ns  ((TSJ^2 + TIJ^2)^1/2 + DJ) / 2 + PE
    Total System Jitter     (TSJ):    0.071ns
    Total Input Jitter      (TIJ):    0.600ns
    Discrete Jitter          (DJ):    0.000ns
    Phase Error              (PE):    0.000ns

    Location             Delay type                Incr(ns)  Path(ns)    Netlist Resource(s)
  -------------------------------------------------------------------    -------------------
                         (clock clk_fpga_0 rise edge)
                                                      0.000     0.000 r  
    PS7_X0Y0             PS7                          0.000     0.000 r  design_1_i/processing_system7_0/inst/PS7_i/FCLKCLK[0]
                         net (fo=1, routed)           1.207     1.207    design_1_i/processing_system7_0/inst/FCLK_CLK_unbuffered[0]
    BUFGCTRL_X0Y0        BUFG (Prop_bufg_I_O)         0.101     1.308 r  design_1_i/processing_system7_0/inst/buffer_fclk_clk_0.FCLK_CLK_0_BUFG/O
                         net (fo=1161, routed)        1.667     2.975    design_1_i/rst_ps7_0_50M/U0/slowest_sync_clk
    SLICE_X19Y34         FDRE                                         r  design_1_i/rst_ps7_0_50M/U0/ACTIVE_LOW_PR_OUT_DFF[0].FDRE_PER_N/C
  -------------------------------------------------------------------    -------------------
    SLICE_X19Y34         FDRE (Prop_fdre_C_Q)         0.456     3.431 f  design_1_i/rst_ps7_0_50M/U0/ACTIVE_LOW_PR_OUT_DFF[0].FDRE_PER_N/Q
                         net (fo=10, routed)          5.262     8.693    design_1_i/axi_gpio_0/U0/AXI_LITE_IPIF_I/I_SLAVE_ATTACHMENT/I_DECODER/s_axi_aresetn
    SLICE_X14Y41         LUT3 (Prop_lut3_I2_O)        0.124     8.817 r  design_1_i/axi_gpio_0/U0/AXI_LITE_IPIF_I/I_SLAVE_ATTACHMENT/I_DECODER/GEN_BKEND_CE_REGISTERS[19].ce_out_i[19]_i_1/O
                         net (fo=21, routed)          1.027     9.844    design_1_i/axi_gpio_0/U0/AXI_LITE_IPIF_I/I_SLAVE_ATTACHMENT/I_DECODER/cs_ce_clr
    SLICE_X11Y36         FDRE                                         r  design_1_i/axi_gpio_0/U0/AXI_LITE_IPIF_I/I_SLAVE_ATTACHMENT/I_DECODER/GEN_BKEND_CE_REGISTERS[3].ce_out_i_reg[3]/R
  -------------------------------------------------------------------    -------------------

                         (clock clk_fpga_0 rise edge)
                                                     20.000    20.000 r  
    PS7_X0Y0             PS7                          0.000    20.000 r  design_1_i/processing_system7_0/inst/PS7_i/FCLKCLK[0]
                         net (fo=1, routed)           1.101    21.101    design_1_i/processing_system7_0/inst/FCLK_CLK_unbuffered[0]
    BUFGCTRL_X0Y0        BUFG (Prop_bufg_I_O)         0.091    21.192 r  design_1_i/processing_system7_0/inst/buffer_fclk_clk_0.FCLK_CLK_0_BUFG/O
                         net (fo=1161, routed)        1.502    22.694    design_1_i/axi_gpio_0/U0/AXI_LITE_IPIF_I/I_SLAVE_ATTACHMENT/I_DECODER/s_axi_aclk
    SLICE_X11Y36         FDRE                                         r  design_1_i/axi_gpio_0/U0/AXI_LITE_IPIF_I/I_SLAVE_ATTACHMENT/I_DECODER/GEN_BKEND_CE_REGISTERS[3].ce_out_i_reg[3]/C
                         clock pessimism              0.230    22.925    
                         clock uncertainty           -0.302    22.623    
    SLICE_X11Y36         FDRE (Setup_fdre_C_R)       -0.429    22.194    design_1_i/axi_gpio_0/U0/AXI_LITE_IPIF_I/I_SLAVE_ATTACHMENT/I_DECODER/GEN_BKEND_CE_REGISTERS[3].ce_out_i_reg[3]
  -------------------------------------------------------------------
                         required time                         22.194    
                         arrival time                          -9.844    
  -------------------------------------------------------------------
                         slack                                 12.350    





Min Delay Paths
--------------------------------------------------------------------------------------
Slack (MET) :             0.019ns  (arrival time - required time)
  Source:                 design_1_i/ps7_0_axi_periph/s00_couplers/auto_pc/inst/gen_axilite.gen_b2s_conv.axilite_b2s/SI_REG/aw.aw_pipe/m_payload_i_reg[21]/C
                            (rising edge-triggered cell FDRE clocked by clk_fpga_0  {rise@0.000ns fall@10.000ns period=20.000ns})
  Destination:            design_1_i/ps7_0_axi_periph/xbar/inst/gen_sasd.crossbar_sasd_0/addr_arbiter_inst/gen_no_arbiter.m_amesg_i_reg[22]/D
                            (rising edge-triggered cell FDRE clocked by clk_fpga_0  {rise@0.000ns fall@10.000ns period=20.000ns})
  Path Group:             clk_fpga_0
  Path Type:              Hold (Min at Fast Process Corner)
  Requirement:            0.000ns  (clk_fpga_0 rise@0.000ns - clk_fpga_0 rise@0.000ns)
  Data Path Delay:        0.380ns  (logic 0.186ns (48.890%)  route 0.194ns (51.110%))
  Logic Levels:           1  (LUT4=1)
  Clock Path Skew:        0.270ns (DCD - SCD - CPR)
    Destination Clock Delay (DCD):    1.222ns
    Source Clock Delay      (SCD):    0.923ns
    Clock Pessimism Removal (CPR):    0.029ns

    Location             Delay type                Incr(ns)  Path(ns)    Netlist Resource(s)
  -------------------------------------------------------------------    -------------------
                         (clock clk_fpga_0 rise edge)
                                                      0.000     0.000 r  
    PS7_X0Y0             PS7                          0.000     0.000 r  design_1_i/processing_system7_0/inst/PS7_i/FCLKCLK[0]
                         net (fo=1, routed)           0.315     0.315    design_1_i/processing_system7_0/inst/FCLK_CLK_unbuffered[0]
    BUFGCTRL_X0Y0        BUFG (Prop_bufg_I_O)         0.026     0.341 r  design_1_i/processing_system7_0/inst/buffer_fclk_clk_0.FCLK_CLK_0_BUFG/O
                         net (fo=1161, routed)        0.582     0.923    design_1_i/ps7_0_axi_periph/s00_couplers/auto_pc/inst/gen_axilite.gen_b2s_conv.axilite_b2s/SI_REG/aw.aw_pipe/aclk
    SLICE_X1Y50          FDRE                                         r  design_1_i/ps7_0_axi_periph/s00_couplers/auto_pc/inst/gen_axilite.gen_b2s_conv.axilite_b2s/SI_REG/aw.aw_pipe/m_payload_i_reg[21]/C
  -------------------------------------------------------------------    -------------------
    SLICE_X1Y50          FDRE (Prop_fdre_C_Q)         0.141     1.064 r  design_1_i/ps7_0_axi_periph/s00_couplers/auto_pc/inst/gen_axilite.gen_b2s_conv.axilite_b2s/SI_REG/aw.aw_pipe/m_payload_i_reg[21]/Q
                         net (fo=1, routed)           0.194     1.258    design_1_i/ps7_0_axi_periph/xbar/inst/gen_sasd.crossbar_sasd_0/addr_arbiter_inst/s_axi_awaddr[21]
    SLICE_X1Y49          LUT4 (Prop_lut4_I3_O)        0.045     1.303 r  design_1_i/ps7_0_axi_periph/xbar/inst/gen_sasd.crossbar_sasd_0/addr_arbiter_inst/gen_no_arbiter.m_amesg_i[22]_i_1/O
                         net (fo=1, routed)           0.000     1.303    design_1_i/ps7_0_axi_periph/xbar/inst/gen_sasd.crossbar_sasd_0/addr_arbiter_inst/s_amesg[22]
    SLICE_X1Y49          FDRE                                         r  design_1_i/ps7_0_axi_periph/xbar/inst/gen_sasd.crossbar_sasd_0/addr_arbiter_inst/gen_no_arbiter.m_amesg_i_reg[22]/D
  -------------------------------------------------------------------    -------------------

                         (clock clk_fpga_0 rise edge)
                                                      0.000     0.000 r  
    PS7_X0Y0             PS7                          0.000     0.000 r  design_1_i/processing_system7_0/inst/PS7_i/FCLKCLK[0]
                         net (fo=1, routed)           0.341     0.341    design_1_i/processing_system7_0/inst/FCLK_CLK_unbuffered[0]
    BUFGCTRL_X0Y0        BUFG (Prop_bufg_I_O)         0.029     0.370 r  design_1_i/processing_system7_0/inst/buffer_fclk_clk_0.FCLK_CLK_0_BUFG/O
                         net (fo=1161, routed)        0.852     1.222    design_1_i/ps7_0_axi_periph/xbar/inst/gen_sasd.crossbar_sasd_0/addr_arbiter_inst/aclk
    SLICE_X1Y49          FDRE                                         r  design_1_i/ps7_0_axi_periph/xbar/inst/gen_sasd.crossbar_sasd_0/addr_arbiter_inst/gen_no_arbiter.m_amesg_i_reg[22]/C
                         clock pessimism             -0.029     1.193    
    SLICE_X1Y49          FDRE (Hold_fdre_C_D)         0.091     1.284    design_1_i/ps7_0_axi_periph/xbar/inst/gen_sasd.crossbar_sasd_0/addr_arbiter_inst/gen_no_arbiter.m_amesg_i_reg[22]
  -------------------------------------------------------------------
                         required time                         -1.284    
                         arrival time                           1.303    
  -------------------------------------------------------------------
                         slack                                  0.019    

Slack (MET) :             0.031ns  (arrival time - required time)
  Source:                 design_1_i/ps7_0_axi_periph/s00_couplers/auto_pc/inst/gen_axilite.gen_b2s_conv.axilite_b2s/SI_REG/aw.aw_pipe/m_payload_i_reg[22]/C
                            (rising edge-triggered cell FDRE clocked by clk_fpga_0  {rise@0.000ns fall@10.000ns period=20.000ns})
  Destination:            design_1_i/ps7_0_axi_periph/xbar/inst/gen_sasd.crossbar_sasd_0/addr_arbiter_inst/gen_no_arbiter.m_amesg_i_reg[23]/D
                            (rising edge-triggered cell FDRE clocked by clk_fpga_0  {rise@0.000ns fall@10.000ns period=20.000ns})
  Path Group:             clk_fpga_0
  Path Type:              Hold (Min at Fast Process Corner)
  Requirement:            0.000ns  (clk_fpga_0 rise@0.000ns - clk_fpga_0 rise@0.000ns)
  Data Path Delay:        0.393ns  (logic 0.227ns (57.756%)  route 0.166ns (42.244%))
  Logic Levels:           1  (LUT4=1)
  Clock Path Skew:        0.270ns (DCD - SCD - CPR)
    Destination Clock Delay (DCD):    1.222ns
    Source Clock Delay      (SCD):    0.923ns
    Clock Pessimism Removal (CPR):    0.029ns

    Location             Delay type                Incr(ns)  Path(ns)    Netlist Resource(s)
  -------------------------------------------------------------------    -------------------
                         (clock clk_fpga_0 rise edge)
                                                      0.000     0.000 r  
    PS7_X0Y0             PS7                          0.000     0.000 r  design_1_i/processing_system7_0/inst/PS7_i/FCLKCLK[0]
                         net (fo=1, routed)           0.315     0.315    design_1_i/processing_system7_0/inst/FCLK_CLK_unbuffered[0]
    BUFGCTRL_X0Y0        BUFG (Prop_bufg_I_O)         0.026     0.341 r  design_1_i/processing_system7_0/inst/buffer_fclk_clk_0.FCLK_CLK_0_BUFG/O
                         net (fo=1161, routed)        0.582     0.923    design_1_i/ps7_0_axi_periph/s00_couplers/auto_pc/inst/gen_axilite.gen_b2s_conv.axilite_b2s/SI_REG/aw.aw_pipe/aclk
    SLICE_X1Y50          FDRE                                         r  design_1_i/ps7_0_axi_periph/s00_couplers/auto_pc/inst/gen_axilite.gen_b2s_conv.axilite_b2s/SI_REG/aw.aw_pipe/m_payload_i_reg[22]/C
  -------------------------------------------------------------------    -------------------
    SLICE_X1Y50          FDRE (Prop_fdre_C_Q)         0.128     1.051 r  design_1_i/ps7_0_axi_periph/s00_couplers/auto_pc/inst/gen_axilite.gen_b2s_conv.axilite_b2s/SI_REG/aw.aw_pipe/m_payload_i_reg[22]/Q
                         net (fo=1, routed)           0.166     1.217    design_1_i/ps7_0_axi_periph/xbar/inst/gen_sasd.crossbar_sasd_0/addr_arbiter_inst/s_axi_awaddr[22]
    SLICE_X1Y49          LUT4 (Prop_lut4_I3_O)        0.099     1.316 r  design_1_i/ps7_0_axi_periph/xbar/inst/gen_sasd.crossbar_sasd_0/addr_arbiter_inst/gen_no_arbiter.m_amesg_i[23]_i_1/O
                         net (fo=1, routed)           0.000     1.316    design_1_i/ps7_0_axi_periph/xbar/inst/gen_sasd.crossbar_sasd_0/addr_arbiter_inst/s_amesg[23]
    SLICE_X1Y49          FDRE                                         r  design_1_i/ps7_0_axi_periph/xbar/inst/gen_sasd.crossbar_sasd_0/addr_arbiter_inst/gen_no_arbiter.m_amesg_i_reg[23]/D
  -------------------------------------------------------------------    -------------------

                         (clock clk_fpga_0 rise edge)
                                                      0.000     0.000 r  
    PS7_X0Y0             PS7                          0.000     0.000 r  design_1_i/processing_system7_0/inst/PS7_i/FCLKCLK[0]
                         net (fo=1, routed)           0.341     0.341    design_1_i/processing_system7_0/inst/FCLK_CLK_unbuffered[0]
    BUFGCTRL_X0Y0        BUFG (Prop_bufg_I_O)         0.029     0.370 r  design_1_i/processing_system7_0/inst/buffer_fclk_clk_0.FCLK_CLK_0_BUFG/O
                         net (fo=1161, routed)        0.852     1.222    design_1_i/ps7_0_axi_periph/xbar/inst/gen_sasd.crossbar_sasd_0/addr_arbiter_inst/aclk
    SLICE_X1Y49          FDRE                                         r  design_1_i/ps7_0_axi_periph/xbar/inst/gen_sasd.crossbar_sasd_0/addr_arbiter_inst/gen_no_arbiter.m_amesg_i_reg[23]/C
                         clock pessimism             -0.029     1.193    
    SLICE_X1Y49          FDRE (Hold_fdre_C_D)         0.092     1.285    design_1_i/ps7_0_axi_periph/xbar/inst/gen_sasd.crossbar_sasd_0/addr_arbiter_inst/gen_no_arbiter.m_amesg_i_reg[23]
  -------------------------------------------------------------------
                         required time                         -1.285    
                         arrival time                           1.316    
  -------------------------------------------------------------------
                         slack                                  0.031    

Slack (MET) :             0.041ns  (arrival time - required time)
  Source:                 design_1_i/ps7_0_axi_periph/s00_couplers/auto_pc/inst/gen_axilite.gen_b2s_conv.axilite_b2s/SI_REG/aw.aw_pipe/m_payload_i_reg[28]/C
                            (rising edge-triggered cell FDRE clocked by clk_fpga_0  {rise@0.000ns fall@10.000ns period=20.000ns})
  Destination:            design_1_i/ps7_0_axi_periph/xbar/inst/gen_sasd.crossbar_sasd_0/addr_arbiter_inst/gen_no_arbiter.m_amesg_i_reg[29]/D
                            (rising edge-triggered cell FDRE clocked by clk_fpga_0  {rise@0.000ns fall@10.000ns period=20.000ns})
  Path Group:             clk_fpga_0
  Path Type:              Hold (Min at Fast Process Corner)
  Requirement:            0.000ns  (clk_fpga_0 rise@0.000ns - clk_fpga_0 rise@0.000ns)
  Data Path Delay:        0.432ns  (logic 0.226ns (52.270%)  route 0.206ns (47.730%))
  Logic Levels:           1  (LUT4=1)
  Clock Path Skew:        0.270ns (DCD - SCD - CPR)
    Destination Clock Delay (DCD):    1.222ns
    Source Clock Delay      (SCD):    0.923ns
    Clock Pessimism Removal (CPR):    0.029ns

    Location             Delay type                Incr(ns)  Path(ns)    Netlist Resource(s)
  -------------------------------------------------------------------    -------------------
                         (clock clk_fpga_0 rise edge)
                                                      0.000     0.000 r  
    PS7_X0Y0             PS7                          0.000     0.000 r  design_1_i/processing_system7_0/inst/PS7_i/FCLKCLK[0]
                         net (fo=1, routed)           0.315     0.315    design_1_i/processing_system7_0/inst/FCLK_CLK_unbuffered[0]
    BUFGCTRL_X0Y0        BUFG (Prop_bufg_I_O)         0.026     0.341 r  design_1_i/processing_system7_0/inst/buffer_fclk_clk_0.FCLK_CLK_0_BUFG/O
                         net (fo=1161, routed)        0.582     0.923    design_1_i/ps7_0_axi_periph/s00_couplers/auto_pc/inst/gen_axilite.gen_b2s_conv.axilite_b2s/SI_REG/aw.aw_pipe/aclk
    SLICE_X1Y50          FDRE                                         r  design_1_i/ps7_0_axi_periph/s00_couplers/auto_pc/inst/gen_axilite.gen_b2s_conv.axilite_b2s/SI_REG/aw.aw_pipe/m_payload_i_reg[28]/C
  -------------------------------------------------------------------    -------------------
    SLICE_X1Y50          FDRE (Prop_fdre_C_Q)         0.128     1.051 r  design_1_i/ps7_0_axi_periph/s00_couplers/auto_pc/inst/gen_axilite.gen_b2s_conv.axilite_b2s/SI_REG/aw.aw_pipe/m_payload_i_reg[28]/Q
                         net (fo=1, routed)           0.206     1.257    design_1_i/ps7_0_axi_periph/xbar/inst/gen_sasd.crossbar_sasd_0/addr_arbiter_inst/s_axi_awaddr[28]
    SLICE_X0Y49          LUT4 (Prop_lut4_I3_O)        0.098     1.355 r  design_1_i/ps7_0_axi_periph/xbar/inst/gen_sasd.crossbar_sasd_0/addr_arbiter_inst/gen_no_arbiter.m_amesg_i[29]_i_1/O
                         net (fo=1, routed)           0.000     1.355    design_1_i/ps7_0_axi_periph/xbar/inst/gen_sasd.crossbar_sasd_0/addr_arbiter_inst/s_amesg[29]
    SLICE_X0Y49          FDRE                                         r  design_1_i/ps7_0_axi_periph/xbar/inst/gen_sasd.crossbar_sasd_0/addr_arbiter_inst/gen_no_arbiter.m_amesg_i_reg[29]/D
  -------------------------------------------------------------------    -------------------

                         (clock clk_fpga_0 rise edge)
                                                      0.000     0.000 r  
    PS7_X0Y0             PS7                          0.000     0.000 r  design_1_i/processing_system7_0/inst/PS7_i/FCLKCLK[0]
                         net (fo=1, routed)           0.341     0.341    design_1_i/processing_system7_0/inst/FCLK_CLK_unbuffered[0]
    BUFGCTRL_X0Y0        BUFG (Prop_bufg_I_O)         0.029     0.370 r  design_1_i/processing_system7_0/inst/buffer_fclk_clk_0.FCLK_CLK_0_BUFG/O
                         net (fo=1161, routed)        0.852     1.222    design_1_i/ps7_0_axi_periph/xbar/inst/gen_sasd.crossbar_sasd_0/addr_arbiter_inst/aclk
    SLICE_X0Y49          FDRE                                         r  design_1_i/ps7_0_axi_periph/xbar/inst/gen_sasd.crossbar_sasd_0/addr_arbiter_inst/gen_no_arbiter.m_amesg_i_reg[29]/C
                         clock pessimism             -0.029     1.193    
    SLICE_X0Y49          FDRE (Hold_fdre_C_D)         0.121     1.314    design_1_i/ps7_0_axi_periph/xbar/inst/gen_sasd.crossbar_sasd_0/addr_arbiter_inst/gen_no_arbiter.m_amesg_i_reg[29]
  -------------------------------------------------------------------
                         required time                         -1.314    
                         arrival time                           1.355    
  -------------------------------------------------------------------
                         slack                                  0.041    

Slack (MET) :             0.047ns  (arrival time - required time)
  Source:                 design_1_i/axi_gpio_1/U0/gpio_core_1/Not_Dual.gpio_Data_In_reg[4]/C
                            (rising edge-triggered cell FDRE clocked by clk_fpga_0  {rise@0.000ns fall@10.000ns period=20.000ns})
  Destination:            design_1_i/axi_gpio_1/U0/gpio_core_1/Not_Dual.ALLIN1_ND.READ_REG_GEN[4].reg1_reg[4]/D
                            (rising edge-triggered cell FDRE clocked by clk_fpga_0  {rise@0.000ns fall@10.000ns period=20.000ns})
  Path Group:             clk_fpga_0
  Path Type:              Hold (Min at Fast Process Corner)
  Requirement:            0.000ns  (clk_fpga_0 rise@0.000ns - clk_fpga_0 rise@0.000ns)
  Data Path Delay:        0.438ns  (logic 0.209ns (47.674%)  route 0.229ns (52.326%))
  Logic Levels:           1  (LUT5=1)
  Clock Path Skew:        0.270ns (DCD - SCD - CPR)
    Destination Clock Delay (DCD):    1.205ns
    Source Clock Delay      (SCD):    0.906ns
    Clock Pessimism Removal (CPR):    0.029ns

    Location             Delay type                Incr(ns)  Path(ns)    Netlist Resource(s)
  -------------------------------------------------------------------    -------------------
                         (clock clk_fpga_0 rise edge)
                                                      0.000     0.000 r  
    PS7_X0Y0             PS7                          0.000     0.000 r  design_1_i/processing_system7_0/inst/PS7_i/FCLKCLK[0]
                         net (fo=1, routed)           0.315     0.315    design_1_i/processing_system7_0/inst/FCLK_CLK_unbuffered[0]
    BUFGCTRL_X0Y0        BUFG (Prop_bufg_I_O)         0.026     0.341 r  design_1_i/processing_system7_0/inst/buffer_fclk_clk_0.FCLK_CLK_0_BUFG/O
                         net (fo=1161, routed)        0.565     0.906    design_1_i/axi_gpio_1/U0/gpio_core_1/s_axi_aclk
    SLICE_X10Y50         FDRE                                         r  design_1_i/axi_gpio_1/U0/gpio_core_1/Not_Dual.gpio_Data_In_reg[4]/C
  -------------------------------------------------------------------    -------------------
    SLICE_X10Y50         FDRE (Prop_fdre_C_Q)         0.164     1.070 r  design_1_i/axi_gpio_1/U0/gpio_core_1/Not_Dual.gpio_Data_In_reg[4]/Q
                         net (fo=1, routed)           0.229     1.299    design_1_i/axi_gpio_1/U0/gpio_core_1/gpio_Data_In[4]
    SLICE_X10Y49         LUT5 (Prop_lut5_I0_O)        0.045     1.344 r  design_1_i/axi_gpio_1/U0/gpio_core_1/Not_Dual.ALLIN1_ND.READ_REG_GEN[4].reg1[4]_i_1/O
                         net (fo=1, routed)           0.000     1.344    design_1_i/axi_gpio_1/U0/gpio_core_1/Not_Dual.ALLIN1_ND.READ_REG_GEN[4].reg1[4]_i_1_n_0
    SLICE_X10Y49         FDRE                                         r  design_1_i/axi_gpio_1/U0/gpio_core_1/Not_Dual.ALLIN1_ND.READ_REG_GEN[4].reg1_reg[4]/D
  -------------------------------------------------------------------    -------------------

                         (clock clk_fpga_0 rise edge)
                                                      0.000     0.000 r  
    PS7_X0Y0             PS7                          0.000     0.000 r  design_1_i/processing_system7_0/inst/PS7_i/FCLKCLK[0]
                         net (fo=1, routed)           0.341     0.341    design_1_i/processing_system7_0/inst/FCLK_CLK_unbuffered[0]
    BUFGCTRL_X0Y0        BUFG (Prop_bufg_I_O)         0.029     0.370 r  design_1_i/processing_system7_0/inst/buffer_fclk_clk_0.FCLK_CLK_0_BUFG/O
                         net (fo=1161, routed)        0.835     1.205    design_1_i/axi_gpio_1/U0/gpio_core_1/s_axi_aclk
    SLICE_X10Y49         FDRE                                         r  design_1_i/axi_gpio_1/U0/gpio_core_1/Not_Dual.ALLIN1_ND.READ_REG_GEN[4].reg1_reg[4]/C
                         clock pessimism             -0.029     1.176    
    SLICE_X10Y49         FDRE (Hold_fdre_C_D)         0.121     1.297    design_1_i/axi_gpio_1/U0/gpio_core_1/Not_Dual.ALLIN1_ND.READ_REG_GEN[4].reg1_reg[4]
  -------------------------------------------------------------------
                         required time                         -1.297    
                         arrival time                           1.344    
  -------------------------------------------------------------------
                         slack                                  0.047    

Slack (MET) :             0.051ns  (arrival time - required time)
  Source:                 design_1_i/ps7_0_axi_periph/s00_couplers/auto_pc/inst/gen_axilite.gen_b2s_conv.axilite_b2s/SI_REG/ar.ar_pipe/skid_buffer_reg[22]/C
                            (rising edge-triggered cell FDRE clocked by clk_fpga_0  {rise@0.000ns fall@10.000ns period=20.000ns})
  Destination:            design_1_i/ps7_0_axi_periph/s00_couplers/auto_pc/inst/gen_axilite.gen_b2s_conv.axilite_b2s/SI_REG/ar.ar_pipe/m_payload_i_reg[22]/D
                            (rising edge-triggered cell FDRE clocked by clk_fpga_0  {rise@0.000ns fall@10.000ns period=20.000ns})
  Path Group:             clk_fpga_0
  Path Type:              Hold (Min at Fast Process Corner)
  Requirement:            0.000ns  (clk_fpga_0 rise@0.000ns - clk_fpga_0 rise@0.000ns)
  Data Path Delay:        0.428ns  (logic 0.213ns (49.749%)  route 0.215ns (50.251%))
  Logic Levels:           1  (LUT3=1)
  Clock Path Skew:        0.270ns (DCD - SCD - CPR)
    Destination Clock Delay (DCD):    1.222ns
    Source Clock Delay      (SCD):    0.923ns
    Clock Pessimism Removal (CPR):    0.029ns

    Location             Delay type                Incr(ns)  Path(ns)    Netlist Resource(s)
  -------------------------------------------------------------------    -------------------
                         (clock clk_fpga_0 rise edge)
                                                      0.000     0.000 r  
    PS7_X0Y0             PS7                          0.000     0.000 r  design_1_i/processing_system7_0/inst/PS7_i/FCLKCLK[0]
                         net (fo=1, routed)           0.315     0.315    design_1_i/processing_system7_0/inst/FCLK_CLK_unbuffered[0]
    BUFGCTRL_X0Y0        BUFG (Prop_bufg_I_O)         0.026     0.341 r  design_1_i/processing_system7_0/inst/buffer_fclk_clk_0.FCLK_CLK_0_BUFG/O
                         net (fo=1161, routed)        0.582     0.923    design_1_i/ps7_0_axi_periph/s00_couplers/auto_pc/inst/gen_axilite.gen_b2s_conv.axilite_b2s/SI_REG/ar.ar_pipe/aclk
    SLICE_X0Y52          FDRE                                         r  design_1_i/ps7_0_axi_periph/s00_couplers/auto_pc/inst/gen_axilite.gen_b2s_conv.axilite_b2s/SI_REG/ar.ar_pipe/skid_buffer_reg[22]/C
  -------------------------------------------------------------------    -------------------
    SLICE_X0Y52          FDRE (Prop_fdre_C_Q)         0.164     1.087 r  design_1_i/ps7_0_axi_periph/s00_couplers/auto_pc/inst/gen_axilite.gen_b2s_conv.axilite_b2s/SI_REG/ar.ar_pipe/skid_buffer_reg[22]/Q
                         net (fo=1, routed)           0.215     1.302    design_1_i/ps7_0_axi_periph/s00_couplers/auto_pc/inst/gen_axilite.gen_b2s_conv.axilite_b2s/SI_REG/ar.ar_pipe/skid_buffer_reg_n_0_[22]
    SLICE_X1Y47          LUT3 (Prop_lut3_I2_O)        0.049     1.351 r  design_1_i/ps7_0_axi_periph/s00_couplers/auto_pc/inst/gen_axilite.gen_b2s_conv.axilite_b2s/SI_REG/ar.ar_pipe/m_payload_i[22]_i_1__0/O
                         net (fo=1, routed)           0.000     1.351    design_1_i/ps7_0_axi_periph/s00_couplers/auto_pc/inst/gen_axilite.gen_b2s_conv.axilite_b2s/SI_REG/ar.ar_pipe/m_payload_i[22]_i_1__0_n_0
    SLICE_X1Y47          FDRE                                         r  design_1_i/ps7_0_axi_periph/s00_couplers/auto_pc/inst/gen_axilite.gen_b2s_conv.axilite_b2s/SI_REG/ar.ar_pipe/m_payload_i_reg[22]/D
  -------------------------------------------------------------------    -------------------

                         (clock clk_fpga_0 rise edge)
                                                      0.000     0.000 r  
    PS7_X0Y0             PS7                          0.000     0.000 r  design_1_i/processing_system7_0/inst/PS7_i/FCLKCLK[0]
                         net (fo=1, routed)           0.341     0.341    design_1_i/processing_system7_0/inst/FCLK_CLK_unbuffered[0]
    BUFGCTRL_X0Y0        BUFG (Prop_bufg_I_O)         0.029     0.370 r  design_1_i/processing_system7_0/inst/buffer_fclk_clk_0.FCLK_CLK_0_BUFG/O
                         net (fo=1161, routed)        0.852     1.222    design_1_i/ps7_0_axi_periph/s00_couplers/auto_pc/inst/gen_axilite.gen_b2s_conv.axilite_b2s/SI_REG/ar.ar_pipe/aclk
    SLICE_X1Y47          FDRE                                         r  design_1_i/ps7_0_axi_periph/s00_couplers/auto_pc/inst/gen_axilite.gen_b2s_conv.axilite_b2s/SI_REG/ar.ar_pipe/m_payload_i_reg[22]/C
                         clock pessimism             -0.029     1.193    
    SLICE_X1Y47          FDRE (Hold_fdre_C_D)         0.107     1.300    design_1_i/ps7_0_axi_periph/s00_couplers/auto_pc/inst/gen_axilite.gen_b2s_conv.axilite_b2s/SI_REG/ar.ar_pipe/m_payload_i_reg[22]
  -------------------------------------------------------------------
                         required time                         -1.300    
                         arrival time                           1.351    
  -------------------------------------------------------------------
                         slack                                  0.051    

Slack (MET) :             0.052ns  (arrival time - required time)
  Source:                 design_1_i/axi_gpio_1/U0/gpio_core_1/Not_Dual.gpio_Data_In_reg[7]/C
                            (rising edge-triggered cell FDRE clocked by clk_fpga_0  {rise@0.000ns fall@10.000ns period=20.000ns})
  Destination:            design_1_i/axi_gpio_1/U0/gpio_core_1/Not_Dual.ALLIN1_ND.READ_REG_GEN[7].reg1_reg[7]/D
                            (rising edge-triggered cell FDRE clocked by clk_fpga_0  {rise@0.000ns fall@10.000ns period=20.000ns})
  Path Group:             clk_fpga_0
  Path Type:              Hold (Min at Fast Process Corner)
  Requirement:            0.000ns  (clk_fpga_0 rise@0.000ns - clk_fpga_0 rise@0.000ns)
  Data Path Delay:        0.415ns  (logic 0.186ns (44.853%)  route 0.229ns (55.147%))
  Logic Levels:           1  (LUT5=1)
  Clock Path Skew:        0.270ns (DCD - SCD - CPR)
    Destination Clock Delay (DCD):    1.205ns
    Source Clock Delay      (SCD):    0.906ns
    Clock Pessimism Removal (CPR):    0.029ns

    Location             Delay type                Incr(ns)  Path(ns)    Netlist Resource(s)
  -------------------------------------------------------------------    -------------------
                         (clock clk_fpga_0 rise edge)
                                                      0.000     0.000 r  
    PS7_X0Y0             PS7                          0.000     0.000 r  design_1_i/processing_system7_0/inst/PS7_i/FCLKCLK[0]
                         net (fo=1, routed)           0.315     0.315    design_1_i/processing_system7_0/inst/FCLK_CLK_unbuffered[0]
    BUFGCTRL_X0Y0        BUFG (Prop_bufg_I_O)         0.026     0.341 r  design_1_i/processing_system7_0/inst/buffer_fclk_clk_0.FCLK_CLK_0_BUFG/O
                         net (fo=1161, routed)        0.565     0.906    design_1_i/axi_gpio_1/U0/gpio_core_1/s_axi_aclk
    SLICE_X9Y50          FDRE                                         r  design_1_i/axi_gpio_1/U0/gpio_core_1/Not_Dual.gpio_Data_In_reg[7]/C
  -------------------------------------------------------------------    -------------------
    SLICE_X9Y50          FDRE (Prop_fdre_C_Q)         0.141     1.047 r  design_1_i/axi_gpio_1/U0/gpio_core_1/Not_Dual.gpio_Data_In_reg[7]/Q
                         net (fo=1, routed)           0.229     1.275    design_1_i/axi_gpio_1/U0/gpio_core_1/gpio_Data_In[7]
    SLICE_X9Y49          LUT5 (Prop_lut5_I0_O)        0.045     1.320 r  design_1_i/axi_gpio_1/U0/gpio_core_1/Not_Dual.ALLIN1_ND.READ_REG_GEN[7].reg1[7]_i_1/O
                         net (fo=1, routed)           0.000     1.320    design_1_i/axi_gpio_1/U0/gpio_core_1/Not_Dual.ALLIN1_ND.READ_REG_GEN[7].reg1[7]_i_1_n_0
    SLICE_X9Y49          FDRE                                         r  design_1_i/axi_gpio_1/U0/gpio_core_1/Not_Dual.ALLIN1_ND.READ_REG_GEN[7].reg1_reg[7]/D
  -------------------------------------------------------------------    -------------------

                         (clock clk_fpga_0 rise edge)
                                                      0.000     0.000 r  
    PS7_X0Y0             PS7                          0.000     0.000 r  design_1_i/processing_system7_0/inst/PS7_i/FCLKCLK[0]
                         net (fo=1, routed)           0.341     0.341    design_1_i/processing_system7_0/inst/FCLK_CLK_unbuffered[0]
    BUFGCTRL_X0Y0        BUFG (Prop_bufg_I_O)         0.029     0.370 r  design_1_i/processing_system7_0/inst/buffer_fclk_clk_0.FCLK_CLK_0_BUFG/O
                         net (fo=1161, routed)        0.835     1.205    design_1_i/axi_gpio_1/U0/gpio_core_1/s_axi_aclk
    SLICE_X9Y49          FDRE                                         r  design_1_i/axi_gpio_1/U0/gpio_core_1/Not_Dual.ALLIN1_ND.READ_REG_GEN[7].reg1_reg[7]/C
                         clock pessimism             -0.029     1.176    
    SLICE_X9Y49          FDRE (Hold_fdre_C_D)         0.092     1.268    design_1_i/axi_gpio_1/U0/gpio_core_1/Not_Dual.ALLIN1_ND.READ_REG_GEN[7].reg1_reg[7]
  -------------------------------------------------------------------
                         required time                         -1.268    
                         arrival time                           1.320    
  -------------------------------------------------------------------
                         slack                                  0.052    

Slack (MET) :             0.077ns  (arrival time - required time)
  Source:                 design_1_i/ps7_0_axi_periph/s00_couplers/auto_pc/inst/gen_axilite.gen_b2s_conv.axilite_b2s/SI_REG/aw.aw_pipe/m_payload_i_reg[29]/C
                            (rising edge-triggered cell FDRE clocked by clk_fpga_0  {rise@0.000ns fall@10.000ns period=20.000ns})
  Destination:            design_1_i/ps7_0_axi_periph/xbar/inst/gen_sasd.crossbar_sasd_0/addr_arbiter_inst/gen_no_arbiter.m_amesg_i_reg[30]/D
                            (rising edge-triggered cell FDRE clocked by clk_fpga_0  {rise@0.000ns fall@10.000ns period=20.000ns})
  Path Group:             clk_fpga_0
  Path Type:              Hold (Min at Fast Process Corner)
  Requirement:            0.000ns  (clk_fpga_0 rise@0.000ns - clk_fpga_0 rise@0.000ns)
  Data Path Delay:        0.439ns  (logic 0.186ns (42.335%)  route 0.253ns (57.665%))
  Logic Levels:           1  (LUT4=1)
  Clock Path Skew:        0.270ns (DCD - SCD - CPR)
    Destination Clock Delay (DCD):    1.224ns
    Source Clock Delay      (SCD):    0.925ns
    Clock Pessimism Removal (CPR):    0.029ns

    Location             Delay type                Incr(ns)  Path(ns)    Netlist Resource(s)
  -------------------------------------------------------------------    -------------------
                         (clock clk_fpga_0 rise edge)
                                                      0.000     0.000 r  
    PS7_X0Y0             PS7                          0.000     0.000 r  design_1_i/processing_system7_0/inst/PS7_i/FCLKCLK[0]
                         net (fo=1, routed)           0.315     0.315    design_1_i/processing_system7_0/inst/FCLK_CLK_unbuffered[0]
    BUFGCTRL_X0Y0        BUFG (Prop_bufg_I_O)         0.026     0.341 r  design_1_i/processing_system7_0/inst/buffer_fclk_clk_0.FCLK_CLK_0_BUFG/O
                         net (fo=1161, routed)        0.584     0.925    design_1_i/ps7_0_axi_periph/s00_couplers/auto_pc/inst/gen_axilite.gen_b2s_conv.axilite_b2s/SI_REG/aw.aw_pipe/aclk
    SLICE_X2Y51          FDRE                                         r  design_1_i/ps7_0_axi_periph/s00_couplers/auto_pc/inst/gen_axilite.gen_b2s_conv.axilite_b2s/SI_REG/aw.aw_pipe/m_payload_i_reg[29]/C
  -------------------------------------------------------------------    -------------------
    SLICE_X2Y51          FDRE (Prop_fdre_C_Q)         0.141     1.066 r  design_1_i/ps7_0_axi_periph/s00_couplers/auto_pc/inst/gen_axilite.gen_b2s_conv.axilite_b2s/SI_REG/aw.aw_pipe/m_payload_i_reg[29]/Q
                         net (fo=1, routed)           0.253     1.319    design_1_i/ps7_0_axi_periph/xbar/inst/gen_sasd.crossbar_sasd_0/addr_arbiter_inst/s_axi_awaddr[29]
    SLICE_X3Y48          LUT4 (Prop_lut4_I3_O)        0.045     1.364 r  design_1_i/ps7_0_axi_periph/xbar/inst/gen_sasd.crossbar_sasd_0/addr_arbiter_inst/gen_no_arbiter.m_amesg_i[30]_i_1/O
                         net (fo=1, routed)           0.000     1.364    design_1_i/ps7_0_axi_periph/xbar/inst/gen_sasd.crossbar_sasd_0/addr_arbiter_inst/s_amesg[30]
    SLICE_X3Y48          FDRE                                         r  design_1_i/ps7_0_axi_periph/xbar/inst/gen_sasd.crossbar_sasd_0/addr_arbiter_inst/gen_no_arbiter.m_amesg_i_reg[30]/D
  -------------------------------------------------------------------    -------------------

                         (clock clk_fpga_0 rise edge)
                                                      0.000     0.000 r  
    PS7_X0Y0             PS7                          0.000     0.000 r  design_1_i/processing_system7_0/inst/PS7_i/FCLKCLK[0]
                         net (fo=1, routed)           0.341     0.341    design_1_i/processing_system7_0/inst/FCLK_CLK_unbuffered[0]
    BUFGCTRL_X0Y0        BUFG (Prop_bufg_I_O)         0.029     0.370 r  design_1_i/processing_system7_0/inst/buffer_fclk_clk_0.FCLK_CLK_0_BUFG/O
                         net (fo=1161, routed)        0.854     1.224    design_1_i/ps7_0_axi_periph/xbar/inst/gen_sasd.crossbar_sasd_0/addr_arbiter_inst/aclk
    SLICE_X3Y48          FDRE                                         r  design_1_i/ps7_0_axi_periph/xbar/inst/gen_sasd.crossbar_sasd_0/addr_arbiter_inst/gen_no_arbiter.m_amesg_i_reg[30]/C
                         clock pessimism             -0.029     1.195    
    SLICE_X3Y48          FDRE (Hold_fdre_C_D)         0.092     1.287    design_1_i/ps7_0_axi_periph/xbar/inst/gen_sasd.crossbar_sasd_0/addr_arbiter_inst/gen_no_arbiter.m_amesg_i_reg[30]
  -------------------------------------------------------------------
                         required time                         -1.287    
                         arrival time                           1.364    
  -------------------------------------------------------------------
                         slack                                  0.077    

Slack (MET) :             0.086ns  (arrival time - required time)
  Source:                 design_1_i/ps7_0_axi_periph/s00_couplers/auto_pc/inst/gen_axilite.gen_b2s_conv.axilite_b2s/SI_REG/b.b_pipe/m_payload_i_reg[1]/C
                            (rising edge-triggered cell FDRE clocked by clk_fpga_0  {rise@0.000ns fall@10.000ns period=20.000ns})
  Destination:            design_1_i/processing_system7_0/inst/PS7_i/MAXIGP0BRESP[1]
                            (rising edge-triggered cell PS7 clocked by clk_fpga_0  {rise@0.000ns fall@10.000ns period=20.000ns})
  Path Group:             clk_fpga_0
  Path Type:              Hold (Min at Fast Process Corner)
  Requirement:            0.000ns  (clk_fpga_0 rise@0.000ns - clk_fpga_0 rise@0.000ns)
  Data Path Delay:        0.342ns  (logic 0.148ns (43.227%)  route 0.194ns (56.773%))
  Logic Levels:           0  
  Clock Path Skew:        0.309ns (DCD - SCD - CPR)
    Destination Clock Delay (DCD):    1.263ns
    Source Clock Delay      (SCD):    0.925ns
    Clock Pessimism Removal (CPR):    0.029ns

    Location             Delay type                Incr(ns)  Path(ns)    Netlist Resource(s)
  -------------------------------------------------------------------    -------------------
                         (clock clk_fpga_0 rise edge)
                                                      0.000     0.000 r  
    PS7_X0Y0             PS7                          0.000     0.000 r  design_1_i/processing_system7_0/inst/PS7_i/FCLKCLK[0]
                         net (fo=1, routed)           0.315     0.315    design_1_i/processing_system7_0/inst/FCLK_CLK_unbuffered[0]
    BUFGCTRL_X0Y0        BUFG (Prop_bufg_I_O)         0.026     0.341 r  design_1_i/processing_system7_0/inst/buffer_fclk_clk_0.FCLK_CLK_0_BUFG/O
                         net (fo=1161, routed)        0.584     0.925    design_1_i/ps7_0_axi_periph/s00_couplers/auto_pc/inst/gen_axilite.gen_b2s_conv.axilite_b2s/SI_REG/b.b_pipe/aclk
    SLICE_X4Y50          FDRE                                         r  design_1_i/ps7_0_axi_periph/s00_couplers/auto_pc/inst/gen_axilite.gen_b2s_conv.axilite_b2s/SI_REG/b.b_pipe/m_payload_i_reg[1]/C
  -------------------------------------------------------------------    -------------------
    SLICE_X4Y50          FDRE (Prop_fdre_C_Q)         0.148     1.073 r  design_1_i/ps7_0_axi_periph/s00_couplers/auto_pc/inst/gen_axilite.gen_b2s_conv.axilite_b2s/SI_REG/b.b_pipe/m_payload_i_reg[1]/Q
                         net (fo=1, routed)           0.194     1.267    design_1_i/processing_system7_0/inst/M_AXI_GP0_BRESP[1]
    PS7_X0Y0             PS7                                          r  design_1_i/processing_system7_0/inst/PS7_i/MAXIGP0BRESP[1]
  -------------------------------------------------------------------    -------------------

                         (clock clk_fpga_0 rise edge)
                                                      0.000     0.000 r  
    PS7_X0Y0             PS7                          0.000     0.000 r  design_1_i/processing_system7_0/inst/PS7_i/FCLKCLK[0]
                         net (fo=1, routed)           0.341     0.341    design_1_i/processing_system7_0/inst/FCLK_CLK_unbuffered[0]
    BUFGCTRL_X0Y0        BUFG (Prop_bufg_I_O)         0.029     0.370 r  design_1_i/processing_system7_0/inst/buffer_fclk_clk_0.FCLK_CLK_0_BUFG/O
                         net (fo=1161, routed)        0.893     1.263    design_1_i/processing_system7_0/inst/M_AXI_GP0_ACLK
    PS7_X0Y0             PS7                                          r  design_1_i/processing_system7_0/inst/PS7_i/MAXIGP0ACLK
                         clock pessimism             -0.029     1.234    
    PS7_X0Y0             PS7 (Hold_ps7_MAXIGP0ACLK_MAXIGP0BRESP[1])
                                                     -0.053     1.181    design_1_i/processing_system7_0/inst/PS7_i
  -------------------------------------------------------------------
                         required time                         -1.181    
                         arrival time                           1.267    
  -------------------------------------------------------------------
                         slack                                  0.086    

Slack (MET) :             0.088ns  (arrival time - required time)
  Source:                 design_1_i/ps7_0_axi_periph/s00_couplers/auto_pc/inst/gen_axilite.gen_b2s_conv.axilite_b2s/SI_REG/b.b_pipe/m_payload_i_reg[0]/C
                            (rising edge-triggered cell FDRE clocked by clk_fpga_0  {rise@0.000ns fall@10.000ns period=20.000ns})
  Destination:            design_1_i/processing_system7_0/inst/PS7_i/MAXIGP0BRESP[0]
                            (rising edge-triggered cell PS7 clocked by clk_fpga_0  {rise@0.000ns fall@10.000ns period=20.000ns})
  Path Group:             clk_fpga_0
  Path Type:              Hold (Min at Fast Process Corner)
  Requirement:            0.000ns  (clk_fpga_0 rise@0.000ns - clk_fpga_0 rise@0.000ns)
  Data Path Delay:        0.397ns  (logic 0.164ns (41.290%)  route 0.233ns (58.710%))
  Logic Levels:           0  
  Clock Path Skew:        0.309ns (DCD - SCD - CPR)
    Destination Clock Delay (DCD):    1.263ns
    Source Clock Delay      (SCD):    0.925ns
    Clock Pessimism Removal (CPR):    0.029ns

    Location             Delay type                Incr(ns)  Path(ns)    Netlist Resource(s)
  -------------------------------------------------------------------    -------------------
                         (clock clk_fpga_0 rise edge)
                                                      0.000     0.000 r  
    PS7_X0Y0             PS7                          0.000     0.000 r  design_1_i/processing_system7_0/inst/PS7_i/FCLKCLK[0]
                         net (fo=1, routed)           0.315     0.315    design_1_i/processing_system7_0/inst/FCLK_CLK_unbuffered[0]
    BUFGCTRL_X0Y0        BUFG (Prop_bufg_I_O)         0.026     0.341 r  design_1_i/processing_system7_0/inst/buffer_fclk_clk_0.FCLK_CLK_0_BUFG/O
                         net (fo=1161, routed)        0.584     0.925    design_1_i/ps7_0_axi_periph/s00_couplers/auto_pc/inst/gen_axilite.gen_b2s_conv.axilite_b2s/SI_REG/b.b_pipe/aclk
    SLICE_X4Y50          FDRE                                         r  design_1_i/ps7_0_axi_periph/s00_couplers/auto_pc/inst/gen_axilite.gen_b2s_conv.axilite_b2s/SI_REG/b.b_pipe/m_payload_i_reg[0]/C
  -------------------------------------------------------------------    -------------------
    SLICE_X4Y50          FDRE (Prop_fdre_C_Q)         0.164     1.089 r  design_1_i/ps7_0_axi_periph/s00_couplers/auto_pc/inst/gen_axilite.gen_b2s_conv.axilite_b2s/SI_REG/b.b_pipe/m_payload_i_reg[0]/Q
                         net (fo=1, routed)           0.233     1.322    design_1_i/processing_system7_0/inst/M_AXI_GP0_BRESP[0]
    PS7_X0Y0             PS7                                          r  design_1_i/processing_system7_0/inst/PS7_i/MAXIGP0BRESP[0]
  -------------------------------------------------------------------    -------------------

                         (clock clk_fpga_0 rise edge)
                                                      0.000     0.000 r  
    PS7_X0Y0             PS7                          0.000     0.000 r  design_1_i/processing_system7_0/inst/PS7_i/FCLKCLK[0]
                         net (fo=1, routed)           0.341     0.341    design_1_i/processing_system7_0/inst/FCLK_CLK_unbuffered[0]
    BUFGCTRL_X0Y0        BUFG (Prop_bufg_I_O)         0.029     0.370 r  design_1_i/processing_system7_0/inst/buffer_fclk_clk_0.FCLK_CLK_0_BUFG/O
                         net (fo=1161, routed)        0.893     1.263    design_1_i/processing_system7_0/inst/M_AXI_GP0_ACLK
    PS7_X0Y0             PS7                                          r  design_1_i/processing_system7_0/inst/PS7_i/MAXIGP0ACLK
                         clock pessimism             -0.029     1.234    
    PS7_X0Y0             PS7 (Hold_ps7_MAXIGP0ACLK_MAXIGP0BRESP[0])
                                                      0.000     1.234    design_1_i/processing_system7_0/inst/PS7_i
  -------------------------------------------------------------------
                         required time                         -1.234    
                         arrival time                           1.322    
  -------------------------------------------------------------------
                         slack                                  0.088    

Slack (MET) :             0.090ns  (arrival time - required time)
  Source:                 design_1_i/ps7_0_axi_periph/s00_couplers/auto_pc/inst/gen_axilite.gen_b2s_conv.axilite_b2s/SI_REG/b.b_pipe/m_payload_i_reg[7]/C
                            (rising edge-triggered cell FDRE clocked by clk_fpga_0  {rise@0.000ns fall@10.000ns period=20.000ns})
  Destination:            design_1_i/processing_system7_0/inst/PS7_i/MAXIGP0BID[5]
                            (rising edge-triggered cell PS7 clocked by clk_fpga_0  {rise@0.000ns fall@10.000ns period=20.000ns})
  Path Group:             clk_fpga_0
  Path Type:              Hold (Min at Fast Process Corner)
  Requirement:            0.000ns  (clk_fpga_0 rise@0.000ns - clk_fpga_0 rise@0.000ns)
  Data Path Delay:        0.347ns  (logic 0.128ns (36.935%)  route 0.219ns (63.065%))
  Logic Levels:           0  
  Clock Path Skew:        0.309ns (DCD - SCD - CPR)
    Destination Clock Delay (DCD):    1.263ns
    Source Clock Delay      (SCD):    0.925ns
    Clock Pessimism Removal (CPR):    0.029ns

    Location             Delay type                Incr(ns)  Path(ns)    Netlist Resource(s)
  -------------------------------------------------------------------    -------------------
                         (clock clk_fpga_0 rise edge)
                                                      0.000     0.000 r  
    PS7_X0Y0             PS7                          0.000     0.000 r  design_1_i/processing_system7_0/inst/PS7_i/FCLKCLK[0]
                         net (fo=1, routed)           0.315     0.315    design_1_i/processing_system7_0/inst/FCLK_CLK_unbuffered[0]
    BUFGCTRL_X0Y0        BUFG (Prop_bufg_I_O)         0.026     0.341 r  design_1_i/processing_system7_0/inst/buffer_fclk_clk_0.FCLK_CLK_0_BUFG/O
                         net (fo=1161, routed)        0.584     0.925    design_1_i/ps7_0_axi_periph/s00_couplers/auto_pc/inst/gen_axilite.gen_b2s_conv.axilite_b2s/SI_REG/b.b_pipe/aclk
    SLICE_X3Y51          FDRE                                         r  design_1_i/ps7_0_axi_periph/s00_couplers/auto_pc/inst/gen_axilite.gen_b2s_conv.axilite_b2s/SI_REG/b.b_pipe/m_payload_i_reg[7]/C
  -------------------------------------------------------------------    -------------------
    SLICE_X3Y51          FDRE (Prop_fdre_C_Q)         0.128     1.053 r  design_1_i/ps7_0_axi_periph/s00_couplers/auto_pc/inst/gen_axilite.gen_b2s_conv.axilite_b2s/SI_REG/b.b_pipe/m_payload_i_reg[7]/Q
                         net (fo=1, routed)           0.219     1.271    design_1_i/processing_system7_0/inst/M_AXI_GP0_BID[5]
    PS7_X0Y0             PS7                                          r  design_1_i/processing_system7_0/inst/PS7_i/MAXIGP0BID[5]
  -------------------------------------------------------------------    -------------------

                         (clock clk_fpga_0 rise edge)
                                                      0.000     0.000 r  
    PS7_X0Y0             PS7                          0.000     0.000 r  design_1_i/processing_system7_0/inst/PS7_i/FCLKCLK[0]
                         net (fo=1, routed)           0.341     0.341    design_1_i/processing_system7_0/inst/FCLK_CLK_unbuffered[0]
    BUFGCTRL_X0Y0        BUFG (Prop_bufg_I_O)         0.029     0.370 r  design_1_i/processing_system7_0/inst/buffer_fclk_clk_0.FCLK_CLK_0_BUFG/O
                         net (fo=1161, routed)        0.893     1.263    design_1_i/processing_system7_0/inst/M_AXI_GP0_ACLK
    PS7_X0Y0             PS7                                          r  design_1_i/processing_system7_0/inst/PS7_i/MAXIGP0ACLK
                         clock pessimism             -0.029     1.234    
    PS7_X0Y0             PS7 (Hold_ps7_MAXIGP0ACLK_MAXIGP0BID[5])
                                                     -0.053     1.181    design_1_i/processing_system7_0/inst/PS7_i
  -------------------------------------------------------------------
                         required time                         -1.181    
                         arrival time                           1.271    
  -------------------------------------------------------------------
                         slack                                  0.090    





Pulse Width Checks
--------------------------------------------------------------------------------------
Clock Name:         clk_fpga_0
Waveform(ns):       { 0.000 10.000 }
Period(ns):         20.000
Sources:            { design_1_i/processing_system7_0/inst/PS7_i/FCLKCLK[0] }

Check Type        Corner  Lib Pin      Reference Pin  Required(ns)  Actual(ns)  Slack(ns)  Location       Pin
Min Period        n/a     BUFG/I       n/a            2.155         20.000      17.845     BUFGCTRL_X0Y0  design_1_i/processing_system7_0/inst/buffer_fclk_clk_0.FCLK_CLK_0_BUFG/I
Min Period        n/a     FDRE/C       n/a            1.000         20.000      19.000     SLICE_X15Y43   design_1_i/axi_gpio_1/U0/AXI_LITE_IPIF_I/I_SLAVE_ATTACHMENT/FSM_onehot_state_reg[3]/C
Min Period        n/a     FDRE/C       n/a            1.000         20.000      19.000     SLICE_X14Y45   design_1_i/axi_gpio_1/U0/AXI_LITE_IPIF_I/I_SLAVE_ATTACHMENT/INCLUDE_DPHASE_TIMER.dpto_cnt_reg[0]/C
Min Period        n/a     FDRE/C       n/a            1.000         20.000      19.000     SLICE_X14Y45   design_1_i/axi_gpio_1/U0/AXI_LITE_IPIF_I/I_SLAVE_ATTACHMENT/INCLUDE_DPHASE_TIMER.dpto_cnt_reg[1]/C
Min Period        n/a     FDRE/C       n/a            1.000         20.000      19.000     SLICE_X14Y45   design_1_i/axi_gpio_1/U0/AXI_LITE_IPIF_I/I_SLAVE_ATTACHMENT/INCLUDE_DPHASE_TIMER.dpto_cnt_reg[2]/C
Min Period        n/a     FDRE/C       n/a            1.000         20.000      19.000     SLICE_X14Y45   design_1_i/axi_gpio_1/U0/AXI_LITE_IPIF_I/I_SLAVE_ATTACHMENT/INCLUDE_DPHASE_TIMER.dpto_cnt_reg[3]/C
Min Period        n/a     FDRE/C       n/a            1.000         20.000      19.000     SLICE_X13Y46   design_1_i/axi_gpio_1/U0/AXI_LITE_IPIF_I/I_SLAVE_ATTACHMENT/I_DECODER/Bus_RNW_reg_reg/C
Min Period        n/a     FDRE/C       n/a            1.000         20.000      19.000     SLICE_X16Y42   design_1_i/axi_gpio_1/U0/AXI_LITE_IPIF_I/I_SLAVE_ATTACHMENT/I_DECODER/GEN_BKEND_CE_REGISTERS[0].ce_out_i_reg[0]/C
Min Period        n/a     FDRE/C       n/a            1.000         20.000      19.000     SLICE_X16Y42   design_1_i/axi_gpio_1/U0/AXI_LITE_IPIF_I/I_SLAVE_ATTACHMENT/I_DECODER/GEN_BKEND_CE_REGISTERS[1].ce_out_i_reg[1]/C
Min Period        n/a     FDRE/C       n/a            1.000         20.000      19.000     SLICE_X16Y42   design_1_i/axi_gpio_1/U0/AXI_LITE_IPIF_I/I_SLAVE_ATTACHMENT/I_DECODER/GEN_BKEND_CE_REGISTERS[2].ce_out_i_reg[2]/C
Low Pulse Width   Slow    SRLC32E/CLK  n/a            0.980         10.000      9.020      SLICE_X12Y40   design_1_i/ps7_0_axi_periph/s00_couplers/auto_pc/inst/gen_axilite.gen_b2s_conv.axilite_b2s/RD.r_channel_0/rd_data_fifo_0/memory_reg[31][0]_srl32/CLK
Low Pulse Width   Fast    SRLC32E/CLK  n/a            0.980         10.000      9.020      SLICE_X12Y40   design_1_i/ps7_0_axi_periph/s00_couplers/auto_pc/inst/gen_axilite.gen_b2s_conv.axilite_b2s/RD.r_channel_0/rd_data_fifo_0/memory_reg[31][0]_srl32/CLK
Low Pulse Width   Slow    SRLC32E/CLK  n/a            0.980         10.000      9.020      SLICE_X12Y40   design_1_i/ps7_0_axi_periph/s00_couplers/auto_pc/inst/gen_axilite.gen_b2s_conv.axilite_b2s/RD.r_channel_0/rd_data_fifo_0/memory_reg[31][10]_srl32/CLK
Low Pulse Width   Fast    SRLC32E/CLK  n/a            0.980         10.000      9.020      SLICE_X12Y40   design_1_i/ps7_0_axi_periph/s00_couplers/auto_pc/inst/gen_axilite.gen_b2s_conv.axilite_b2s/RD.r_channel_0/rd_data_fifo_0/memory_reg[31][10]_srl32/CLK
Low Pulse Width   Slow    SRLC32E/CLK  n/a            0.980         10.000      9.020      SLICE_X8Y39    design_1_i/ps7_0_axi_periph/s00_couplers/auto_pc/inst/gen_axilite.gen_b2s_conv.axilite_b2s/RD.r_channel_0/rd_data_fifo_0/memory_reg[31][11]_srl32/CLK
Low Pulse Width   Fast    SRLC32E/CLK  n/a            0.980         10.000      9.020      SLICE_X8Y39    design_1_i/ps7_0_axi_periph/s00_couplers/auto_pc/inst/gen_axilite.gen_b2s_conv.axilite_b2s/RD.r_channel_0/rd_data_fifo_0/memory_reg[31][11]_srl32/CLK
Low Pulse Width   Slow    SRLC32E/CLK  n/a            0.980         10.000      9.020      SLICE_X8Y39    design_1_i/ps7_0_axi_periph/s00_couplers/auto_pc/inst/gen_axilite.gen_b2s_conv.axilite_b2s/RD.r_channel_0/rd_data_fifo_0/memory_reg[31][12]_srl32/CLK
Low Pulse Width   Fast    SRLC32E/CLK  n/a            0.980         10.000      9.020      SLICE_X8Y39    design_1_i/ps7_0_axi_periph/s00_couplers/auto_pc/inst/gen_axilite.gen_b2s_conv.axilite_b2s/RD.r_channel_0/rd_data_fifo_0/memory_reg[31][12]_srl32/CLK
Low Pulse Width   Slow    SRLC32E/CLK  n/a            0.980         10.000      9.020      SLICE_X12Y40   design_1_i/ps7_0_axi_periph/s00_couplers/auto_pc/inst/gen_axilite.gen_b2s_conv.axilite_b2s/RD.r_channel_0/rd_data_fifo_0/memory_reg[31][13]_srl32/CLK
Low Pulse Width   Fast    SRLC32E/CLK  n/a            0.980         10.000      9.020      SLICE_X12Y40   design_1_i/ps7_0_axi_periph/s00_couplers/auto_pc/inst/gen_axilite.gen_b2s_conv.axilite_b2s/RD.r_channel_0/rd_data_fifo_0/memory_reg[31][13]_srl32/CLK
High Pulse Width  Slow    SRL16E/CLK   n/a            0.980         10.000      9.020      SLICE_X20Y35   design_1_i/rst_ps7_0_50M/U0/EXT_LPF/POR_SRL_I/CLK
High Pulse Width  Fast    SRL16E/CLK   n/a            0.980         10.000      9.020      SLICE_X20Y35   design_1_i/rst_ps7_0_50M/U0/EXT_LPF/POR_SRL_I/CLK
High Pulse Width  Slow    SRLC32E/CLK  n/a            0.980         10.000      9.020      SLICE_X12Y40   design_1_i/ps7_0_axi_periph/s00_couplers/auto_pc/inst/gen_axilite.gen_b2s_conv.axilite_b2s/RD.r_channel_0/rd_data_fifo_0/memory_reg[31][0]_srl32/CLK
High Pulse Width  Fast    SRLC32E/CLK  n/a            0.980         10.000      9.020      SLICE_X12Y40   design_1_i/ps7_0_axi_periph/s00_couplers/auto_pc/inst/gen_axilite.gen_b2s_conv.axilite_b2s/RD.r_channel_0/rd_data_fifo_0/memory_reg[31][0]_srl32/CLK
High Pulse Width  Slow    SRLC32E/CLK  n/a            0.980         10.000      9.020      SLICE_X12Y40   design_1_i/ps7_0_axi_periph/s00_couplers/auto_pc/inst/gen_axilite.gen_b2s_conv.axilite_b2s/RD.r_channel_0/rd_data_fifo_0/memory_reg[31][10]_srl32/CLK
High Pulse Width  Fast    SRLC32E/CLK  n/a            0.980         10.000      9.020      SLICE_X12Y40   design_1_i/ps7_0_axi_periph/s00_couplers/auto_pc/inst/gen_axilite.gen_b2s_conv.axilite_b2s/RD.r_channel_0/rd_data_fifo_0/memory_reg[31][10]_srl32/CLK
High Pulse Width  Slow    SRLC32E/CLK  n/a            0.980         10.000      9.020      SLICE_X8Y39    design_1_i/ps7_0_axi_periph/s00_couplers/auto_pc/inst/gen_axilite.gen_b2s_conv.axilite_b2s/RD.r_channel_0/rd_data_fifo_0/memory_reg[31][11]_srl32/CLK
High Pulse Width  Fast    SRLC32E/CLK  n/a            0.980         10.000      9.020      SLICE_X8Y39    design_1_i/ps7_0_axi_periph/s00_couplers/auto_pc/inst/gen_axilite.gen_b2s_conv.axilite_b2s/RD.r_channel_0/rd_data_fifo_0/memory_reg[31][11]_srl32/CLK
High Pulse Width  Slow    SRLC32E/CLK  n/a            0.980         10.000      9.020      SLICE_X8Y39    design_1_i/ps7_0_axi_periph/s00_couplers/auto_pc/inst/gen_axilite.gen_b2s_conv.axilite_b2s/RD.r_channel_0/rd_data_fifo_0/memory_reg[31][12]_srl32/CLK
High Pulse Width  Fast    SRLC32E/CLK  n/a            0.980         10.000      9.020      SLICE_X8Y39    design_1_i/ps7_0_axi_periph/s00_couplers/auto_pc/inst/gen_axilite.gen_b2s_conv.axilite_b2s/RD.r_channel_0/rd_data_fifo_0/memory_reg[31][12]_srl32/CLK



---------------------------------------------------------------------------------------------------
From Clock:  clk_fpga_1
  To Clock:  clk_fpga_1

Setup :            0  Failing Endpoints,  Worst Slack      191.245ns,  Total Violation        0.000ns
Hold  :            0  Failing Endpoints,  Worst Slack        0.083ns,  Total Violation        0.000ns
PW    :            0  Failing Endpoints,  Worst Slack       99.500ns,  Total Violation        0.000ns
---------------------------------------------------------------------------------------------------


Max Delay Paths
--------------------------------------------------------------------------------------
Slack (MET) :             191.245ns  (required time - arrival time)
  Source:                 design_1_i/adc_sampler_0/inst/FSM_sequential_astate_reg[2]/C
                            (rising edge-triggered cell FDCE clocked by clk_fpga_1  {rise@0.000ns fall@100.000ns period=200.000ns})
  Destination:            design_1_i/adc_sampler_0/inst/total_value_adc1_reg[17]/D
                            (rising edge-triggered cell FDCE clocked by clk_fpga_1  {rise@0.000ns fall@100.000ns period=200.000ns})
  Path Group:             clk_fpga_1
  Path Type:              Setup (Max at Slow Process Corner)
  Requirement:            200.000ns  (clk_fpga_1 rise@200.000ns - clk_fpga_1 rise@0.000ns)
  Data Path Delay:        5.796ns  (logic 2.306ns (39.784%)  route 3.490ns (60.216%))
  Logic Levels:           8  (CARRY4=5 LUT3=1 LUT5=2)
  Clock Path Skew:        -0.021ns (DCD - SCD + CPR)
    Destination Clock Delay (DCD):    2.687ns = ( 202.688 - 200.000 ) 
    Source Clock Delay      (SCD):    2.973ns
    Clock Pessimism Removal (CPR):    0.265ns
  Clock Uncertainty:      3.000ns  ((TSJ^2 + TIJ^2)^1/2 + DJ) / 2 + PE
    Total System Jitter     (TSJ):    0.071ns
    Total Input Jitter      (TIJ):    6.000ns
    Discrete Jitter          (DJ):    0.000ns
    Phase Error              (PE):    0.000ns

    Location             Delay type                Incr(ns)  Path(ns)    Netlist Resource(s)
  -------------------------------------------------------------------    -------------------
                         (clock clk_fpga_1 rise edge)
                                                      0.000     0.000 r  
    PS7_X0Y0             PS7                          0.000     0.000 r  design_1_i/processing_system7_0/inst/PS7_i/FCLKCLK[1]
                         net (fo=1, routed)           1.207     1.207    design_1_i/processing_system7_0/inst/FCLK_CLK_unbuffered[1]
    BUFGCTRL_X0Y1        BUFG (Prop_bufg_I_O)         0.101     1.308 r  design_1_i/processing_system7_0/inst/buffer_fclk_clk_1.FCLK_CLK_1_BUFG/O
                         net (fo=118, routed)         1.665     2.973    design_1_i/adc_sampler_0/inst/clk
    SLICE_X22Y37         FDCE                                         r  design_1_i/adc_sampler_0/inst/FSM_sequential_astate_reg[2]/C
  -------------------------------------------------------------------    -------------------
    SLICE_X22Y37         FDCE (Prop_fdce_C_Q)         0.419     3.392 f  design_1_i/adc_sampler_0/inst/FSM_sequential_astate_reg[2]/Q
                         net (fo=13, routed)          0.981     4.373    design_1_i/adc_sampler_0/inst/astate__0[2]
    SLICE_X20Y37         LUT3 (Prop_lut3_I0_O)        0.299     4.672 r  design_1_i/adc_sampler_0/inst/FSM_sequential_astate[1]_i_3/O
                         net (fo=2, routed)           0.831     5.503    design_1_i/adc_sampler_0/inst/FSM_sequential_astate[1]_i_3_n_0
    SLICE_X20Y38         LUT5 (Prop_lut5_I0_O)        0.156     5.659 r  design_1_i/adc_sampler_0/inst/total_value_adc2[0]_i_15/O
                         net (fo=34, routed)          1.678     7.337    design_1_i/adc_sampler_0/inst/total_value_adc2[0]_i_15_n_0
    SLICE_X22Y41         LUT5 (Prop_lut5_I1_O)        0.355     7.692 r  design_1_i/adc_sampler_0/inst/total_value_adc1[0]_i_6/O
                         net (fo=1, routed)           0.000     7.692    design_1_i/adc_sampler_0/inst/total_value_adc1[0]_i_6_n_0
    SLICE_X22Y41         CARRY4 (Prop_carry4_S[3]_CO[3])
                                                      0.401     8.093 r  design_1_i/adc_sampler_0/inst/total_value_adc1_reg[0]_i_1/CO[3]
                         net (fo=1, routed)           0.000     8.093    design_1_i/adc_sampler_0/inst/total_value_adc1_reg[0]_i_1_n_0
    SLICE_X22Y42         CARRY4 (Prop_carry4_CI_CO[3])
                                                      0.114     8.207 r  design_1_i/adc_sampler_0/inst/total_value_adc1_reg[4]_i_1/CO[3]
                         net (fo=1, routed)           0.000     8.207    design_1_i/adc_sampler_0/inst/total_value_adc1_reg[4]_i_1_n_0
    SLICE_X22Y43         CARRY4 (Prop_carry4_CI_CO[3])
                                                      0.114     8.321 r  design_1_i/adc_sampler_0/inst/total_value_adc1_reg[8]_i_1/CO[3]
                         net (fo=1, routed)           0.000     8.321    design_1_i/adc_sampler_0/inst/total_value_adc1_reg[8]_i_1_n_0
    SLICE_X22Y44         CARRY4 (Prop_carry4_CI_CO[3])
                                                      0.114     8.435 r  design_1_i/adc_sampler_0/inst/total_value_adc1_reg[12]_i_1/CO[3]
                         net (fo=1, routed)           0.000     8.435    design_1_i/adc_sampler_0/inst/total_value_adc1_reg[12]_i_1_n_0
    SLICE_X22Y45         CARRY4 (Prop_carry4_CI_O[1])
                                                      0.334     8.769 r  design_1_i/adc_sampler_0/inst/total_value_adc1_reg[16]_i_1/O[1]
                         net (fo=1, routed)           0.000     8.769    design_1_i/adc_sampler_0/inst/total_value_adc1_reg[16]_i_1_n_6
    SLICE_X22Y45         FDCE                                         r  design_1_i/adc_sampler_0/inst/total_value_adc1_reg[17]/D
  -------------------------------------------------------------------    -------------------

                         (clock clk_fpga_1 rise edge)
                                                    200.000   200.000 r  
    PS7_X0Y0             PS7                          0.000   200.000 r  design_1_i/processing_system7_0/inst/PS7_i/FCLKCLK[1]
                         net (fo=1, routed)           1.101   201.101    design_1_i/processing_system7_0/inst/FCLK_CLK_unbuffered[1]
    BUFGCTRL_X0Y1        BUFG (Prop_bufg_I_O)         0.091   201.192 r  design_1_i/processing_system7_0/inst/buffer_fclk_clk_1.FCLK_CLK_1_BUFG/O
                         net (fo=118, routed)         1.495   202.688    design_1_i/adc_sampler_0/inst/clk
    SLICE_X22Y45         FDCE                                         r  design_1_i/adc_sampler_0/inst/total_value_adc1_reg[17]/C
                         clock pessimism              0.265   202.952    
                         clock uncertainty           -3.000   199.952    
    SLICE_X22Y45         FDCE (Setup_fdce_C_D)        0.062   200.014    design_1_i/adc_sampler_0/inst/total_value_adc1_reg[17]
  -------------------------------------------------------------------
                         required time                        200.014    
                         arrival time                          -8.769    
  -------------------------------------------------------------------
                         slack                                191.245    

Slack (MET) :             191.285ns  (required time - arrival time)
  Source:                 design_1_i/adc_sampler_0/inst/FSM_sequential_astate_reg[2]/C
                            (rising edge-triggered cell FDCE clocked by clk_fpga_1  {rise@0.000ns fall@100.000ns period=200.000ns})
  Destination:            design_1_i/adc_sampler_0/inst/total_value_adc2_reg[17]/D
                            (rising edge-triggered cell FDCE clocked by clk_fpga_1  {rise@0.000ns fall@100.000ns period=200.000ns})
  Path Group:             clk_fpga_1
  Path Type:              Setup (Max at Slow Process Corner)
  Requirement:            200.000ns  (clk_fpga_1 rise@200.000ns - clk_fpga_1 rise@0.000ns)
  Data Path Delay:        5.672ns  (logic 2.424ns (42.733%)  route 3.248ns (57.267%))
  Logic Levels:           8  (CARRY4=5 LUT2=1 LUT3=1 LUT5=1)
  Clock Path Skew:        -0.152ns (DCD - SCD + CPR)
    Destination Clock Delay (DCD):    2.691ns = ( 202.691 - 200.000 ) 
    Source Clock Delay      (SCD):    2.973ns
    Clock Pessimism Removal (CPR):    0.130ns
  Clock Uncertainty:      3.000ns  ((TSJ^2 + TIJ^2)^1/2 + DJ) / 2 + PE
    Total System Jitter     (TSJ):    0.071ns
    Total Input Jitter      (TIJ):    6.000ns
    Discrete Jitter          (DJ):    0.000ns
    Phase Error              (PE):    0.000ns

    Location             Delay type                Incr(ns)  Path(ns)    Netlist Resource(s)
  -------------------------------------------------------------------    -------------------
                         (clock clk_fpga_1 rise edge)
                                                      0.000     0.000 r  
    PS7_X0Y0             PS7                          0.000     0.000 r  design_1_i/processing_system7_0/inst/PS7_i/FCLKCLK[1]
                         net (fo=1, routed)           1.207     1.207    design_1_i/processing_system7_0/inst/FCLK_CLK_unbuffered[1]
    BUFGCTRL_X0Y1        BUFG (Prop_bufg_I_O)         0.101     1.308 r  design_1_i/processing_system7_0/inst/buffer_fclk_clk_1.FCLK_CLK_1_BUFG/O
                         net (fo=118, routed)         1.665     2.973    design_1_i/adc_sampler_0/inst/clk
    SLICE_X22Y37         FDCE                                         r  design_1_i/adc_sampler_0/inst/FSM_sequential_astate_reg[2]/C
  -------------------------------------------------------------------    -------------------
    SLICE_X22Y37         FDCE (Prop_fdce_C_Q)         0.419     3.392 f  design_1_i/adc_sampler_0/inst/FSM_sequential_astate_reg[2]/Q
                         net (fo=13, routed)          0.981     4.373    design_1_i/adc_sampler_0/inst/astate__0[2]
    SLICE_X20Y37         LUT3 (Prop_lut3_I0_O)        0.299     4.672 r  design_1_i/adc_sampler_0/inst/FSM_sequential_astate[1]_i_3/O
                         net (fo=2, routed)           0.831     5.503    design_1_i/adc_sampler_0/inst/FSM_sequential_astate[1]_i_3_n_0
    SLICE_X20Y38         LUT5 (Prop_lut5_I4_O)        0.124     5.627 r  design_1_i/adc_sampler_0/inst/FSM_sequential_astate[1]_i_2/O
                         net (fo=61, routed)          0.833     6.460    design_1_i/adc_sampler_0/inst/FSM_sequential_astate[1]_i_2_n_0
    SLICE_X21Y39         LUT2 (Prop_lut2_I0_O)        0.150     6.610 r  design_1_i/adc_sampler_0/inst/total_value_adc2[0]_i_8/O
                         net (fo=1, routed)           0.603     7.213    design_1_i/adc_sampler_0/inst/total_value_adc2[0]_i_8_n_0
    SLICE_X20Y40         CARRY4 (Prop_carry4_DI[0]_CO[3])
                                                      0.758     7.971 r  design_1_i/adc_sampler_0/inst/total_value_adc2_reg[0]_i_2/CO[3]
                         net (fo=1, routed)           0.000     7.971    design_1_i/adc_sampler_0/inst/total_value_adc2_reg[0]_i_2_n_0
    SLICE_X20Y41         CARRY4 (Prop_carry4_CI_CO[3])
                                                      0.117     8.088 r  design_1_i/adc_sampler_0/inst/total_value_adc2_reg[4]_i_1/CO[3]
                         net (fo=1, routed)           0.000     8.088    design_1_i/adc_sampler_0/inst/total_value_adc2_reg[4]_i_1_n_0
    SLICE_X20Y42         CARRY4 (Prop_carry4_CI_CO[3])
                                                      0.117     8.205 r  design_1_i/adc_sampler_0/inst/total_value_adc2_reg[8]_i_1/CO[3]
                         net (fo=1, routed)           0.000     8.205    design_1_i/adc_sampler_0/inst/total_value_adc2_reg[8]_i_1_n_0
    SLICE_X20Y43         CARRY4 (Prop_carry4_CI_CO[3])
                                                      0.117     8.322 r  design_1_i/adc_sampler_0/inst/total_value_adc2_reg[12]_i_1/CO[3]
                         net (fo=1, routed)           0.000     8.322    design_1_i/adc_sampler_0/inst/total_value_adc2_reg[12]_i_1_n_0
    SLICE_X20Y44         CARRY4 (Prop_carry4_CI_O[1])
                                                      0.323     8.645 r  design_1_i/adc_sampler_0/inst/total_value_adc2_reg[16]_i_1/O[1]
                         net (fo=1, routed)           0.000     8.645    design_1_i/adc_sampler_0/inst/total_value_adc2_reg[16]_i_1_n_6
    SLICE_X20Y44         FDCE                                         r  design_1_i/adc_sampler_0/inst/total_value_adc2_reg[17]/D
  -------------------------------------------------------------------    -------------------

                         (clock clk_fpga_1 rise edge)
                                                    200.000   200.000 r  
    PS7_X0Y0             PS7                          0.000   200.000 r  design_1_i/processing_system7_0/inst/PS7_i/FCLKCLK[1]
                         net (fo=1, routed)           1.101   201.101    design_1_i/processing_system7_0/inst/FCLK_CLK_unbuffered[1]
    BUFGCTRL_X0Y1        BUFG (Prop_bufg_I_O)         0.091   201.192 r  design_1_i/processing_system7_0/inst/buffer_fclk_clk_1.FCLK_CLK_1_BUFG/O
                         net (fo=118, routed)         1.499   202.692    design_1_i/adc_sampler_0/inst/clk
    SLICE_X20Y44         FDCE                                         r  design_1_i/adc_sampler_0/inst/total_value_adc2_reg[17]/C
                         clock pessimism              0.130   202.821    
                         clock uncertainty           -3.000   199.821    
    SLICE_X20Y44         FDCE (Setup_fdce_C_D)        0.109   199.930    design_1_i/adc_sampler_0/inst/total_value_adc2_reg[17]
  -------------------------------------------------------------------
                         required time                        199.930    
                         arrival time                          -8.645    
  -------------------------------------------------------------------
                         slack                                191.285    

Slack (MET) :             191.356ns  (required time - arrival time)
  Source:                 design_1_i/adc_sampler_0/inst/FSM_sequential_astate_reg[2]/C
                            (rising edge-triggered cell FDCE clocked by clk_fpga_1  {rise@0.000ns fall@100.000ns period=200.000ns})
  Destination:            design_1_i/adc_sampler_0/inst/total_value_adc1_reg[16]/D
                            (rising edge-triggered cell FDCE clocked by clk_fpga_1  {rise@0.000ns fall@100.000ns period=200.000ns})
  Path Group:             clk_fpga_1
  Path Type:              Setup (Max at Slow Process Corner)
  Requirement:            200.000ns  (clk_fpga_1 rise@200.000ns - clk_fpga_1 rise@0.000ns)
  Data Path Delay:        5.685ns  (logic 2.195ns (38.609%)  route 3.490ns (61.391%))
  Logic Levels:           8  (CARRY4=5 LUT3=1 LUT5=2)
  Clock Path Skew:        -0.021ns (DCD - SCD + CPR)
    Destination Clock Delay (DCD):    2.687ns = ( 202.688 - 200.000 ) 
    Source Clock Delay      (SCD):    2.973ns
    Clock Pessimism Removal (CPR):    0.265ns
  Clock Uncertainty:      3.000ns  ((TSJ^2 + TIJ^2)^1/2 + DJ) / 2 + PE
    Total System Jitter     (TSJ):    0.071ns
    Total Input Jitter      (TIJ):    6.000ns
    Discrete Jitter          (DJ):    0.000ns
    Phase Error              (PE):    0.000ns

    Location             Delay type                Incr(ns)  Path(ns)    Netlist Resource(s)
  -------------------------------------------------------------------    -------------------
                         (clock clk_fpga_1 rise edge)
                                                      0.000     0.000 r  
    PS7_X0Y0             PS7                          0.000     0.000 r  design_1_i/processing_system7_0/inst/PS7_i/FCLKCLK[1]
                         net (fo=1, routed)           1.207     1.207    design_1_i/processing_system7_0/inst/FCLK_CLK_unbuffered[1]
    BUFGCTRL_X0Y1        BUFG (Prop_bufg_I_O)         0.101     1.308 r  design_1_i/processing_system7_0/inst/buffer_fclk_clk_1.FCLK_CLK_1_BUFG/O
                         net (fo=118, routed)         1.665     2.973    design_1_i/adc_sampler_0/inst/clk
    SLICE_X22Y37         FDCE                                         r  design_1_i/adc_sampler_0/inst/FSM_sequential_astate_reg[2]/C
  -------------------------------------------------------------------    -------------------
    SLICE_X22Y37         FDCE (Prop_fdce_C_Q)         0.419     3.392 f  design_1_i/adc_sampler_0/inst/FSM_sequential_astate_reg[2]/Q
                         net (fo=13, routed)          0.981     4.373    design_1_i/adc_sampler_0/inst/astate__0[2]
    SLICE_X20Y37         LUT3 (Prop_lut3_I0_O)        0.299     4.672 r  design_1_i/adc_sampler_0/inst/FSM_sequential_astate[1]_i_3/O
                         net (fo=2, routed)           0.831     5.503    design_1_i/adc_sampler_0/inst/FSM_sequential_astate[1]_i_3_n_0
    SLICE_X20Y38         LUT5 (Prop_lut5_I0_O)        0.156     5.659 r  design_1_i/adc_sampler_0/inst/total_value_adc2[0]_i_15/O
                         net (fo=34, routed)          1.678     7.337    design_1_i/adc_sampler_0/inst/total_value_adc2[0]_i_15_n_0
    SLICE_X22Y41         LUT5 (Prop_lut5_I1_O)        0.355     7.692 r  design_1_i/adc_sampler_0/inst/total_value_adc1[0]_i_6/O
                         net (fo=1, routed)           0.000     7.692    design_1_i/adc_sampler_0/inst/total_value_adc1[0]_i_6_n_0
    SLICE_X22Y41         CARRY4 (Prop_carry4_S[3]_CO[3])
                                                      0.401     8.093 r  design_1_i/adc_sampler_0/inst/total_value_adc1_reg[0]_i_1/CO[3]
                         net (fo=1, routed)           0.000     8.093    design_1_i/adc_sampler_0/inst/total_value_adc1_reg[0]_i_1_n_0
    SLICE_X22Y42         CARRY4 (Prop_carry4_CI_CO[3])
                                                      0.114     8.207 r  design_1_i/adc_sampler_0/inst/total_value_adc1_reg[4]_i_1/CO[3]
                         net (fo=1, routed)           0.000     8.207    design_1_i/adc_sampler_0/inst/total_value_adc1_reg[4]_i_1_n_0
    SLICE_X22Y43         CARRY4 (Prop_carry4_CI_CO[3])
                                                      0.114     8.321 r  design_1_i/adc_sampler_0/inst/total_value_adc1_reg[8]_i_1/CO[3]
                         net (fo=1, routed)           0.000     8.321    design_1_i/adc_sampler_0/inst/total_value_adc1_reg[8]_i_1_n_0
    SLICE_X22Y44         CARRY4 (Prop_carry4_CI_CO[3])
                                                      0.114     8.435 r  design_1_i/adc_sampler_0/inst/total_value_adc1_reg[12]_i_1/CO[3]
                         net (fo=1, routed)           0.000     8.435    design_1_i/adc_sampler_0/inst/total_value_adc1_reg[12]_i_1_n_0
    SLICE_X22Y45         CARRY4 (Prop_carry4_CI_O[0])
                                                      0.223     8.658 r  design_1_i/adc_sampler_0/inst/total_value_adc1_reg[16]_i_1/O[0]
                         net (fo=1, routed)           0.000     8.658    design_1_i/adc_sampler_0/inst/total_value_adc1_reg[16]_i_1_n_7
    SLICE_X22Y45         FDCE                                         r  design_1_i/adc_sampler_0/inst/total_value_adc1_reg[16]/D
  -------------------------------------------------------------------    -------------------

                         (clock clk_fpga_1 rise edge)
                                                    200.000   200.000 r  
    PS7_X0Y0             PS7                          0.000   200.000 r  design_1_i/processing_system7_0/inst/PS7_i/FCLKCLK[1]
                         net (fo=1, routed)           1.101   201.101    design_1_i/processing_system7_0/inst/FCLK_CLK_unbuffered[1]
    BUFGCTRL_X0Y1        BUFG (Prop_bufg_I_O)         0.091   201.192 r  design_1_i/processing_system7_0/inst/buffer_fclk_clk_1.FCLK_CLK_1_BUFG/O
                         net (fo=118, routed)         1.495   202.688    design_1_i/adc_sampler_0/inst/clk
    SLICE_X22Y45         FDCE                                         r  design_1_i/adc_sampler_0/inst/total_value_adc1_reg[16]/C
                         clock pessimism              0.265   202.952    
                         clock uncertainty           -3.000   199.952    
    SLICE_X22Y45         FDCE (Setup_fdce_C_D)        0.062   200.014    design_1_i/adc_sampler_0/inst/total_value_adc1_reg[16]
  -------------------------------------------------------------------
                         required time                        200.014    
                         arrival time                          -8.658    
  -------------------------------------------------------------------
                         slack                                191.356    

Slack (MET) :             191.359ns  (required time - arrival time)
  Source:                 design_1_i/adc_sampler_0/inst/FSM_sequential_astate_reg[2]/C
                            (rising edge-triggered cell FDCE clocked by clk_fpga_1  {rise@0.000ns fall@100.000ns period=200.000ns})
  Destination:            design_1_i/adc_sampler_0/inst/total_value_adc1_reg[13]/D
                            (rising edge-triggered cell FDCE clocked by clk_fpga_1  {rise@0.000ns fall@100.000ns period=200.000ns})
  Path Group:             clk_fpga_1
  Path Type:              Setup (Max at Slow Process Corner)
  Requirement:            200.000ns  (clk_fpga_1 rise@200.000ns - clk_fpga_1 rise@0.000ns)
  Data Path Delay:        5.682ns  (logic 2.192ns (38.576%)  route 3.490ns (61.424%))
  Logic Levels:           7  (CARRY4=4 LUT3=1 LUT5=2)
  Clock Path Skew:        -0.021ns (DCD - SCD + CPR)
    Destination Clock Delay (DCD):    2.687ns = ( 202.688 - 200.000 ) 
    Source Clock Delay      (SCD):    2.973ns
    Clock Pessimism Removal (CPR):    0.265ns
  Clock Uncertainty:      3.000ns  ((TSJ^2 + TIJ^2)^1/2 + DJ) / 2 + PE
    Total System Jitter     (TSJ):    0.071ns
    Total Input Jitter      (TIJ):    6.000ns
    Discrete Jitter          (DJ):    0.000ns
    Phase Error              (PE):    0.000ns

    Location             Delay type                Incr(ns)  Path(ns)    Netlist Resource(s)
  -------------------------------------------------------------------    -------------------
                         (clock clk_fpga_1 rise edge)
                                                      0.000     0.000 r  
    PS7_X0Y0             PS7                          0.000     0.000 r  design_1_i/processing_system7_0/inst/PS7_i/FCLKCLK[1]
                         net (fo=1, routed)           1.207     1.207    design_1_i/processing_system7_0/inst/FCLK_CLK_unbuffered[1]
    BUFGCTRL_X0Y1        BUFG (Prop_bufg_I_O)         0.101     1.308 r  design_1_i/processing_system7_0/inst/buffer_fclk_clk_1.FCLK_CLK_1_BUFG/O
                         net (fo=118, routed)         1.665     2.973    design_1_i/adc_sampler_0/inst/clk
    SLICE_X22Y37         FDCE                                         r  design_1_i/adc_sampler_0/inst/FSM_sequential_astate_reg[2]/C
  -------------------------------------------------------------------    -------------------
    SLICE_X22Y37         FDCE (Prop_fdce_C_Q)         0.419     3.392 f  design_1_i/adc_sampler_0/inst/FSM_sequential_astate_reg[2]/Q
                         net (fo=13, routed)          0.981     4.373    design_1_i/adc_sampler_0/inst/astate__0[2]
    SLICE_X20Y37         LUT3 (Prop_lut3_I0_O)        0.299     4.672 r  design_1_i/adc_sampler_0/inst/FSM_sequential_astate[1]_i_3/O
                         net (fo=2, routed)           0.831     5.503    design_1_i/adc_sampler_0/inst/FSM_sequential_astate[1]_i_3_n_0
    SLICE_X20Y38         LUT5 (Prop_lut5_I0_O)        0.156     5.659 r  design_1_i/adc_sampler_0/inst/total_value_adc2[0]_i_15/O
                         net (fo=34, routed)          1.678     7.337    design_1_i/adc_sampler_0/inst/total_value_adc2[0]_i_15_n_0
    SLICE_X22Y41         LUT5 (Prop_lut5_I1_O)        0.355     7.692 r  design_1_i/adc_sampler_0/inst/total_value_adc1[0]_i_6/O
                         net (fo=1, routed)           0.000     7.692    design_1_i/adc_sampler_0/inst/total_value_adc1[0]_i_6_n_0
    SLICE_X22Y41         CARRY4 (Prop_carry4_S[3]_CO[3])
                                                      0.401     8.093 r  design_1_i/adc_sampler_0/inst/total_value_adc1_reg[0]_i_1/CO[3]
                         net (fo=1, routed)           0.000     8.093    design_1_i/adc_sampler_0/inst/total_value_adc1_reg[0]_i_1_n_0
    SLICE_X22Y42         CARRY4 (Prop_carry4_CI_CO[3])
                                                      0.114     8.207 r  design_1_i/adc_sampler_0/inst/total_value_adc1_reg[4]_i_1/CO[3]
                         net (fo=1, routed)           0.000     8.207    design_1_i/adc_sampler_0/inst/total_value_adc1_reg[4]_i_1_n_0
    SLICE_X22Y43         CARRY4 (Prop_carry4_CI_CO[3])
                                                      0.114     8.321 r  design_1_i/adc_sampler_0/inst/total_value_adc1_reg[8]_i_1/CO[3]
                         net (fo=1, routed)           0.000     8.321    design_1_i/adc_sampler_0/inst/total_value_adc1_reg[8]_i_1_n_0
    SLICE_X22Y44         CARRY4 (Prop_carry4_CI_O[1])
                                                      0.334     8.655 r  design_1_i/adc_sampler_0/inst/total_value_adc1_reg[12]_i_1/O[1]
                         net (fo=1, routed)           0.000     8.655    design_1_i/adc_sampler_0/inst/total_value_adc1_reg[12]_i_1_n_6
    SLICE_X22Y44         FDCE                                         r  design_1_i/adc_sampler_0/inst/total_value_adc1_reg[13]/D
  -------------------------------------------------------------------    -------------------

                         (clock clk_fpga_1 rise edge)
                                                    200.000   200.000 r  
    PS7_X0Y0             PS7                          0.000   200.000 r  design_1_i/processing_system7_0/inst/PS7_i/FCLKCLK[1]
                         net (fo=1, routed)           1.101   201.101    design_1_i/processing_system7_0/inst/FCLK_CLK_unbuffered[1]
    BUFGCTRL_X0Y1        BUFG (Prop_bufg_I_O)         0.091   201.192 r  design_1_i/processing_system7_0/inst/buffer_fclk_clk_1.FCLK_CLK_1_BUFG/O
                         net (fo=118, routed)         1.495   202.688    design_1_i/adc_sampler_0/inst/clk
    SLICE_X22Y44         FDCE                                         r  design_1_i/adc_sampler_0/inst/total_value_adc1_reg[13]/C
                         clock pessimism              0.265   202.952    
                         clock uncertainty           -3.000   199.952    
    SLICE_X22Y44         FDCE (Setup_fdce_C_D)        0.062   200.014    design_1_i/adc_sampler_0/inst/total_value_adc1_reg[13]
  -------------------------------------------------------------------
                         required time                        200.014    
                         arrival time                          -8.655    
  -------------------------------------------------------------------
                         slack                                191.359    

Slack (MET) :             191.380ns  (required time - arrival time)
  Source:                 design_1_i/adc_sampler_0/inst/FSM_sequential_astate_reg[2]/C
                            (rising edge-triggered cell FDCE clocked by clk_fpga_1  {rise@0.000ns fall@100.000ns period=200.000ns})
  Destination:            design_1_i/adc_sampler_0/inst/total_value_adc1_reg[15]/D
                            (rising edge-triggered cell FDCE clocked by clk_fpga_1  {rise@0.000ns fall@100.000ns period=200.000ns})
  Path Group:             clk_fpga_1
  Path Type:              Setup (Max at Slow Process Corner)
  Requirement:            200.000ns  (clk_fpga_1 rise@200.000ns - clk_fpga_1 rise@0.000ns)
  Data Path Delay:        5.661ns  (logic 2.171ns (38.349%)  route 3.490ns (61.651%))
  Logic Levels:           7  (CARRY4=4 LUT3=1 LUT5=2)
  Clock Path Skew:        -0.021ns (DCD - SCD + CPR)
    Destination Clock Delay (DCD):    2.687ns = ( 202.688 - 200.000 ) 
    Source Clock Delay      (SCD):    2.973ns
    Clock Pessimism Removal (CPR):    0.265ns
  Clock Uncertainty:      3.000ns  ((TSJ^2 + TIJ^2)^1/2 + DJ) / 2 + PE
    Total System Jitter     (TSJ):    0.071ns
    Total Input Jitter      (TIJ):    6.000ns
    Discrete Jitter          (DJ):    0.000ns
    Phase Error              (PE):    0.000ns

    Location             Delay type                Incr(ns)  Path(ns)    Netlist Resource(s)
  -------------------------------------------------------------------    -------------------
                         (clock clk_fpga_1 rise edge)
                                                      0.000     0.000 r  
    PS7_X0Y0             PS7                          0.000     0.000 r  design_1_i/processing_system7_0/inst/PS7_i/FCLKCLK[1]
                         net (fo=1, routed)           1.207     1.207    design_1_i/processing_system7_0/inst/FCLK_CLK_unbuffered[1]
    BUFGCTRL_X0Y1        BUFG (Prop_bufg_I_O)         0.101     1.308 r  design_1_i/processing_system7_0/inst/buffer_fclk_clk_1.FCLK_CLK_1_BUFG/O
                         net (fo=118, routed)         1.665     2.973    design_1_i/adc_sampler_0/inst/clk
    SLICE_X22Y37         FDCE                                         r  design_1_i/adc_sampler_0/inst/FSM_sequential_astate_reg[2]/C
  -------------------------------------------------------------------    -------------------
    SLICE_X22Y37         FDCE (Prop_fdce_C_Q)         0.419     3.392 f  design_1_i/adc_sampler_0/inst/FSM_sequential_astate_reg[2]/Q
                         net (fo=13, routed)          0.981     4.373    design_1_i/adc_sampler_0/inst/astate__0[2]
    SLICE_X20Y37         LUT3 (Prop_lut3_I0_O)        0.299     4.672 r  design_1_i/adc_sampler_0/inst/FSM_sequential_astate[1]_i_3/O
                         net (fo=2, routed)           0.831     5.503    design_1_i/adc_sampler_0/inst/FSM_sequential_astate[1]_i_3_n_0
    SLICE_X20Y38         LUT5 (Prop_lut5_I0_O)        0.156     5.659 r  design_1_i/adc_sampler_0/inst/total_value_adc2[0]_i_15/O
                         net (fo=34, routed)          1.678     7.337    design_1_i/adc_sampler_0/inst/total_value_adc2[0]_i_15_n_0
    SLICE_X22Y41         LUT5 (Prop_lut5_I1_O)        0.355     7.692 r  design_1_i/adc_sampler_0/inst/total_value_adc1[0]_i_6/O
                         net (fo=1, routed)           0.000     7.692    design_1_i/adc_sampler_0/inst/total_value_adc1[0]_i_6_n_0
    SLICE_X22Y41         CARRY4 (Prop_carry4_S[3]_CO[3])
                                                      0.401     8.093 r  design_1_i/adc_sampler_0/inst/total_value_adc1_reg[0]_i_1/CO[3]
                         net (fo=1, routed)           0.000     8.093    design_1_i/adc_sampler_0/inst/total_value_adc1_reg[0]_i_1_n_0
    SLICE_X22Y42         CARRY4 (Prop_carry4_CI_CO[3])
                                                      0.114     8.207 r  design_1_i/adc_sampler_0/inst/total_value_adc1_reg[4]_i_1/CO[3]
                         net (fo=1, routed)           0.000     8.207    design_1_i/adc_sampler_0/inst/total_value_adc1_reg[4]_i_1_n_0
    SLICE_X22Y43         CARRY4 (Prop_carry4_CI_CO[3])
                                                      0.114     8.321 r  design_1_i/adc_sampler_0/inst/total_value_adc1_reg[8]_i_1/CO[3]
                         net (fo=1, routed)           0.000     8.321    design_1_i/adc_sampler_0/inst/total_value_adc1_reg[8]_i_1_n_0
    SLICE_X22Y44         CARRY4 (Prop_carry4_CI_O[3])
                                                      0.313     8.634 r  design_1_i/adc_sampler_0/inst/total_value_adc1_reg[12]_i_1/O[3]
                         net (fo=1, routed)           0.000     8.634    design_1_i/adc_sampler_0/inst/total_value_adc1_reg[12]_i_1_n_4
    SLICE_X22Y44         FDCE                                         r  design_1_i/adc_sampler_0/inst/total_value_adc1_reg[15]/D
  -------------------------------------------------------------------    -------------------

                         (clock clk_fpga_1 rise edge)
                                                    200.000   200.000 r  
    PS7_X0Y0             PS7                          0.000   200.000 r  design_1_i/processing_system7_0/inst/PS7_i/FCLKCLK[1]
                         net (fo=1, routed)           1.101   201.101    design_1_i/processing_system7_0/inst/FCLK_CLK_unbuffered[1]
    BUFGCTRL_X0Y1        BUFG (Prop_bufg_I_O)         0.091   201.192 r  design_1_i/processing_system7_0/inst/buffer_fclk_clk_1.FCLK_CLK_1_BUFG/O
                         net (fo=118, routed)         1.495   202.688    design_1_i/adc_sampler_0/inst/clk
    SLICE_X22Y44         FDCE                                         r  design_1_i/adc_sampler_0/inst/total_value_adc1_reg[15]/C
                         clock pessimism              0.265   202.952    
                         clock uncertainty           -3.000   199.952    
    SLICE_X22Y44         FDCE (Setup_fdce_C_D)        0.062   200.014    design_1_i/adc_sampler_0/inst/total_value_adc1_reg[15]
  -------------------------------------------------------------------
                         required time                        200.014    
                         arrival time                          -8.634    
  -------------------------------------------------------------------
                         slack                                191.380    

Slack (MET) :             191.389ns  (required time - arrival time)
  Source:                 design_1_i/adc_sampler_0/inst/FSM_sequential_astate_reg[2]/C
                            (rising edge-triggered cell FDCE clocked by clk_fpga_1  {rise@0.000ns fall@100.000ns period=200.000ns})
  Destination:            design_1_i/adc_sampler_0/inst/total_value_adc2_reg[16]/D
                            (rising edge-triggered cell FDCE clocked by clk_fpga_1  {rise@0.000ns fall@100.000ns period=200.000ns})
  Path Group:             clk_fpga_1
  Path Type:              Setup (Max at Slow Process Corner)
  Requirement:            200.000ns  (clk_fpga_1 rise@200.000ns - clk_fpga_1 rise@0.000ns)
  Data Path Delay:        5.568ns  (logic 2.320ns (41.663%)  route 3.248ns (58.337%))
  Logic Levels:           8  (CARRY4=5 LUT2=1 LUT3=1 LUT5=1)
  Clock Path Skew:        -0.152ns (DCD - SCD + CPR)
    Destination Clock Delay (DCD):    2.691ns = ( 202.691 - 200.000 ) 
    Source Clock Delay      (SCD):    2.973ns
    Clock Pessimism Removal (CPR):    0.130ns
  Clock Uncertainty:      3.000ns  ((TSJ^2 + TIJ^2)^1/2 + DJ) / 2 + PE
    Total System Jitter     (TSJ):    0.071ns
    Total Input Jitter      (TIJ):    6.000ns
    Discrete Jitter          (DJ):    0.000ns
    Phase Error              (PE):    0.000ns

    Location             Delay type                Incr(ns)  Path(ns)    Netlist Resource(s)
  -------------------------------------------------------------------    -------------------
                         (clock clk_fpga_1 rise edge)
                                                      0.000     0.000 r  
    PS7_X0Y0             PS7                          0.000     0.000 r  design_1_i/processing_system7_0/inst/PS7_i/FCLKCLK[1]
                         net (fo=1, routed)           1.207     1.207    design_1_i/processing_system7_0/inst/FCLK_CLK_unbuffered[1]
    BUFGCTRL_X0Y1        BUFG (Prop_bufg_I_O)         0.101     1.308 r  design_1_i/processing_system7_0/inst/buffer_fclk_clk_1.FCLK_CLK_1_BUFG/O
                         net (fo=118, routed)         1.665     2.973    design_1_i/adc_sampler_0/inst/clk
    SLICE_X22Y37         FDCE                                         r  design_1_i/adc_sampler_0/inst/FSM_sequential_astate_reg[2]/C
  -------------------------------------------------------------------    -------------------
    SLICE_X22Y37         FDCE (Prop_fdce_C_Q)         0.419     3.392 f  design_1_i/adc_sampler_0/inst/FSM_sequential_astate_reg[2]/Q
                         net (fo=13, routed)          0.981     4.373    design_1_i/adc_sampler_0/inst/astate__0[2]
    SLICE_X20Y37         LUT3 (Prop_lut3_I0_O)        0.299     4.672 r  design_1_i/adc_sampler_0/inst/FSM_sequential_astate[1]_i_3/O
                         net (fo=2, routed)           0.831     5.503    design_1_i/adc_sampler_0/inst/FSM_sequential_astate[1]_i_3_n_0
    SLICE_X20Y38         LUT5 (Prop_lut5_I4_O)        0.124     5.627 r  design_1_i/adc_sampler_0/inst/FSM_sequential_astate[1]_i_2/O
                         net (fo=61, routed)          0.833     6.460    design_1_i/adc_sampler_0/inst/FSM_sequential_astate[1]_i_2_n_0
    SLICE_X21Y39         LUT2 (Prop_lut2_I0_O)        0.150     6.610 r  design_1_i/adc_sampler_0/inst/total_value_adc2[0]_i_8/O
                         net (fo=1, routed)           0.603     7.213    design_1_i/adc_sampler_0/inst/total_value_adc2[0]_i_8_n_0
    SLICE_X20Y40         CARRY4 (Prop_carry4_DI[0]_CO[3])
                                                      0.758     7.971 r  design_1_i/adc_sampler_0/inst/total_value_adc2_reg[0]_i_2/CO[3]
                         net (fo=1, routed)           0.000     7.971    design_1_i/adc_sampler_0/inst/total_value_adc2_reg[0]_i_2_n_0
    SLICE_X20Y41         CARRY4 (Prop_carry4_CI_CO[3])
                                                      0.117     8.088 r  design_1_i/adc_sampler_0/inst/total_value_adc2_reg[4]_i_1/CO[3]
                         net (fo=1, routed)           0.000     8.088    design_1_i/adc_sampler_0/inst/total_value_adc2_reg[4]_i_1_n_0
    SLICE_X20Y42         CARRY4 (Prop_carry4_CI_CO[3])
                                                      0.117     8.205 r  design_1_i/adc_sampler_0/inst/total_value_adc2_reg[8]_i_1/CO[3]
                         net (fo=1, routed)           0.000     8.205    design_1_i/adc_sampler_0/inst/total_value_adc2_reg[8]_i_1_n_0
    SLICE_X20Y43         CARRY4 (Prop_carry4_CI_CO[3])
                                                      0.117     8.322 r  design_1_i/adc_sampler_0/inst/total_value_adc2_reg[12]_i_1/CO[3]
                         net (fo=1, routed)           0.000     8.322    design_1_i/adc_sampler_0/inst/total_value_adc2_reg[12]_i_1_n_0
    SLICE_X20Y44         CARRY4 (Prop_carry4_CI_O[0])
                                                      0.219     8.541 r  design_1_i/adc_sampler_0/inst/total_value_adc2_reg[16]_i_1/O[0]
                         net (fo=1, routed)           0.000     8.541    design_1_i/adc_sampler_0/inst/total_value_adc2_reg[16]_i_1_n_7
    SLICE_X20Y44         FDCE                                         r  design_1_i/adc_sampler_0/inst/total_value_adc2_reg[16]/D
  -------------------------------------------------------------------    -------------------

                         (clock clk_fpga_1 rise edge)
                                                    200.000   200.000 r  
    PS7_X0Y0             PS7                          0.000   200.000 r  design_1_i/processing_system7_0/inst/PS7_i/FCLKCLK[1]
                         net (fo=1, routed)           1.101   201.101    design_1_i/processing_system7_0/inst/FCLK_CLK_unbuffered[1]
    BUFGCTRL_X0Y1        BUFG (Prop_bufg_I_O)         0.091   201.192 r  design_1_i/processing_system7_0/inst/buffer_fclk_clk_1.FCLK_CLK_1_BUFG/O
                         net (fo=118, routed)         1.499   202.692    design_1_i/adc_sampler_0/inst/clk
    SLICE_X20Y44         FDCE                                         r  design_1_i/adc_sampler_0/inst/total_value_adc2_reg[16]/C
                         clock pessimism              0.130   202.821    
                         clock uncertainty           -3.000   199.821    
    SLICE_X20Y44         FDCE (Setup_fdce_C_D)        0.109   199.930    design_1_i/adc_sampler_0/inst/total_value_adc2_reg[16]
  -------------------------------------------------------------------
                         required time                        199.930    
                         arrival time                          -8.541    
  -------------------------------------------------------------------
                         slack                                191.389    

Slack (MET) :             191.402ns  (required time - arrival time)
  Source:                 design_1_i/adc_sampler_0/inst/FSM_sequential_astate_reg[2]/C
                            (rising edge-triggered cell FDCE clocked by clk_fpga_1  {rise@0.000ns fall@100.000ns period=200.000ns})
  Destination:            design_1_i/adc_sampler_0/inst/total_value_adc2_reg[13]/D
                            (rising edge-triggered cell FDCE clocked by clk_fpga_1  {rise@0.000ns fall@100.000ns period=200.000ns})
  Path Group:             clk_fpga_1
  Path Type:              Setup (Max at Slow Process Corner)
  Requirement:            200.000ns  (clk_fpga_1 rise@200.000ns - clk_fpga_1 rise@0.000ns)
  Data Path Delay:        5.555ns  (logic 2.307ns (41.526%)  route 3.248ns (58.473%))
  Logic Levels:           7  (CARRY4=4 LUT2=1 LUT3=1 LUT5=1)
  Clock Path Skew:        -0.152ns (DCD - SCD + CPR)
    Destination Clock Delay (DCD):    2.691ns = ( 202.691 - 200.000 ) 
    Source Clock Delay      (SCD):    2.973ns
    Clock Pessimism Removal (CPR):    0.130ns
  Clock Uncertainty:      3.000ns  ((TSJ^2 + TIJ^2)^1/2 + DJ) / 2 + PE
    Total System Jitter     (TSJ):    0.071ns
    Total Input Jitter      (TIJ):    6.000ns
    Discrete Jitter          (DJ):    0.000ns
    Phase Error              (PE):    0.000ns

    Location             Delay type                Incr(ns)  Path(ns)    Netlist Resource(s)
  -------------------------------------------------------------------    -------------------
                         (clock clk_fpga_1 rise edge)
                                                      0.000     0.000 r  
    PS7_X0Y0             PS7                          0.000     0.000 r  design_1_i/processing_system7_0/inst/PS7_i/FCLKCLK[1]
                         net (fo=1, routed)           1.207     1.207    design_1_i/processing_system7_0/inst/FCLK_CLK_unbuffered[1]
    BUFGCTRL_X0Y1        BUFG (Prop_bufg_I_O)         0.101     1.308 r  design_1_i/processing_system7_0/inst/buffer_fclk_clk_1.FCLK_CLK_1_BUFG/O
                         net (fo=118, routed)         1.665     2.973    design_1_i/adc_sampler_0/inst/clk
    SLICE_X22Y37         FDCE                                         r  design_1_i/adc_sampler_0/inst/FSM_sequential_astate_reg[2]/C
  -------------------------------------------------------------------    -------------------
    SLICE_X22Y37         FDCE (Prop_fdce_C_Q)         0.419     3.392 f  design_1_i/adc_sampler_0/inst/FSM_sequential_astate_reg[2]/Q
                         net (fo=13, routed)          0.981     4.373    design_1_i/adc_sampler_0/inst/astate__0[2]
    SLICE_X20Y37         LUT3 (Prop_lut3_I0_O)        0.299     4.672 r  design_1_i/adc_sampler_0/inst/FSM_sequential_astate[1]_i_3/O
                         net (fo=2, routed)           0.831     5.503    design_1_i/adc_sampler_0/inst/FSM_sequential_astate[1]_i_3_n_0
    SLICE_X20Y38         LUT5 (Prop_lut5_I4_O)        0.124     5.627 r  design_1_i/adc_sampler_0/inst/FSM_sequential_astate[1]_i_2/O
                         net (fo=61, routed)          0.833     6.460    design_1_i/adc_sampler_0/inst/FSM_sequential_astate[1]_i_2_n_0
    SLICE_X21Y39         LUT2 (Prop_lut2_I0_O)        0.150     6.610 r  design_1_i/adc_sampler_0/inst/total_value_adc2[0]_i_8/O
                         net (fo=1, routed)           0.603     7.213    design_1_i/adc_sampler_0/inst/total_value_adc2[0]_i_8_n_0
    SLICE_X20Y40         CARRY4 (Prop_carry4_DI[0]_CO[3])
                                                      0.758     7.971 r  design_1_i/adc_sampler_0/inst/total_value_adc2_reg[0]_i_2/CO[3]
                         net (fo=1, routed)           0.000     7.971    design_1_i/adc_sampler_0/inst/total_value_adc2_reg[0]_i_2_n_0
    SLICE_X20Y41         CARRY4 (Prop_carry4_CI_CO[3])
                                                      0.117     8.088 r  design_1_i/adc_sampler_0/inst/total_value_adc2_reg[4]_i_1/CO[3]
                         net (fo=1, routed)           0.000     8.088    design_1_i/adc_sampler_0/inst/total_value_adc2_reg[4]_i_1_n_0
    SLICE_X20Y42         CARRY4 (Prop_carry4_CI_CO[3])
                                                      0.117     8.205 r  design_1_i/adc_sampler_0/inst/total_value_adc2_reg[8]_i_1/CO[3]
                         net (fo=1, routed)           0.000     8.205    design_1_i/adc_sampler_0/inst/total_value_adc2_reg[8]_i_1_n_0
    SLICE_X20Y43         CARRY4 (Prop_carry4_CI_O[1])
                                                      0.323     8.528 r  design_1_i/adc_sampler_0/inst/total_value_adc2_reg[12]_i_1/O[1]
                         net (fo=1, routed)           0.000     8.528    design_1_i/adc_sampler_0/inst/total_value_adc2_reg[12]_i_1_n_6
    SLICE_X20Y43         FDCE                                         r  design_1_i/adc_sampler_0/inst/total_value_adc2_reg[13]/D
  -------------------------------------------------------------------    -------------------

                         (clock clk_fpga_1 rise edge)
                                                    200.000   200.000 r  
    PS7_X0Y0             PS7                          0.000   200.000 r  design_1_i/processing_system7_0/inst/PS7_i/FCLKCLK[1]
                         net (fo=1, routed)           1.101   201.101    design_1_i/processing_system7_0/inst/FCLK_CLK_unbuffered[1]
    BUFGCTRL_X0Y1        BUFG (Prop_bufg_I_O)         0.091   201.192 r  design_1_i/processing_system7_0/inst/buffer_fclk_clk_1.FCLK_CLK_1_BUFG/O
                         net (fo=118, routed)         1.499   202.692    design_1_i/adc_sampler_0/inst/clk
    SLICE_X20Y43         FDCE                                         r  design_1_i/adc_sampler_0/inst/total_value_adc2_reg[13]/C
                         clock pessimism              0.130   202.821    
                         clock uncertainty           -3.000   199.821    
    SLICE_X20Y43         FDCE (Setup_fdce_C_D)        0.109   199.930    design_1_i/adc_sampler_0/inst/total_value_adc2_reg[13]
  -------------------------------------------------------------------
                         required time                        199.930    
                         arrival time                          -8.528    
  -------------------------------------------------------------------
                         slack                                191.402    

Slack (MET) :             191.410ns  (required time - arrival time)
  Source:                 design_1_i/adc_sampler_0/inst/FSM_sequential_astate_reg[2]/C
                            (rising edge-triggered cell FDCE clocked by clk_fpga_1  {rise@0.000ns fall@100.000ns period=200.000ns})
  Destination:            design_1_i/adc_sampler_0/inst/total_value_adc2_reg[15]/D
                            (rising edge-triggered cell FDCE clocked by clk_fpga_1  {rise@0.000ns fall@100.000ns period=200.000ns})
  Path Group:             clk_fpga_1
  Path Type:              Setup (Max at Slow Process Corner)
  Requirement:            200.000ns  (clk_fpga_1 rise@200.000ns - clk_fpga_1 rise@0.000ns)
  Data Path Delay:        5.547ns  (logic 2.299ns (41.442%)  route 3.248ns (58.558%))
  Logic Levels:           7  (CARRY4=4 LUT2=1 LUT3=1 LUT5=1)
  Clock Path Skew:        -0.152ns (DCD - SCD + CPR)
    Destination Clock Delay (DCD):    2.691ns = ( 202.691 - 200.000 ) 
    Source Clock Delay      (SCD):    2.973ns
    Clock Pessimism Removal (CPR):    0.130ns
  Clock Uncertainty:      3.000ns  ((TSJ^2 + TIJ^2)^1/2 + DJ) / 2 + PE
    Total System Jitter     (TSJ):    0.071ns
    Total Input Jitter      (TIJ):    6.000ns
    Discrete Jitter          (DJ):    0.000ns
    Phase Error              (PE):    0.000ns

    Location             Delay type                Incr(ns)  Path(ns)    Netlist Resource(s)
  -------------------------------------------------------------------    -------------------
                         (clock clk_fpga_1 rise edge)
                                                      0.000     0.000 r  
    PS7_X0Y0             PS7                          0.000     0.000 r  design_1_i/processing_system7_0/inst/PS7_i/FCLKCLK[1]
                         net (fo=1, routed)           1.207     1.207    design_1_i/processing_system7_0/inst/FCLK_CLK_unbuffered[1]
    BUFGCTRL_X0Y1        BUFG (Prop_bufg_I_O)         0.101     1.308 r  design_1_i/processing_system7_0/inst/buffer_fclk_clk_1.FCLK_CLK_1_BUFG/O
                         net (fo=118, routed)         1.665     2.973    design_1_i/adc_sampler_0/inst/clk
    SLICE_X22Y37         FDCE                                         r  design_1_i/adc_sampler_0/inst/FSM_sequential_astate_reg[2]/C
  -------------------------------------------------------------------    -------------------
    SLICE_X22Y37         FDCE (Prop_fdce_C_Q)         0.419     3.392 f  design_1_i/adc_sampler_0/inst/FSM_sequential_astate_reg[2]/Q
                         net (fo=13, routed)          0.981     4.373    design_1_i/adc_sampler_0/inst/astate__0[2]
    SLICE_X20Y37         LUT3 (Prop_lut3_I0_O)        0.299     4.672 r  design_1_i/adc_sampler_0/inst/FSM_sequential_astate[1]_i_3/O
                         net (fo=2, routed)           0.831     5.503    design_1_i/adc_sampler_0/inst/FSM_sequential_astate[1]_i_3_n_0
    SLICE_X20Y38         LUT5 (Prop_lut5_I4_O)        0.124     5.627 r  design_1_i/adc_sampler_0/inst/FSM_sequential_astate[1]_i_2/O
                         net (fo=61, routed)          0.833     6.460    design_1_i/adc_sampler_0/inst/FSM_sequential_astate[1]_i_2_n_0
    SLICE_X21Y39         LUT2 (Prop_lut2_I0_O)        0.150     6.610 r  design_1_i/adc_sampler_0/inst/total_value_adc2[0]_i_8/O
                         net (fo=1, routed)           0.603     7.213    design_1_i/adc_sampler_0/inst/total_value_adc2[0]_i_8_n_0
    SLICE_X20Y40         CARRY4 (Prop_carry4_DI[0]_CO[3])
                                                      0.758     7.971 r  design_1_i/adc_sampler_0/inst/total_value_adc2_reg[0]_i_2/CO[3]
                         net (fo=1, routed)           0.000     7.971    design_1_i/adc_sampler_0/inst/total_value_adc2_reg[0]_i_2_n_0
    SLICE_X20Y41         CARRY4 (Prop_carry4_CI_CO[3])
                                                      0.117     8.088 r  design_1_i/adc_sampler_0/inst/total_value_adc2_reg[4]_i_1/CO[3]
                         net (fo=1, routed)           0.000     8.088    design_1_i/adc_sampler_0/inst/total_value_adc2_reg[4]_i_1_n_0
    SLICE_X20Y42         CARRY4 (Prop_carry4_CI_CO[3])
                                                      0.117     8.205 r  design_1_i/adc_sampler_0/inst/total_value_adc2_reg[8]_i_1/CO[3]
                         net (fo=1, routed)           0.000     8.205    design_1_i/adc_sampler_0/inst/total_value_adc2_reg[8]_i_1_n_0
    SLICE_X20Y43         CARRY4 (Prop_carry4_CI_O[3])
                                                      0.315     8.520 r  design_1_i/adc_sampler_0/inst/total_value_adc2_reg[12]_i_1/O[3]
                         net (fo=1, routed)           0.000     8.520    design_1_i/adc_sampler_0/inst/total_value_adc2_reg[12]_i_1_n_4
    SLICE_X20Y43         FDCE                                         r  design_1_i/adc_sampler_0/inst/total_value_adc2_reg[15]/D
  -------------------------------------------------------------------    -------------------

                         (clock clk_fpga_1 rise edge)
                                                    200.000   200.000 r  
    PS7_X0Y0             PS7                          0.000   200.000 r  design_1_i/processing_system7_0/inst/PS7_i/FCLKCLK[1]
                         net (fo=1, routed)           1.101   201.101    design_1_i/processing_system7_0/inst/FCLK_CLK_unbuffered[1]
    BUFGCTRL_X0Y1        BUFG (Prop_bufg_I_O)         0.091   201.192 r  design_1_i/processing_system7_0/inst/buffer_fclk_clk_1.FCLK_CLK_1_BUFG/O
                         net (fo=118, routed)         1.499   202.692    design_1_i/adc_sampler_0/inst/clk
    SLICE_X20Y43         FDCE                                         r  design_1_i/adc_sampler_0/inst/total_value_adc2_reg[15]/C
                         clock pessimism              0.130   202.821    
                         clock uncertainty           -3.000   199.821    
    SLICE_X20Y43         FDCE (Setup_fdce_C_D)        0.109   199.930    design_1_i/adc_sampler_0/inst/total_value_adc2_reg[15]
  -------------------------------------------------------------------
                         required time                        199.930    
                         arrival time                          -8.520    
  -------------------------------------------------------------------
                         slack                                191.410    

Slack (MET) :             191.454ns  (required time - arrival time)
  Source:                 design_1_i/adc_sampler_0/inst/FSM_sequential_astate_reg[2]/C
                            (rising edge-triggered cell FDCE clocked by clk_fpga_1  {rise@0.000ns fall@100.000ns period=200.000ns})
  Destination:            design_1_i/adc_sampler_0/inst/total_value_adc1_reg[14]/D
                            (rising edge-triggered cell FDCE clocked by clk_fpga_1  {rise@0.000ns fall@100.000ns period=200.000ns})
  Path Group:             clk_fpga_1
  Path Type:              Setup (Max at Slow Process Corner)
  Requirement:            200.000ns  (clk_fpga_1 rise@200.000ns - clk_fpga_1 rise@0.000ns)
  Data Path Delay:        5.587ns  (logic 2.097ns (37.532%)  route 3.490ns (62.468%))
  Logic Levels:           7  (CARRY4=4 LUT3=1 LUT5=2)
  Clock Path Skew:        -0.021ns (DCD - SCD + CPR)
    Destination Clock Delay (DCD):    2.687ns = ( 202.688 - 200.000 ) 
    Source Clock Delay      (SCD):    2.973ns
    Clock Pessimism Removal (CPR):    0.265ns
  Clock Uncertainty:      3.000ns  ((TSJ^2 + TIJ^2)^1/2 + DJ) / 2 + PE
    Total System Jitter     (TSJ):    0.071ns
    Total Input Jitter      (TIJ):    6.000ns
    Discrete Jitter          (DJ):    0.000ns
    Phase Error              (PE):    0.000ns

    Location             Delay type                Incr(ns)  Path(ns)    Netlist Resource(s)
  -------------------------------------------------------------------    -------------------
                         (clock clk_fpga_1 rise edge)
                                                      0.000     0.000 r  
    PS7_X0Y0             PS7                          0.000     0.000 r  design_1_i/processing_system7_0/inst/PS7_i/FCLKCLK[1]
                         net (fo=1, routed)           1.207     1.207    design_1_i/processing_system7_0/inst/FCLK_CLK_unbuffered[1]
    BUFGCTRL_X0Y1        BUFG (Prop_bufg_I_O)         0.101     1.308 r  design_1_i/processing_system7_0/inst/buffer_fclk_clk_1.FCLK_CLK_1_BUFG/O
                         net (fo=118, routed)         1.665     2.973    design_1_i/adc_sampler_0/inst/clk
    SLICE_X22Y37         FDCE                                         r  design_1_i/adc_sampler_0/inst/FSM_sequential_astate_reg[2]/C
  -------------------------------------------------------------------    -------------------
    SLICE_X22Y37         FDCE (Prop_fdce_C_Q)         0.419     3.392 f  design_1_i/adc_sampler_0/inst/FSM_sequential_astate_reg[2]/Q
                         net (fo=13, routed)          0.981     4.373    design_1_i/adc_sampler_0/inst/astate__0[2]
    SLICE_X20Y37         LUT3 (Prop_lut3_I0_O)        0.299     4.672 r  design_1_i/adc_sampler_0/inst/FSM_sequential_astate[1]_i_3/O
                         net (fo=2, routed)           0.831     5.503    design_1_i/adc_sampler_0/inst/FSM_sequential_astate[1]_i_3_n_0
    SLICE_X20Y38         LUT5 (Prop_lut5_I0_O)        0.156     5.659 r  design_1_i/adc_sampler_0/inst/total_value_adc2[0]_i_15/O
                         net (fo=34, routed)          1.678     7.337    design_1_i/adc_sampler_0/inst/total_value_adc2[0]_i_15_n_0
    SLICE_X22Y41         LUT5 (Prop_lut5_I1_O)        0.355     7.692 r  design_1_i/adc_sampler_0/inst/total_value_adc1[0]_i_6/O
                         net (fo=1, routed)           0.000     7.692    design_1_i/adc_sampler_0/inst/total_value_adc1[0]_i_6_n_0
    SLICE_X22Y41         CARRY4 (Prop_carry4_S[3]_CO[3])
                                                      0.401     8.093 r  design_1_i/adc_sampler_0/inst/total_value_adc1_reg[0]_i_1/CO[3]
                         net (fo=1, routed)           0.000     8.093    design_1_i/adc_sampler_0/inst/total_value_adc1_reg[0]_i_1_n_0
    SLICE_X22Y42         CARRY4 (Prop_carry4_CI_CO[3])
                                                      0.114     8.207 r  design_1_i/adc_sampler_0/inst/total_value_adc1_reg[4]_i_1/CO[3]
                         net (fo=1, routed)           0.000     8.207    design_1_i/adc_sampler_0/inst/total_value_adc1_reg[4]_i_1_n_0
    SLICE_X22Y43         CARRY4 (Prop_carry4_CI_CO[3])
                                                      0.114     8.321 r  design_1_i/adc_sampler_0/inst/total_value_adc1_reg[8]_i_1/CO[3]
                         net (fo=1, routed)           0.000     8.321    design_1_i/adc_sampler_0/inst/total_value_adc1_reg[8]_i_1_n_0
    SLICE_X22Y44         CARRY4 (Prop_carry4_CI_O[2])
                                                      0.239     8.560 r  design_1_i/adc_sampler_0/inst/total_value_adc1_reg[12]_i_1/O[2]
                         net (fo=1, routed)           0.000     8.560    design_1_i/adc_sampler_0/inst/total_value_adc1_reg[12]_i_1_n_5
    SLICE_X22Y44         FDCE                                         r  design_1_i/adc_sampler_0/inst/total_value_adc1_reg[14]/D
  -------------------------------------------------------------------    -------------------

                         (clock clk_fpga_1 rise edge)
                                                    200.000   200.000 r  
    PS7_X0Y0             PS7                          0.000   200.000 r  design_1_i/processing_system7_0/inst/PS7_i/FCLKCLK[1]
                         net (fo=1, routed)           1.101   201.101    design_1_i/processing_system7_0/inst/FCLK_CLK_unbuffered[1]
    BUFGCTRL_X0Y1        BUFG (Prop_bufg_I_O)         0.091   201.192 r  design_1_i/processing_system7_0/inst/buffer_fclk_clk_1.FCLK_CLK_1_BUFG/O
                         net (fo=118, routed)         1.495   202.688    design_1_i/adc_sampler_0/inst/clk
    SLICE_X22Y44         FDCE                                         r  design_1_i/adc_sampler_0/inst/total_value_adc1_reg[14]/C
                         clock pessimism              0.265   202.952    
                         clock uncertainty           -3.000   199.952    
    SLICE_X22Y44         FDCE (Setup_fdce_C_D)        0.062   200.014    design_1_i/adc_sampler_0/inst/total_value_adc1_reg[14]
  -------------------------------------------------------------------
                         required time                        200.014    
                         arrival time                          -8.560    
  -------------------------------------------------------------------
                         slack                                191.454    

Slack (MET) :             191.470ns  (required time - arrival time)
  Source:                 design_1_i/adc_sampler_0/inst/FSM_sequential_astate_reg[2]/C
                            (rising edge-triggered cell FDCE clocked by clk_fpga_1  {rise@0.000ns fall@100.000ns period=200.000ns})
  Destination:            design_1_i/adc_sampler_0/inst/total_value_adc1_reg[12]/D
                            (rising edge-triggered cell FDCE clocked by clk_fpga_1  {rise@0.000ns fall@100.000ns period=200.000ns})
  Path Group:             clk_fpga_1
  Path Type:              Setup (Max at Slow Process Corner)
  Requirement:            200.000ns  (clk_fpga_1 rise@200.000ns - clk_fpga_1 rise@0.000ns)
  Data Path Delay:        5.571ns  (logic 2.081ns (37.353%)  route 3.490ns (62.647%))
  Logic Levels:           7  (CARRY4=4 LUT3=1 LUT5=2)
  Clock Path Skew:        -0.021ns (DCD - SCD + CPR)
    Destination Clock Delay (DCD):    2.687ns = ( 202.688 - 200.000 ) 
    Source Clock Delay      (SCD):    2.973ns
    Clock Pessimism Removal (CPR):    0.265ns
  Clock Uncertainty:      3.000ns  ((TSJ^2 + TIJ^2)^1/2 + DJ) / 2 + PE
    Total System Jitter     (TSJ):    0.071ns
    Total Input Jitter      (TIJ):    6.000ns
    Discrete Jitter          (DJ):    0.000ns
    Phase Error              (PE):    0.000ns

    Location             Delay type                Incr(ns)  Path(ns)    Netlist Resource(s)
  -------------------------------------------------------------------    -------------------
                         (clock clk_fpga_1 rise edge)
                                                      0.000     0.000 r  
    PS7_X0Y0             PS7                          0.000     0.000 r  design_1_i/processing_system7_0/inst/PS7_i/FCLKCLK[1]
                         net (fo=1, routed)           1.207     1.207    design_1_i/processing_system7_0/inst/FCLK_CLK_unbuffered[1]
    BUFGCTRL_X0Y1        BUFG (Prop_bufg_I_O)         0.101     1.308 r  design_1_i/processing_system7_0/inst/buffer_fclk_clk_1.FCLK_CLK_1_BUFG/O
                         net (fo=118, routed)         1.665     2.973    design_1_i/adc_sampler_0/inst/clk
    SLICE_X22Y37         FDCE                                         r  design_1_i/adc_sampler_0/inst/FSM_sequential_astate_reg[2]/C
  -------------------------------------------------------------------    -------------------
    SLICE_X22Y37         FDCE (Prop_fdce_C_Q)         0.419     3.392 f  design_1_i/adc_sampler_0/inst/FSM_sequential_astate_reg[2]/Q
                         net (fo=13, routed)          0.981     4.373    design_1_i/adc_sampler_0/inst/astate__0[2]
    SLICE_X20Y37         LUT3 (Prop_lut3_I0_O)        0.299     4.672 r  design_1_i/adc_sampler_0/inst/FSM_sequential_astate[1]_i_3/O
                         net (fo=2, routed)           0.831     5.503    design_1_i/adc_sampler_0/inst/FSM_sequential_astate[1]_i_3_n_0
    SLICE_X20Y38         LUT5 (Prop_lut5_I0_O)        0.156     5.659 r  design_1_i/adc_sampler_0/inst/total_value_adc2[0]_i_15/O
                         net (fo=34, routed)          1.678     7.337    design_1_i/adc_sampler_0/inst/total_value_adc2[0]_i_15_n_0
    SLICE_X22Y41         LUT5 (Prop_lut5_I1_O)        0.355     7.692 r  design_1_i/adc_sampler_0/inst/total_value_adc1[0]_i_6/O
                         net (fo=1, routed)           0.000     7.692    design_1_i/adc_sampler_0/inst/total_value_adc1[0]_i_6_n_0
    SLICE_X22Y41         CARRY4 (Prop_carry4_S[3]_CO[3])
                                                      0.401     8.093 r  design_1_i/adc_sampler_0/inst/total_value_adc1_reg[0]_i_1/CO[3]
                         net (fo=1, routed)           0.000     8.093    design_1_i/adc_sampler_0/inst/total_value_adc1_reg[0]_i_1_n_0
    SLICE_X22Y42         CARRY4 (Prop_carry4_CI_CO[3])
                                                      0.114     8.207 r  design_1_i/adc_sampler_0/inst/total_value_adc1_reg[4]_i_1/CO[3]
                         net (fo=1, routed)           0.000     8.207    design_1_i/adc_sampler_0/inst/total_value_adc1_reg[4]_i_1_n_0
    SLICE_X22Y43         CARRY4 (Prop_carry4_CI_CO[3])
                                                      0.114     8.321 r  design_1_i/adc_sampler_0/inst/total_value_adc1_reg[8]_i_1/CO[3]
                         net (fo=1, routed)           0.000     8.321    design_1_i/adc_sampler_0/inst/total_value_adc1_reg[8]_i_1_n_0
    SLICE_X22Y44         CARRY4 (Prop_carry4_CI_O[0])
                                                      0.223     8.544 r  design_1_i/adc_sampler_0/inst/total_value_adc1_reg[12]_i_1/O[0]
                         net (fo=1, routed)           0.000     8.544    design_1_i/adc_sampler_0/inst/total_value_adc1_reg[12]_i_1_n_7
    SLICE_X22Y44         FDCE                                         r  design_1_i/adc_sampler_0/inst/total_value_adc1_reg[12]/D
  -------------------------------------------------------------------    -------------------

                         (clock clk_fpga_1 rise edge)
                                                    200.000   200.000 r  
    PS7_X0Y0             PS7                          0.000   200.000 r  design_1_i/processing_system7_0/inst/PS7_i/FCLKCLK[1]
                         net (fo=1, routed)           1.101   201.101    design_1_i/processing_system7_0/inst/FCLK_CLK_unbuffered[1]
    BUFGCTRL_X0Y1        BUFG (Prop_bufg_I_O)         0.091   201.192 r  design_1_i/processing_system7_0/inst/buffer_fclk_clk_1.FCLK_CLK_1_BUFG/O
                         net (fo=118, routed)         1.495   202.688    design_1_i/adc_sampler_0/inst/clk
    SLICE_X22Y44         FDCE                                         r  design_1_i/adc_sampler_0/inst/total_value_adc1_reg[12]/C
                         clock pessimism              0.265   202.952    
                         clock uncertainty           -3.000   199.952    
    SLICE_X22Y44         FDCE (Setup_fdce_C_D)        0.062   200.014    design_1_i/adc_sampler_0/inst/total_value_adc1_reg[12]
  -------------------------------------------------------------------
                         required time                        200.014    
                         arrival time                          -8.544    
  -------------------------------------------------------------------
                         slack                                191.470    





Min Delay Paths
--------------------------------------------------------------------------------------
Slack (MET) :             0.083ns  (arrival time - required time)
  Source:                 design_1_i/adc_sampler_0/inst/total_value_adc1_reg[12]/C
                            (rising edge-triggered cell FDCE clocked by clk_fpga_1  {rise@0.000ns fall@100.000ns period=200.000ns})
  Destination:            design_1_i/adc_sampler_0/inst/average_value_adc1_reg[6]/D
                            (rising edge-triggered cell FDCE clocked by clk_fpga_1  {rise@0.000ns fall@100.000ns period=200.000ns})
  Path Group:             clk_fpga_1
  Path Type:              Hold (Min at Fast Process Corner)
  Requirement:            0.000ns  (clk_fpga_1 rise@0.000ns - clk_fpga_1 rise@0.000ns)
  Data Path Delay:        0.414ns  (logic 0.141ns (34.047%)  route 0.273ns (65.953%))
  Logic Levels:           0  
  Clock Path Skew:        0.265ns (DCD - SCD - CPR)
    Destination Clock Delay (DCD):    1.200ns
    Source Clock Delay      (SCD):    0.901ns
    Clock Pessimism Removal (CPR):    0.034ns

    Location             Delay type                Incr(ns)  Path(ns)    Netlist Resource(s)
  -------------------------------------------------------------------    -------------------
                         (clock clk_fpga_1 rise edge)
                                                      0.000     0.000 r  
    PS7_X0Y0             PS7                          0.000     0.000 r  design_1_i/processing_system7_0/inst/PS7_i/FCLKCLK[1]
                         net (fo=1, routed)           0.315     0.315    design_1_i/processing_system7_0/inst/FCLK_CLK_unbuffered[1]
    BUFGCTRL_X0Y1        BUFG (Prop_bufg_I_O)         0.026     0.341 r  design_1_i/processing_system7_0/inst/buffer_fclk_clk_1.FCLK_CLK_1_BUFG/O
                         net (fo=118, routed)         0.560     0.901    design_1_i/adc_sampler_0/inst/clk
    SLICE_X22Y44         FDCE                                         r  design_1_i/adc_sampler_0/inst/total_value_adc1_reg[12]/C
  -------------------------------------------------------------------    -------------------
    SLICE_X22Y44         FDCE (Prop_fdce_C_Q)         0.141     1.042 r  design_1_i/adc_sampler_0/inst/total_value_adc1_reg[12]/Q
                         net (fo=4, routed)           0.273     1.315    design_1_i/adc_sampler_0/inst/total_value_adc1_reg[12]
    SLICE_X18Y42         FDCE                                         r  design_1_i/adc_sampler_0/inst/average_value_adc1_reg[6]/D
  -------------------------------------------------------------------    -------------------

                         (clock clk_fpga_1 rise edge)
                                                      0.000     0.000 r  
    PS7_X0Y0             PS7                          0.000     0.000 r  design_1_i/processing_system7_0/inst/PS7_i/FCLKCLK[1]
                         net (fo=1, routed)           0.341     0.341    design_1_i/processing_system7_0/inst/FCLK_CLK_unbuffered[1]
    BUFGCTRL_X0Y1        BUFG (Prop_bufg_I_O)         0.029     0.370 r  design_1_i/processing_system7_0/inst/buffer_fclk_clk_1.FCLK_CLK_1_BUFG/O
                         net (fo=118, routed)         0.830     1.200    design_1_i/adc_sampler_0/inst/clk
    SLICE_X18Y42         FDCE                                         r  design_1_i/adc_sampler_0/inst/average_value_adc1_reg[6]/C
                         clock pessimism             -0.034     1.166    
    SLICE_X18Y42         FDCE (Hold_fdce_C_D)         0.066     1.232    design_1_i/adc_sampler_0/inst/average_value_adc1_reg[6]
  -------------------------------------------------------------------
                         required time                         -1.232    
                         arrival time                           1.315    
  -------------------------------------------------------------------
                         slack                                  0.083    

Slack (MET) :             0.098ns  (arrival time - required time)
  Source:                 design_1_i/adc_sampler_0/inst/total_value_adc1_reg[17]/C
                            (rising edge-triggered cell FDCE clocked by clk_fpga_1  {rise@0.000ns fall@100.000ns period=200.000ns})
  Destination:            design_1_i/adc_sampler_0/inst/average_value_adc1_reg[11]/D
                            (rising edge-triggered cell FDCE clocked by clk_fpga_1  {rise@0.000ns fall@100.000ns period=200.000ns})
  Path Group:             clk_fpga_1
  Path Type:              Hold (Min at Fast Process Corner)
  Requirement:            0.000ns  (clk_fpga_1 rise@0.000ns - clk_fpga_1 rise@0.000ns)
  Data Path Delay:        0.434ns  (logic 0.141ns (32.453%)  route 0.293ns (67.547%))
  Logic Levels:           0  
  Clock Path Skew:        0.266ns (DCD - SCD - CPR)
    Destination Clock Delay (DCD):    1.201ns
    Source Clock Delay      (SCD):    0.901ns
    Clock Pessimism Removal (CPR):    0.034ns

    Location             Delay type                Incr(ns)  Path(ns)    Netlist Resource(s)
  -------------------------------------------------------------------    -------------------
                         (clock clk_fpga_1 rise edge)
                                                      0.000     0.000 r  
    PS7_X0Y0             PS7                          0.000     0.000 r  design_1_i/processing_system7_0/inst/PS7_i/FCLKCLK[1]
                         net (fo=1, routed)           0.315     0.315    design_1_i/processing_system7_0/inst/FCLK_CLK_unbuffered[1]
    BUFGCTRL_X0Y1        BUFG (Prop_bufg_I_O)         0.026     0.341 r  design_1_i/processing_system7_0/inst/buffer_fclk_clk_1.FCLK_CLK_1_BUFG/O
                         net (fo=118, routed)         0.560     0.901    design_1_i/adc_sampler_0/inst/clk
    SLICE_X22Y45         FDCE                                         r  design_1_i/adc_sampler_0/inst/total_value_adc1_reg[17]/C
  -------------------------------------------------------------------    -------------------
    SLICE_X22Y45         FDCE (Prop_fdce_C_Q)         0.141     1.042 r  design_1_i/adc_sampler_0/inst/total_value_adc1_reg[17]/Q
                         net (fo=3, routed)           0.293     1.335    design_1_i/adc_sampler_0/inst/total_value_adc1_reg[17]
    SLICE_X19Y43         FDCE                                         r  design_1_i/adc_sampler_0/inst/average_value_adc1_reg[11]/D
  -------------------------------------------------------------------    -------------------

                         (clock clk_fpga_1 rise edge)
                                                      0.000     0.000 r  
    PS7_X0Y0             PS7                          0.000     0.000 r  design_1_i/processing_system7_0/inst/PS7_i/FCLKCLK[1]
                         net (fo=1, routed)           0.341     0.341    design_1_i/processing_system7_0/inst/FCLK_CLK_unbuffered[1]
    BUFGCTRL_X0Y1        BUFG (Prop_bufg_I_O)         0.029     0.370 r  design_1_i/processing_system7_0/inst/buffer_fclk_clk_1.FCLK_CLK_1_BUFG/O
                         net (fo=118, routed)         0.831     1.201    design_1_i/adc_sampler_0/inst/clk
    SLICE_X19Y43         FDCE                                         r  design_1_i/adc_sampler_0/inst/average_value_adc1_reg[11]/C
                         clock pessimism             -0.034     1.167    
    SLICE_X19Y43         FDCE (Hold_fdce_C_D)         0.070     1.237    design_1_i/adc_sampler_0/inst/average_value_adc1_reg[11]
  -------------------------------------------------------------------
                         required time                         -1.237    
                         arrival time                           1.335    
  -------------------------------------------------------------------
                         slack                                  0.098    

Slack (MET) :             0.105ns  (arrival time - required time)
  Source:                 design_1_i/adc_sampler_0/inst/total_value_adc1_reg[14]/C
                            (rising edge-triggered cell FDCE clocked by clk_fpga_1  {rise@0.000ns fall@100.000ns period=200.000ns})
  Destination:            design_1_i/adc_sampler_0/inst/average_value_adc1_reg[8]/D
                            (rising edge-triggered cell FDCE clocked by clk_fpga_1  {rise@0.000ns fall@100.000ns period=200.000ns})
  Path Group:             clk_fpga_1
  Path Type:              Hold (Min at Fast Process Corner)
  Requirement:            0.000ns  (clk_fpga_1 rise@0.000ns - clk_fpga_1 rise@0.000ns)
  Data Path Delay:        0.442ns  (logic 0.141ns (31.935%)  route 0.301ns (68.065%))
  Logic Levels:           0  
  Clock Path Skew:        0.266ns (DCD - SCD - CPR)
    Destination Clock Delay (DCD):    1.201ns
    Source Clock Delay      (SCD):    0.901ns
    Clock Pessimism Removal (CPR):    0.034ns

    Location             Delay type                Incr(ns)  Path(ns)    Netlist Resource(s)
  -------------------------------------------------------------------    -------------------
                         (clock clk_fpga_1 rise edge)
                                                      0.000     0.000 r  
    PS7_X0Y0             PS7                          0.000     0.000 r  design_1_i/processing_system7_0/inst/PS7_i/FCLKCLK[1]
                         net (fo=1, routed)           0.315     0.315    design_1_i/processing_system7_0/inst/FCLK_CLK_unbuffered[1]
    BUFGCTRL_X0Y1        BUFG (Prop_bufg_I_O)         0.026     0.341 r  design_1_i/processing_system7_0/inst/buffer_fclk_clk_1.FCLK_CLK_1_BUFG/O
                         net (fo=118, routed)         0.560     0.901    design_1_i/adc_sampler_0/inst/clk
    SLICE_X22Y44         FDCE                                         r  design_1_i/adc_sampler_0/inst/total_value_adc1_reg[14]/C
  -------------------------------------------------------------------    -------------------
    SLICE_X22Y44         FDCE (Prop_fdce_C_Q)         0.141     1.042 r  design_1_i/adc_sampler_0/inst/total_value_adc1_reg[14]/Q
                         net (fo=3, routed)           0.301     1.342    design_1_i/adc_sampler_0/inst/total_value_adc1_reg[14]
    SLICE_X18Y43         FDCE                                         r  design_1_i/adc_sampler_0/inst/average_value_adc1_reg[8]/D
  -------------------------------------------------------------------    -------------------

                         (clock clk_fpga_1 rise edge)
                                                      0.000     0.000 r  
    PS7_X0Y0             PS7                          0.000     0.000 r  design_1_i/processing_system7_0/inst/PS7_i/FCLKCLK[1]
                         net (fo=1, routed)           0.341     0.341    design_1_i/processing_system7_0/inst/FCLK_CLK_unbuffered[1]
    BUFGCTRL_X0Y1        BUFG (Prop_bufg_I_O)         0.029     0.370 r  design_1_i/processing_system7_0/inst/buffer_fclk_clk_1.FCLK_CLK_1_BUFG/O
                         net (fo=118, routed)         0.831     1.201    design_1_i/adc_sampler_0/inst/clk
    SLICE_X18Y43         FDCE                                         r  design_1_i/adc_sampler_0/inst/average_value_adc1_reg[8]/C
                         clock pessimism             -0.034     1.167    
    SLICE_X18Y43         FDCE (Hold_fdce_C_D)         0.070     1.237    design_1_i/adc_sampler_0/inst/average_value_adc1_reg[8]
  -------------------------------------------------------------------
                         required time                         -1.237    
                         arrival time                           1.342    
  -------------------------------------------------------------------
                         slack                                  0.105    

Slack (MET) :             0.114ns  (arrival time - required time)
  Source:                 design_1_i/adc_sampler_0/inst/total_value_adc1_reg[10]/C
                            (rising edge-triggered cell FDCE clocked by clk_fpga_1  {rise@0.000ns fall@100.000ns period=200.000ns})
  Destination:            design_1_i/adc_sampler_0/inst/average_value_adc1_reg[4]/D
                            (rising edge-triggered cell FDCE clocked by clk_fpga_1  {rise@0.000ns fall@100.000ns period=200.000ns})
  Path Group:             clk_fpga_1
  Path Type:              Hold (Min at Fast Process Corner)
  Requirement:            0.000ns  (clk_fpga_1 rise@0.000ns - clk_fpga_1 rise@0.000ns)
  Data Path Delay:        0.449ns  (logic 0.141ns (31.380%)  route 0.308ns (68.620%))
  Logic Levels:           0  
  Clock Path Skew:        0.265ns (DCD - SCD - CPR)
    Destination Clock Delay (DCD):    1.200ns
    Source Clock Delay      (SCD):    0.901ns
    Clock Pessimism Removal (CPR):    0.034ns

    Location             Delay type                Incr(ns)  Path(ns)    Netlist Resource(s)
  -------------------------------------------------------------------    -------------------
                         (clock clk_fpga_1 rise edge)
                                                      0.000     0.000 r  
    PS7_X0Y0             PS7                          0.000     0.000 r  design_1_i/processing_system7_0/inst/PS7_i/FCLKCLK[1]
                         net (fo=1, routed)           0.315     0.315    design_1_i/processing_system7_0/inst/FCLK_CLK_unbuffered[1]
    BUFGCTRL_X0Y1        BUFG (Prop_bufg_I_O)         0.026     0.341 r  design_1_i/processing_system7_0/inst/buffer_fclk_clk_1.FCLK_CLK_1_BUFG/O
                         net (fo=118, routed)         0.560     0.901    design_1_i/adc_sampler_0/inst/clk
    SLICE_X22Y43         FDCE                                         r  design_1_i/adc_sampler_0/inst/total_value_adc1_reg[10]/C
  -------------------------------------------------------------------    -------------------
    SLICE_X22Y43         FDCE (Prop_fdce_C_Q)         0.141     1.042 r  design_1_i/adc_sampler_0/inst/total_value_adc1_reg[10]/Q
                         net (fo=4, routed)           0.308     1.350    design_1_i/adc_sampler_0/inst/total_value_adc1_reg[10]
    SLICE_X18Y42         FDCE                                         r  design_1_i/adc_sampler_0/inst/average_value_adc1_reg[4]/D
  -------------------------------------------------------------------    -------------------

                         (clock clk_fpga_1 rise edge)
                                                      0.000     0.000 r  
    PS7_X0Y0             PS7                          0.000     0.000 r  design_1_i/processing_system7_0/inst/PS7_i/FCLKCLK[1]
                         net (fo=1, routed)           0.341     0.341    design_1_i/processing_system7_0/inst/FCLK_CLK_unbuffered[1]
    BUFGCTRL_X0Y1        BUFG (Prop_bufg_I_O)         0.029     0.370 r  design_1_i/processing_system7_0/inst/buffer_fclk_clk_1.FCLK_CLK_1_BUFG/O
                         net (fo=118, routed)         0.830     1.200    design_1_i/adc_sampler_0/inst/clk
    SLICE_X18Y42         FDCE                                         r  design_1_i/adc_sampler_0/inst/average_value_adc1_reg[4]/C
                         clock pessimism             -0.034     1.166    
    SLICE_X18Y42         FDCE (Hold_fdce_C_D)         0.070     1.236    design_1_i/adc_sampler_0/inst/average_value_adc1_reg[4]
  -------------------------------------------------------------------
                         required time                         -1.236    
                         arrival time                           1.350    
  -------------------------------------------------------------------
                         slack                                  0.114    

Slack (MET) :             0.117ns  (arrival time - required time)
  Source:                 design_1_i/adc_sampler_0/inst/total_value_adc1_reg[6]/C
                            (rising edge-triggered cell FDCE clocked by clk_fpga_1  {rise@0.000ns fall@100.000ns period=200.000ns})
  Destination:            design_1_i/adc_sampler_0/inst/average_value_adc1_reg[0]/D
                            (rising edge-triggered cell FDCE clocked by clk_fpga_1  {rise@0.000ns fall@100.000ns period=200.000ns})
  Path Group:             clk_fpga_1
  Path Type:              Hold (Min at Fast Process Corner)
  Requirement:            0.000ns  (clk_fpga_1 rise@0.000ns - clk_fpga_1 rise@0.000ns)
  Data Path Delay:        0.440ns  (logic 0.141ns (32.061%)  route 0.299ns (67.939%))
  Logic Levels:           0  
  Clock Path Skew:        0.265ns (DCD - SCD - CPR)
    Destination Clock Delay (DCD):    1.199ns
    Source Clock Delay      (SCD):    0.900ns
    Clock Pessimism Removal (CPR):    0.034ns

    Location             Delay type                Incr(ns)  Path(ns)    Netlist Resource(s)
  -------------------------------------------------------------------    -------------------
                         (clock clk_fpga_1 rise edge)
                                                      0.000     0.000 r  
    PS7_X0Y0             PS7                          0.000     0.000 r  design_1_i/processing_system7_0/inst/PS7_i/FCLKCLK[1]
                         net (fo=1, routed)           0.315     0.315    design_1_i/processing_system7_0/inst/FCLK_CLK_unbuffered[1]
    BUFGCTRL_X0Y1        BUFG (Prop_bufg_I_O)         0.026     0.341 r  design_1_i/processing_system7_0/inst/buffer_fclk_clk_1.FCLK_CLK_1_BUFG/O
                         net (fo=118, routed)         0.559     0.900    design_1_i/adc_sampler_0/inst/clk
    SLICE_X22Y42         FDCE                                         r  design_1_i/adc_sampler_0/inst/total_value_adc1_reg[6]/C
  -------------------------------------------------------------------    -------------------
    SLICE_X22Y42         FDCE (Prop_fdce_C_Q)         0.141     1.041 r  design_1_i/adc_sampler_0/inst/total_value_adc1_reg[6]/Q
                         net (fo=4, routed)           0.299     1.339    design_1_i/adc_sampler_0/inst/total_value_adc1_reg[6]
    SLICE_X21Y40         FDCE                                         r  design_1_i/adc_sampler_0/inst/average_value_adc1_reg[0]/D
  -------------------------------------------------------------------    -------------------

                         (clock clk_fpga_1 rise edge)
                                                      0.000     0.000 r  
    PS7_X0Y0             PS7                          0.000     0.000 r  design_1_i/processing_system7_0/inst/PS7_i/FCLKCLK[1]
                         net (fo=1, routed)           0.341     0.341    design_1_i/processing_system7_0/inst/FCLK_CLK_unbuffered[1]
    BUFGCTRL_X0Y1        BUFG (Prop_bufg_I_O)         0.029     0.370 r  design_1_i/processing_system7_0/inst/buffer_fclk_clk_1.FCLK_CLK_1_BUFG/O
                         net (fo=118, routed)         0.829     1.199    design_1_i/adc_sampler_0/inst/clk
    SLICE_X21Y40         FDCE                                         r  design_1_i/adc_sampler_0/inst/average_value_adc1_reg[0]/C
                         clock pessimism             -0.034     1.165    
    SLICE_X21Y40         FDCE (Hold_fdce_C_D)         0.057     1.222    design_1_i/adc_sampler_0/inst/average_value_adc1_reg[0]
  -------------------------------------------------------------------
                         required time                         -1.222    
                         arrival time                           1.339    
  -------------------------------------------------------------------
                         slack                                  0.117    

Slack (MET) :             0.124ns  (arrival time - required time)
  Source:                 design_1_i/adc_sampler_0/inst/FSM_sequential_astate_reg[2]/C
                            (rising edge-triggered cell FDCE clocked by clk_fpga_1  {rise@0.000ns fall@100.000ns period=200.000ns})
  Destination:            design_1_i/adc_sampler_0/inst/bit_count_reg[1]/D
                            (rising edge-triggered cell FDCE clocked by clk_fpga_1  {rise@0.000ns fall@100.000ns period=200.000ns})
  Path Group:             clk_fpga_1
  Path Type:              Hold (Min at Fast Process Corner)
  Requirement:            0.000ns  (clk_fpga_1 rise@0.000ns - clk_fpga_1 rise@0.000ns)
  Data Path Delay:        0.521ns  (logic 0.228ns (43.758%)  route 0.293ns (56.242%))
  Logic Levels:           1  (LUT5=1)
  Clock Path Skew:        0.266ns (DCD - SCD - CPR)
    Destination Clock Delay (DCD):    1.198ns
    Source Clock Delay      (SCD):    0.898ns
    Clock Pessimism Removal (CPR):    0.034ns

    Location             Delay type                Incr(ns)  Path(ns)    Netlist Resource(s)
  -------------------------------------------------------------------    -------------------
                         (clock clk_fpga_1 rise edge)
                                                      0.000     0.000 r  
    PS7_X0Y0             PS7                          0.000     0.000 r  design_1_i/processing_system7_0/inst/PS7_i/FCLKCLK[1]
                         net (fo=1, routed)           0.315     0.315    design_1_i/processing_system7_0/inst/FCLK_CLK_unbuffered[1]
    BUFGCTRL_X0Y1        BUFG (Prop_bufg_I_O)         0.026     0.341 r  design_1_i/processing_system7_0/inst/buffer_fclk_clk_1.FCLK_CLK_1_BUFG/O
                         net (fo=118, routed)         0.557     0.898    design_1_i/adc_sampler_0/inst/clk
    SLICE_X22Y37         FDCE                                         r  design_1_i/adc_sampler_0/inst/FSM_sequential_astate_reg[2]/C
  -------------------------------------------------------------------    -------------------
    SLICE_X22Y37         FDCE (Prop_fdce_C_Q)         0.128     1.026 f  design_1_i/adc_sampler_0/inst/FSM_sequential_astate_reg[2]/Q
                         net (fo=13, routed)          0.293     1.319    design_1_i/adc_sampler_0/inst/astate__0[2]
    SLICE_X20Y38         LUT5 (Prop_lut5_I2_O)        0.100     1.419 r  design_1_i/adc_sampler_0/inst/bit_count[1]_i_1/O
                         net (fo=1, routed)           0.000     1.419    design_1_i/adc_sampler_0/inst/bit_count[1]_i_1_n_0
    SLICE_X20Y38         FDCE                                         r  design_1_i/adc_sampler_0/inst/bit_count_reg[1]/D
  -------------------------------------------------------------------    -------------------

                         (clock clk_fpga_1 rise edge)
                                                      0.000     0.000 r  
    PS7_X0Y0             PS7                          0.000     0.000 r  design_1_i/processing_system7_0/inst/PS7_i/FCLKCLK[1]
                         net (fo=1, routed)           0.341     0.341    design_1_i/processing_system7_0/inst/FCLK_CLK_unbuffered[1]
    BUFGCTRL_X0Y1        BUFG (Prop_bufg_I_O)         0.029     0.370 r  design_1_i/processing_system7_0/inst/buffer_fclk_clk_1.FCLK_CLK_1_BUFG/O
                         net (fo=118, routed)         0.828     1.198    design_1_i/adc_sampler_0/inst/clk
    SLICE_X20Y38         FDCE                                         r  design_1_i/adc_sampler_0/inst/bit_count_reg[1]/C
                         clock pessimism             -0.034     1.164    
    SLICE_X20Y38         FDCE (Hold_fdce_C_D)         0.131     1.295    design_1_i/adc_sampler_0/inst/bit_count_reg[1]
  -------------------------------------------------------------------
                         required time                         -1.295    
                         arrival time                           1.419    
  -------------------------------------------------------------------
                         slack                                  0.124    

Slack (MET) :             0.133ns  (arrival time - required time)
  Source:                 design_1_i/adc_sampler_0/inst/counter_reg[8]/C
                            (rising edge-triggered cell FDCE clocked by clk_fpga_1  {rise@0.000ns fall@100.000ns period=200.000ns})
  Destination:            design_1_i/adc_sampler_0/inst/clk_1K_reg/D
                            (rising edge-triggered cell FDCE clocked by clk_fpga_1  {rise@0.000ns fall@100.000ns period=200.000ns})
  Path Group:             clk_fpga_1
  Path Type:              Hold (Min at Fast Process Corner)
  Requirement:            0.000ns  (clk_fpga_1 rise@0.000ns - clk_fpga_1 rise@0.000ns)
  Data Path Delay:        0.525ns  (logic 0.209ns (39.798%)  route 0.316ns (60.202%))
  Logic Levels:           1  (LUT6=1)
  Clock Path Skew:        0.272ns (DCD - SCD - CPR)
    Destination Clock Delay (DCD):    1.201ns
    Source Clock Delay      (SCD):    0.900ns
    Clock Pessimism Removal (CPR):    0.029ns

    Location             Delay type                Incr(ns)  Path(ns)    Netlist Resource(s)
  -------------------------------------------------------------------    -------------------
                         (clock clk_fpga_1 rise edge)
                                                      0.000     0.000 r  
    PS7_X0Y0             PS7                          0.000     0.000 r  design_1_i/processing_system7_0/inst/PS7_i/FCLKCLK[1]
                         net (fo=1, routed)           0.315     0.315    design_1_i/processing_system7_0/inst/FCLK_CLK_unbuffered[1]
    BUFGCTRL_X0Y1        BUFG (Prop_bufg_I_O)         0.026     0.341 r  design_1_i/processing_system7_0/inst/buffer_fclk_clk_1.FCLK_CLK_1_BUFG/O
                         net (fo=118, routed)         0.559     0.900    design_1_i/adc_sampler_0/inst/clk
    SLICE_X20Y50         FDCE                                         r  design_1_i/adc_sampler_0/inst/counter_reg[8]/C
  -------------------------------------------------------------------    -------------------
    SLICE_X20Y50         FDCE (Prop_fdce_C_Q)         0.164     1.064 r  design_1_i/adc_sampler_0/inst/counter_reg[8]/Q
                         net (fo=15, routed)          0.316     1.380    design_1_i/adc_sampler_0/inst/counter[8]
    SLICE_X20Y49         LUT6 (Prop_lut6_I4_O)        0.045     1.425 r  design_1_i/adc_sampler_0/inst/clk_1K_i_1/O
                         net (fo=1, routed)           0.000     1.425    design_1_i/adc_sampler_0/inst/clk_1K_i_1_n_0
    SLICE_X20Y49         FDCE                                         r  design_1_i/adc_sampler_0/inst/clk_1K_reg/D
  -------------------------------------------------------------------    -------------------

                         (clock clk_fpga_1 rise edge)
                                                      0.000     0.000 r  
    PS7_X0Y0             PS7                          0.000     0.000 r  design_1_i/processing_system7_0/inst/PS7_i/FCLKCLK[1]
                         net (fo=1, routed)           0.341     0.341    design_1_i/processing_system7_0/inst/FCLK_CLK_unbuffered[1]
    BUFGCTRL_X0Y1        BUFG (Prop_bufg_I_O)         0.029     0.370 r  design_1_i/processing_system7_0/inst/buffer_fclk_clk_1.FCLK_CLK_1_BUFG/O
                         net (fo=118, routed)         0.831     1.201    design_1_i/adc_sampler_0/inst/clk
    SLICE_X20Y49         FDCE                                         r  design_1_i/adc_sampler_0/inst/clk_1K_reg/C
                         clock pessimism             -0.029     1.172    
    SLICE_X20Y49         FDCE (Hold_fdce_C_D)         0.120     1.292    design_1_i/adc_sampler_0/inst/clk_1K_reg
  -------------------------------------------------------------------
                         required time                         -1.292    
                         arrival time                           1.425    
  -------------------------------------------------------------------
                         slack                                  0.133    

Slack (MET) :             0.134ns  (arrival time - required time)
  Source:                 design_1_i/adc_sampler_0/inst/FSM_sequential_astate_reg[2]/C
                            (rising edge-triggered cell FDCE clocked by clk_fpga_1  {rise@0.000ns fall@100.000ns period=200.000ns})
  Destination:            design_1_i/adc_sampler_0/inst/bit_count_reg[0]/D
                            (rising edge-triggered cell FDCE clocked by clk_fpga_1  {rise@0.000ns fall@100.000ns period=200.000ns})
  Path Group:             clk_fpga_1
  Path Type:              Hold (Min at Fast Process Corner)
  Requirement:            0.000ns  (clk_fpga_1 rise@0.000ns - clk_fpga_1 rise@0.000ns)
  Data Path Delay:        0.520ns  (logic 0.227ns (43.650%)  route 0.293ns (56.350%))
  Logic Levels:           1  (LUT4=1)
  Clock Path Skew:        0.266ns (DCD - SCD - CPR)
    Destination Clock Delay (DCD):    1.198ns
    Source Clock Delay      (SCD):    0.898ns
    Clock Pessimism Removal (CPR):    0.034ns

    Location             Delay type                Incr(ns)  Path(ns)    Netlist Resource(s)
  -------------------------------------------------------------------    -------------------
                         (clock clk_fpga_1 rise edge)
                                                      0.000     0.000 r  
    PS7_X0Y0             PS7                          0.000     0.000 r  design_1_i/processing_system7_0/inst/PS7_i/FCLKCLK[1]
                         net (fo=1, routed)           0.315     0.315    design_1_i/processing_system7_0/inst/FCLK_CLK_unbuffered[1]
    BUFGCTRL_X0Y1        BUFG (Prop_bufg_I_O)         0.026     0.341 r  design_1_i/processing_system7_0/inst/buffer_fclk_clk_1.FCLK_CLK_1_BUFG/O
                         net (fo=118, routed)         0.557     0.898    design_1_i/adc_sampler_0/inst/clk
    SLICE_X22Y37         FDCE                                         r  design_1_i/adc_sampler_0/inst/FSM_sequential_astate_reg[2]/C
  -------------------------------------------------------------------    -------------------
    SLICE_X22Y37         FDCE (Prop_fdce_C_Q)         0.128     1.026 f  design_1_i/adc_sampler_0/inst/FSM_sequential_astate_reg[2]/Q
                         net (fo=13, routed)          0.293     1.319    design_1_i/adc_sampler_0/inst/astate__0[2]
    SLICE_X20Y38         LUT4 (Prop_lut4_I0_O)        0.099     1.418 r  design_1_i/adc_sampler_0/inst/bit_count[0]_i_1/O
                         net (fo=1, routed)           0.000     1.418    design_1_i/adc_sampler_0/inst/bit_count[0]_i_1_n_0
    SLICE_X20Y38         FDCE                                         r  design_1_i/adc_sampler_0/inst/bit_count_reg[0]/D
  -------------------------------------------------------------------    -------------------

                         (clock clk_fpga_1 rise edge)
                                                      0.000     0.000 r  
    PS7_X0Y0             PS7                          0.000     0.000 r  design_1_i/processing_system7_0/inst/PS7_i/FCLKCLK[1]
                         net (fo=1, routed)           0.341     0.341    design_1_i/processing_system7_0/inst/FCLK_CLK_unbuffered[1]
    BUFGCTRL_X0Y1        BUFG (Prop_bufg_I_O)         0.029     0.370 r  design_1_i/processing_system7_0/inst/buffer_fclk_clk_1.FCLK_CLK_1_BUFG/O
                         net (fo=118, routed)         0.828     1.198    design_1_i/adc_sampler_0/inst/clk
    SLICE_X20Y38         FDCE                                         r  design_1_i/adc_sampler_0/inst/bit_count_reg[0]/C
                         clock pessimism             -0.034     1.164    
    SLICE_X20Y38         FDCE (Hold_fdce_C_D)         0.120     1.284    design_1_i/adc_sampler_0/inst/bit_count_reg[0]
  -------------------------------------------------------------------
                         required time                         -1.284    
                         arrival time                           1.418    
  -------------------------------------------------------------------
                         slack                                  0.134    

Slack (MET) :             0.140ns  (arrival time - required time)
  Source:                 design_1_i/adc_sampler_0/inst/counter_reg[1]/C
                            (rising edge-triggered cell FDCE clocked by clk_fpga_1  {rise@0.000ns fall@100.000ns period=200.000ns})
  Destination:            design_1_i/adc_sampler_0/inst/counter_reg[6]/D
                            (rising edge-triggered cell FDCE clocked by clk_fpga_1  {rise@0.000ns fall@100.000ns period=200.000ns})
  Path Group:             clk_fpga_1
  Path Type:              Hold (Min at Fast Process Corner)
  Requirement:            0.000ns  (clk_fpga_1 rise@0.000ns - clk_fpga_1 rise@0.000ns)
  Data Path Delay:        0.500ns  (logic 0.231ns (46.236%)  route 0.269ns (53.764%))
  Logic Levels:           2  (LUT6=2)
  Clock Path Skew:        0.267ns (DCD - SCD - CPR)
    Destination Clock Delay (DCD):    1.201ns
    Source Clock Delay      (SCD):    0.905ns
    Clock Pessimism Removal (CPR):    0.029ns

    Location             Delay type                Incr(ns)  Path(ns)    Netlist Resource(s)
  -------------------------------------------------------------------    -------------------
                         (clock clk_fpga_1 rise edge)
                                                      0.000     0.000 r  
    PS7_X0Y0             PS7                          0.000     0.000 r  design_1_i/processing_system7_0/inst/PS7_i/FCLKCLK[1]
                         net (fo=1, routed)           0.315     0.315    design_1_i/processing_system7_0/inst/FCLK_CLK_unbuffered[1]
    BUFGCTRL_X0Y1        BUFG (Prop_bufg_I_O)         0.026     0.341 r  design_1_i/processing_system7_0/inst/buffer_fclk_clk_1.FCLK_CLK_1_BUFG/O
                         net (fo=118, routed)         0.564     0.905    design_1_i/adc_sampler_0/inst/clk
    SLICE_X18Y49         FDCE                                         r  design_1_i/adc_sampler_0/inst/counter_reg[1]/C
  -------------------------------------------------------------------    -------------------
    SLICE_X18Y49         FDCE (Prop_fdce_C_Q)         0.141     1.046 r  design_1_i/adc_sampler_0/inst/counter_reg[1]/Q
                         net (fo=2, routed)           0.175     1.220    design_1_i/adc_sampler_0/inst/counter[1]
    SLICE_X18Y50         LUT6 (Prop_lut6_I2_O)        0.045     1.265 f  design_1_i/adc_sampler_0/inst/clk_1K_i_3/O
                         net (fo=14, routed)          0.094     1.359    design_1_i/adc_sampler_0/inst/clk_1K_i_3_n_0
    SLICE_X18Y50         LUT6 (Prop_lut6_I0_O)        0.045     1.404 r  design_1_i/adc_sampler_0/inst/counter[6]_i_1/O
                         net (fo=1, routed)           0.000     1.404    design_1_i/adc_sampler_0/inst/counter_0[6]
    SLICE_X18Y50         FDCE                                         r  design_1_i/adc_sampler_0/inst/counter_reg[6]/D
  -------------------------------------------------------------------    -------------------

                         (clock clk_fpga_1 rise edge)
                                                      0.000     0.000 r  
    PS7_X0Y0             PS7                          0.000     0.000 r  design_1_i/processing_system7_0/inst/PS7_i/FCLKCLK[1]
                         net (fo=1, routed)           0.341     0.341    design_1_i/processing_system7_0/inst/FCLK_CLK_unbuffered[1]
    BUFGCTRL_X0Y1        BUFG (Prop_bufg_I_O)         0.029     0.370 r  design_1_i/processing_system7_0/inst/buffer_fclk_clk_1.FCLK_CLK_1_BUFG/O
                         net (fo=118, routed)         0.831     1.201    design_1_i/adc_sampler_0/inst/clk
    SLICE_X18Y50         FDCE                                         r  design_1_i/adc_sampler_0/inst/counter_reg[6]/C
                         clock pessimism             -0.029     1.172    
    SLICE_X18Y50         FDCE (Hold_fdce_C_D)         0.092     1.264    design_1_i/adc_sampler_0/inst/counter_reg[6]
  -------------------------------------------------------------------
                         required time                         -1.264    
                         arrival time                           1.404    
  -------------------------------------------------------------------
                         slack                                  0.140    

Slack (MET) :             0.142ns  (arrival time - required time)
  Source:                 design_1_i/adc_sampler_0/inst/counter_reg[1]/C
                            (rising edge-triggered cell FDCE clocked by clk_fpga_1  {rise@0.000ns fall@100.000ns period=200.000ns})
  Destination:            design_1_i/adc_sampler_0/inst/counter_reg[5]/D
                            (rising edge-triggered cell FDCE clocked by clk_fpga_1  {rise@0.000ns fall@100.000ns period=200.000ns})
  Path Group:             clk_fpga_1
  Path Type:              Hold (Min at Fast Process Corner)
  Requirement:            0.000ns  (clk_fpga_1 rise@0.000ns - clk_fpga_1 rise@0.000ns)
  Data Path Delay:        0.501ns  (logic 0.231ns (46.143%)  route 0.270ns (53.857%))
  Logic Levels:           2  (LUT6=2)
  Clock Path Skew:        0.267ns (DCD - SCD - CPR)
    Destination Clock Delay (DCD):    1.201ns
    Source Clock Delay      (SCD):    0.905ns
    Clock Pessimism Removal (CPR):    0.029ns

    Location             Delay type                Incr(ns)  Path(ns)    Netlist Resource(s)
  -------------------------------------------------------------------    -------------------
                         (clock clk_fpga_1 rise edge)
                                                      0.000     0.000 r  
    PS7_X0Y0             PS7                          0.000     0.000 r  design_1_i/processing_system7_0/inst/PS7_i/FCLKCLK[1]
                         net (fo=1, routed)           0.315     0.315    design_1_i/processing_system7_0/inst/FCLK_CLK_unbuffered[1]
    BUFGCTRL_X0Y1        BUFG (Prop_bufg_I_O)         0.026     0.341 r  design_1_i/processing_system7_0/inst/buffer_fclk_clk_1.FCLK_CLK_1_BUFG/O
                         net (fo=118, routed)         0.564     0.905    design_1_i/adc_sampler_0/inst/clk
    SLICE_X18Y49         FDCE                                         r  design_1_i/adc_sampler_0/inst/counter_reg[1]/C
  -------------------------------------------------------------------    -------------------
    SLICE_X18Y49         FDCE (Prop_fdce_C_Q)         0.141     1.046 r  design_1_i/adc_sampler_0/inst/counter_reg[1]/Q
                         net (fo=2, routed)           0.175     1.220    design_1_i/adc_sampler_0/inst/counter[1]
    SLICE_X18Y50         LUT6 (Prop_lut6_I2_O)        0.045     1.265 f  design_1_i/adc_sampler_0/inst/clk_1K_i_3/O
                         net (fo=14, routed)          0.095     1.360    design_1_i/adc_sampler_0/inst/clk_1K_i_3_n_0
    SLICE_X18Y50         LUT6 (Prop_lut6_I0_O)        0.045     1.405 r  design_1_i/adc_sampler_0/inst/counter[5]_i_1/O
                         net (fo=1, routed)           0.000     1.405    design_1_i/adc_sampler_0/inst/counter_0[5]
    SLICE_X18Y50         FDCE                                         r  design_1_i/adc_sampler_0/inst/counter_reg[5]/D
  -------------------------------------------------------------------    -------------------

                         (clock clk_fpga_1 rise edge)
                                                      0.000     0.000 r  
    PS7_X0Y0             PS7                          0.000     0.000 r  design_1_i/processing_system7_0/inst/PS7_i/FCLKCLK[1]
                         net (fo=1, routed)           0.341     0.341    design_1_i/processing_system7_0/inst/FCLK_CLK_unbuffered[1]
    BUFGCTRL_X0Y1        BUFG (Prop_bufg_I_O)         0.029     0.370 r  design_1_i/processing_system7_0/inst/buffer_fclk_clk_1.FCLK_CLK_1_BUFG/O
                         net (fo=118, routed)         0.831     1.201    design_1_i/adc_sampler_0/inst/clk
    SLICE_X18Y50         FDCE                                         r  design_1_i/adc_sampler_0/inst/counter_reg[5]/C
                         clock pessimism             -0.029     1.172    
    SLICE_X18Y50         FDCE (Hold_fdce_C_D)         0.091     1.263    design_1_i/adc_sampler_0/inst/counter_reg[5]
  -------------------------------------------------------------------
                         required time                         -1.263    
                         arrival time                           1.405    
  -------------------------------------------------------------------
                         slack                                  0.142    





Pulse Width Checks
--------------------------------------------------------------------------------------
Clock Name:         clk_fpga_1
Waveform(ns):       { 0.000 100.000 }
Period(ns):         200.000
Sources:            { design_1_i/processing_system7_0/inst/PS7_i/FCLKCLK[1] }

Check Type        Corner  Lib Pin  Reference Pin  Required(ns)  Actual(ns)  Slack(ns)  Location       Pin
Min Period        n/a     BUFG/I   n/a            2.155         200.000     197.845    BUFGCTRL_X0Y1  design_1_i/processing_system7_0/inst/buffer_fclk_clk_1.FCLK_CLK_1_BUFG/I
Min Period        n/a     FDCE/C   n/a            1.000         200.000     199.000    SLICE_X22Y37   design_1_i/adc_sampler_0/inst/FSM_sequential_astate_reg[0]/C
Min Period        n/a     FDCE/C   n/a            1.000         200.000     199.000    SLICE_X21Y37   design_1_i/adc_sampler_0/inst/FSM_sequential_astate_reg[1]/C
Min Period        n/a     FDCE/C   n/a            1.000         200.000     199.000    SLICE_X22Y37   design_1_i/adc_sampler_0/inst/FSM_sequential_astate_reg[2]/C
Min Period        n/a     FDCE/C   n/a            1.000         200.000     199.000    SLICE_X23Y38   design_1_i/adc_sampler_0/inst/adc1_data_reg[0]/C
Min Period        n/a     FDCE/C   n/a            1.000         200.000     199.000    SLICE_X23Y42   design_1_i/adc_sampler_0/inst/adc1_data_reg[10]/C
Min Period        n/a     FDCE/C   n/a            1.000         200.000     199.000    SLICE_X23Y43   design_1_i/adc_sampler_0/inst/adc1_data_reg[11]/C
Min Period        n/a     FDCE/C   n/a            1.000         200.000     199.000    SLICE_X23Y41   design_1_i/adc_sampler_0/inst/adc1_data_reg[1]/C
Min Period        n/a     FDCE/C   n/a            1.000         200.000     199.000    SLICE_X23Y41   design_1_i/adc_sampler_0/inst/adc1_data_reg[2]/C
Min Period        n/a     FDCE/C   n/a            1.000         200.000     199.000    SLICE_X23Y41   design_1_i/adc_sampler_0/inst/adc1_data_reg[3]/C
Low Pulse Width   Slow    FDCE/C   n/a            0.500         100.000     99.500     SLICE_X19Y41   design_1_i/adc_sampler_0/inst/adc2_data_reg[4]/C
Low Pulse Width   Slow    FDCE/C   n/a            0.500         100.000     99.500     SLICE_X19Y41   design_1_i/adc_sampler_0/inst/adc2_data_reg[5]/C
Low Pulse Width   Slow    FDCE/C   n/a            0.500         100.000     99.500     SLICE_X19Y41   design_1_i/adc_sampler_0/inst/adc2_data_reg[6]/C
Low Pulse Width   Slow    FDCE/C   n/a            0.500         100.000     99.500     SLICE_X19Y41   design_1_i/adc_sampler_0/inst/adc2_data_reg[7]/C
Low Pulse Width   Slow    FDCE/C   n/a            0.500         100.000     99.500     SLICE_X21Y44   design_1_i/adc_sampler_0/inst/average_value_adc1_reg[10]/C
Low Pulse Width   Slow    FDCE/C   n/a            0.500         100.000     99.500     SLICE_X21Y44   design_1_i/adc_sampler_0/inst/average_value_adc1_reg[2]/C
Low Pulse Width   Slow    FDCE/C   n/a            0.500         100.000     99.500     SLICE_X18Y42   design_1_i/adc_sampler_0/inst/average_value_adc1_reg[4]/C
Low Pulse Width   Slow    FDCE/C   n/a            0.500         100.000     99.500     SLICE_X21Y43   design_1_i/adc_sampler_0/inst/average_value_adc1_reg[5]/C
Low Pulse Width   Slow    FDCE/C   n/a            0.500         100.000     99.500     SLICE_X18Y42   design_1_i/adc_sampler_0/inst/average_value_adc1_reg[6]/C
Low Pulse Width   Slow    FDCE/C   n/a            0.500         100.000     99.500     SLICE_X21Y44   design_1_i/adc_sampler_0/inst/average_value_adc2_reg[10]/C
High Pulse Width  Slow    FDCE/C   n/a            0.500         100.000     99.500     SLICE_X22Y37   design_1_i/adc_sampler_0/inst/FSM_sequential_astate_reg[0]/C
High Pulse Width  Fast    FDCE/C   n/a            0.500         100.000     99.500     SLICE_X22Y37   design_1_i/adc_sampler_0/inst/FSM_sequential_astate_reg[0]/C
High Pulse Width  Fast    FDCE/C   n/a            0.500         100.000     99.500     SLICE_X21Y37   design_1_i/adc_sampler_0/inst/FSM_sequential_astate_reg[1]/C
High Pulse Width  Slow    FDCE/C   n/a            0.500         100.000     99.500     SLICE_X22Y37   design_1_i/adc_sampler_0/inst/FSM_sequential_astate_reg[2]/C
High Pulse Width  Fast    FDCE/C   n/a            0.500         100.000     99.500     SLICE_X22Y37   design_1_i/adc_sampler_0/inst/FSM_sequential_astate_reg[2]/C
High Pulse Width  Fast    FDCE/C   n/a            0.500         100.000     99.500     SLICE_X23Y38   design_1_i/adc_sampler_0/inst/adc1_data_reg[0]/C
High Pulse Width  Slow    FDCE/C   n/a            0.500         100.000     99.500     SLICE_X23Y42   design_1_i/adc_sampler_0/inst/adc1_data_reg[10]/C
High Pulse Width  Fast    FDCE/C   n/a            0.500         100.000     99.500     SLICE_X23Y42   design_1_i/adc_sampler_0/inst/adc1_data_reg[10]/C
High Pulse Width  Fast    FDCE/C   n/a            0.500         100.000     99.500     SLICE_X23Y43   design_1_i/adc_sampler_0/inst/adc1_data_reg[11]/C
High Pulse Width  Slow    FDCE/C   n/a            0.500         100.000     99.500     SLICE_X23Y41   design_1_i/adc_sampler_0/inst/adc1_data_reg[1]/C



---------------------------------------------------------------------------------------------------
Path Group:  **async_default**
From Clock:  clk_fpga_0
  To Clock:  clk_fpga_1

Setup :            0  Failing Endpoints,  Worst Slack        6.082ns,  Total Violation        0.000ns
Hold  :            0  Failing Endpoints,  Worst Slack        1.550ns,  Total Violation        0.000ns
---------------------------------------------------------------------------------------------------


Max Delay Paths
--------------------------------------------------------------------------------------
Slack (MET) :             6.082ns  (required time - arrival time)
  Source:                 design_1_i/rst_ps7_0_50M/U0/ACTIVE_LOW_PR_OUT_DFF[0].FDRE_PER_N/C
                            (rising edge-triggered cell FDRE clocked by clk_fpga_0  {rise@0.000ns fall@10.000ns period=20.000ns})
  Destination:            design_1_i/adc_sampler_0/inst/total_value_adc1_reg[4]/CLR
                            (recovery check against rising-edge clock clk_fpga_1  {rise@0.000ns fall@100.000ns period=200.000ns})
  Path Group:             **async_default**
  Path Type:              Recovery (Max at Slow Process Corner)
  Requirement:            20.000ns  (clk_fpga_1 rise@200.000ns - clk_fpga_0 rise@180.000ns)
  Data Path Delay:        10.001ns  (logic 0.575ns (5.749%)  route 9.426ns (94.251%))
  Logic Levels:           1  (LUT1=1)
  Clock Path Skew:        -0.289ns (DCD - SCD + CPR)
    Destination Clock Delay (DCD):    2.686ns = ( 202.686 - 200.000 ) 
    Source Clock Delay      (SCD):    2.975ns = ( 182.975 - 180.000 ) 
    Clock Pessimism Removal (CPR):    0.000ns
  Clock Uncertainty:      3.015ns  ((TSJ^2 + TIJ^2)^1/2 + DJ) / 2 + PE
    Total System Jitter     (TSJ):    0.071ns
    Total Input Jitter      (TIJ):    6.030ns
    Discrete Jitter          (DJ):    0.000ns
    Phase Error              (PE):    0.000ns
  Clock Domain Crossing:  Inter clock paths are considered valid unless explicitly excluded by timing constraints such as set_clock_groups or set_false_path.

    Location             Delay type                Incr(ns)  Path(ns)    Netlist Resource(s)
  -------------------------------------------------------------------    -------------------
                         (clock clk_fpga_0 rise edge)
                                                    180.000   180.000 r  
    PS7_X0Y0             PS7                          0.000   180.000 r  design_1_i/processing_system7_0/inst/PS7_i/FCLKCLK[0]
                         net (fo=1, routed)           1.207   181.207    design_1_i/processing_system7_0/inst/FCLK_CLK_unbuffered[0]
    BUFGCTRL_X0Y0        BUFG (Prop_bufg_I_O)         0.101   181.308 r  design_1_i/processing_system7_0/inst/buffer_fclk_clk_0.FCLK_CLK_0_BUFG/O
                         net (fo=1161, routed)        1.667   182.975    design_1_i/rst_ps7_0_50M/U0/slowest_sync_clk
    SLICE_X19Y34         FDRE                                         r  design_1_i/rst_ps7_0_50M/U0/ACTIVE_LOW_PR_OUT_DFF[0].FDRE_PER_N/C
  -------------------------------------------------------------------    -------------------
    SLICE_X19Y34         FDRE (Prop_fdre_C_Q)         0.456   183.431 r  design_1_i/rst_ps7_0_50M/U0/ACTIVE_LOW_PR_OUT_DFF[0].FDRE_PER_N/Q
                         net (fo=10, routed)          5.460   188.891    design_1_i/adc_sampler_0/inst/rst_n
    SLICE_X14Y39         LUT1 (Prop_lut1_I0_O)        0.119   189.010 f  design_1_i/adc_sampler_0/inst/clk_1K_i_2/O
                         net (fo=117, routed)         3.966   192.976    design_1_i/adc_sampler_0/inst/clk_1K_i_2_n_0
    SLICE_X22Y42         FDCE                                         f  design_1_i/adc_sampler_0/inst/total_value_adc1_reg[4]/CLR
  -------------------------------------------------------------------    -------------------

                         (clock clk_fpga_1 rise edge)
                                                    200.000   200.000 r  
    PS7_X0Y0             PS7                          0.000   200.000 r  design_1_i/processing_system7_0/inst/PS7_i/FCLKCLK[1]
                         net (fo=1, routed)           1.101   201.101    design_1_i/processing_system7_0/inst/FCLK_CLK_unbuffered[1]
    BUFGCTRL_X0Y1        BUFG (Prop_bufg_I_O)         0.091   201.192 r  design_1_i/processing_system7_0/inst/buffer_fclk_clk_1.FCLK_CLK_1_BUFG/O
                         net (fo=118, routed)         1.494   202.687    design_1_i/adc_sampler_0/inst/clk
    SLICE_X22Y42         FDCE                                         r  design_1_i/adc_sampler_0/inst/total_value_adc1_reg[4]/C
                         clock pessimism              0.000   202.687    
                         clock uncertainty           -3.015   199.671    
    SLICE_X22Y42         FDCE (Recov_fdce_C_CLR)     -0.613   199.058    design_1_i/adc_sampler_0/inst/total_value_adc1_reg[4]
  -------------------------------------------------------------------
                         required time                        199.058    
                         arrival time                        -192.976    
  -------------------------------------------------------------------
                         slack                                  6.082    

Slack (MET) :             6.082ns  (required time - arrival time)
  Source:                 design_1_i/rst_ps7_0_50M/U0/ACTIVE_LOW_PR_OUT_DFF[0].FDRE_PER_N/C
                            (rising edge-triggered cell FDRE clocked by clk_fpga_0  {rise@0.000ns fall@10.000ns period=20.000ns})
  Destination:            design_1_i/adc_sampler_0/inst/total_value_adc1_reg[5]/CLR
                            (recovery check against rising-edge clock clk_fpga_1  {rise@0.000ns fall@100.000ns period=200.000ns})
  Path Group:             **async_default**
  Path Type:              Recovery (Max at Slow Process Corner)
  Requirement:            20.000ns  (clk_fpga_1 rise@200.000ns - clk_fpga_0 rise@180.000ns)
  Data Path Delay:        10.001ns  (logic 0.575ns (5.749%)  route 9.426ns (94.251%))
  Logic Levels:           1  (LUT1=1)
  Clock Path Skew:        -0.289ns (DCD - SCD + CPR)
    Destination Clock Delay (DCD):    2.686ns = ( 202.686 - 200.000 ) 
    Source Clock Delay      (SCD):    2.975ns = ( 182.975 - 180.000 ) 
    Clock Pessimism Removal (CPR):    0.000ns
  Clock Uncertainty:      3.015ns  ((TSJ^2 + TIJ^2)^1/2 + DJ) / 2 + PE
    Total System Jitter     (TSJ):    0.071ns
    Total Input Jitter      (TIJ):    6.030ns
    Discrete Jitter          (DJ):    0.000ns
    Phase Error              (PE):    0.000ns
  Clock Domain Crossing:  Inter clock paths are considered valid unless explicitly excluded by timing constraints such as set_clock_groups or set_false_path.

    Location             Delay type                Incr(ns)  Path(ns)    Netlist Resource(s)
  -------------------------------------------------------------------    -------------------
                         (clock clk_fpga_0 rise edge)
                                                    180.000   180.000 r  
    PS7_X0Y0             PS7                          0.000   180.000 r  design_1_i/processing_system7_0/inst/PS7_i/FCLKCLK[0]
                         net (fo=1, routed)           1.207   181.207    design_1_i/processing_system7_0/inst/FCLK_CLK_unbuffered[0]
    BUFGCTRL_X0Y0        BUFG (Prop_bufg_I_O)         0.101   181.308 r  design_1_i/processing_system7_0/inst/buffer_fclk_clk_0.FCLK_CLK_0_BUFG/O
                         net (fo=1161, routed)        1.667   182.975    design_1_i/rst_ps7_0_50M/U0/slowest_sync_clk
    SLICE_X19Y34         FDRE                                         r  design_1_i/rst_ps7_0_50M/U0/ACTIVE_LOW_PR_OUT_DFF[0].FDRE_PER_N/C
  -------------------------------------------------------------------    -------------------
    SLICE_X19Y34         FDRE (Prop_fdre_C_Q)         0.456   183.431 r  design_1_i/rst_ps7_0_50M/U0/ACTIVE_LOW_PR_OUT_DFF[0].FDRE_PER_N/Q
                         net (fo=10, routed)          5.460   188.891    design_1_i/adc_sampler_0/inst/rst_n
    SLICE_X14Y39         LUT1 (Prop_lut1_I0_O)        0.119   189.010 f  design_1_i/adc_sampler_0/inst/clk_1K_i_2/O
                         net (fo=117, routed)         3.966   192.976    design_1_i/adc_sampler_0/inst/clk_1K_i_2_n_0
    SLICE_X22Y42         FDCE                                         f  design_1_i/adc_sampler_0/inst/total_value_adc1_reg[5]/CLR
  -------------------------------------------------------------------    -------------------

                         (clock clk_fpga_1 rise edge)
                                                    200.000   200.000 r  
    PS7_X0Y0             PS7                          0.000   200.000 r  design_1_i/processing_system7_0/inst/PS7_i/FCLKCLK[1]
                         net (fo=1, routed)           1.101   201.101    design_1_i/processing_system7_0/inst/FCLK_CLK_unbuffered[1]
    BUFGCTRL_X0Y1        BUFG (Prop_bufg_I_O)         0.091   201.192 r  design_1_i/processing_system7_0/inst/buffer_fclk_clk_1.FCLK_CLK_1_BUFG/O
                         net (fo=118, routed)         1.494   202.687    design_1_i/adc_sampler_0/inst/clk
    SLICE_X22Y42         FDCE                                         r  design_1_i/adc_sampler_0/inst/total_value_adc1_reg[5]/C
                         clock pessimism              0.000   202.687    
                         clock uncertainty           -3.015   199.671    
    SLICE_X22Y42         FDCE (Recov_fdce_C_CLR)     -0.613   199.058    design_1_i/adc_sampler_0/inst/total_value_adc1_reg[5]
  -------------------------------------------------------------------
                         required time                        199.058    
                         arrival time                        -192.976    
  -------------------------------------------------------------------
                         slack                                  6.082    

Slack (MET) :             6.082ns  (required time - arrival time)
  Source:                 design_1_i/rst_ps7_0_50M/U0/ACTIVE_LOW_PR_OUT_DFF[0].FDRE_PER_N/C
                            (rising edge-triggered cell FDRE clocked by clk_fpga_0  {rise@0.000ns fall@10.000ns period=20.000ns})
  Destination:            design_1_i/adc_sampler_0/inst/total_value_adc1_reg[6]/CLR
                            (recovery check against rising-edge clock clk_fpga_1  {rise@0.000ns fall@100.000ns period=200.000ns})
  Path Group:             **async_default**
  Path Type:              Recovery (Max at Slow Process Corner)
  Requirement:            20.000ns  (clk_fpga_1 rise@200.000ns - clk_fpga_0 rise@180.000ns)
  Data Path Delay:        10.001ns  (logic 0.575ns (5.749%)  route 9.426ns (94.251%))
  Logic Levels:           1  (LUT1=1)
  Clock Path Skew:        -0.289ns (DCD - SCD + CPR)
    Destination Clock Delay (DCD):    2.686ns = ( 202.686 - 200.000 ) 
    Source Clock Delay      (SCD):    2.975ns = ( 182.975 - 180.000 ) 
    Clock Pessimism Removal (CPR):    0.000ns
  Clock Uncertainty:      3.015ns  ((TSJ^2 + TIJ^2)^1/2 + DJ) / 2 + PE
    Total System Jitter     (TSJ):    0.071ns
    Total Input Jitter      (TIJ):    6.030ns
    Discrete Jitter          (DJ):    0.000ns
    Phase Error              (PE):    0.000ns
  Clock Domain Crossing:  Inter clock paths are considered valid unless explicitly excluded by timing constraints such as set_clock_groups or set_false_path.

    Location             Delay type                Incr(ns)  Path(ns)    Netlist Resource(s)
  -------------------------------------------------------------------    -------------------
                         (clock clk_fpga_0 rise edge)
                                                    180.000   180.000 r  
    PS7_X0Y0             PS7                          0.000   180.000 r  design_1_i/processing_system7_0/inst/PS7_i/FCLKCLK[0]
                         net (fo=1, routed)           1.207   181.207    design_1_i/processing_system7_0/inst/FCLK_CLK_unbuffered[0]
    BUFGCTRL_X0Y0        BUFG (Prop_bufg_I_O)         0.101   181.308 r  design_1_i/processing_system7_0/inst/buffer_fclk_clk_0.FCLK_CLK_0_BUFG/O
                         net (fo=1161, routed)        1.667   182.975    design_1_i/rst_ps7_0_50M/U0/slowest_sync_clk
    SLICE_X19Y34         FDRE                                         r  design_1_i/rst_ps7_0_50M/U0/ACTIVE_LOW_PR_OUT_DFF[0].FDRE_PER_N/C
  -------------------------------------------------------------------    -------------------
    SLICE_X19Y34         FDRE (Prop_fdre_C_Q)         0.456   183.431 r  design_1_i/rst_ps7_0_50M/U0/ACTIVE_LOW_PR_OUT_DFF[0].FDRE_PER_N/Q
                         net (fo=10, routed)          5.460   188.891    design_1_i/adc_sampler_0/inst/rst_n
    SLICE_X14Y39         LUT1 (Prop_lut1_I0_O)        0.119   189.010 f  design_1_i/adc_sampler_0/inst/clk_1K_i_2/O
                         net (fo=117, routed)         3.966   192.976    design_1_i/adc_sampler_0/inst/clk_1K_i_2_n_0
    SLICE_X22Y42         FDCE                                         f  design_1_i/adc_sampler_0/inst/total_value_adc1_reg[6]/CLR
  -------------------------------------------------------------------    -------------------

                         (clock clk_fpga_1 rise edge)
                                                    200.000   200.000 r  
    PS7_X0Y0             PS7                          0.000   200.000 r  design_1_i/processing_system7_0/inst/PS7_i/FCLKCLK[1]
                         net (fo=1, routed)           1.101   201.101    design_1_i/processing_system7_0/inst/FCLK_CLK_unbuffered[1]
    BUFGCTRL_X0Y1        BUFG (Prop_bufg_I_O)         0.091   201.192 r  design_1_i/processing_system7_0/inst/buffer_fclk_clk_1.FCLK_CLK_1_BUFG/O
                         net (fo=118, routed)         1.494   202.687    design_1_i/adc_sampler_0/inst/clk
    SLICE_X22Y42         FDCE                                         r  design_1_i/adc_sampler_0/inst/total_value_adc1_reg[6]/C
                         clock pessimism              0.000   202.687    
                         clock uncertainty           -3.015   199.671    
    SLICE_X22Y42         FDCE (Recov_fdce_C_CLR)     -0.613   199.058    design_1_i/adc_sampler_0/inst/total_value_adc1_reg[6]
  -------------------------------------------------------------------
                         required time                        199.058    
                         arrival time                        -192.976    
  -------------------------------------------------------------------
                         slack                                  6.082    

Slack (MET) :             6.082ns  (required time - arrival time)
  Source:                 design_1_i/rst_ps7_0_50M/U0/ACTIVE_LOW_PR_OUT_DFF[0].FDRE_PER_N/C
                            (rising edge-triggered cell FDRE clocked by clk_fpga_0  {rise@0.000ns fall@10.000ns period=20.000ns})
  Destination:            design_1_i/adc_sampler_0/inst/total_value_adc1_reg[7]/CLR
                            (recovery check against rising-edge clock clk_fpga_1  {rise@0.000ns fall@100.000ns period=200.000ns})
  Path Group:             **async_default**
  Path Type:              Recovery (Max at Slow Process Corner)
  Requirement:            20.000ns  (clk_fpga_1 rise@200.000ns - clk_fpga_0 rise@180.000ns)
  Data Path Delay:        10.001ns  (logic 0.575ns (5.749%)  route 9.426ns (94.251%))
  Logic Levels:           1  (LUT1=1)
  Clock Path Skew:        -0.289ns (DCD - SCD + CPR)
    Destination Clock Delay (DCD):    2.686ns = ( 202.686 - 200.000 ) 
    Source Clock Delay      (SCD):    2.975ns = ( 182.975 - 180.000 ) 
    Clock Pessimism Removal (CPR):    0.000ns
  Clock Uncertainty:      3.015ns  ((TSJ^2 + TIJ^2)^1/2 + DJ) / 2 + PE
    Total System Jitter     (TSJ):    0.071ns
    Total Input Jitter      (TIJ):    6.030ns
    Discrete Jitter          (DJ):    0.000ns
    Phase Error              (PE):    0.000ns
  Clock Domain Crossing:  Inter clock paths are considered valid unless explicitly excluded by timing constraints such as set_clock_groups or set_false_path.

    Location             Delay type                Incr(ns)  Path(ns)    Netlist Resource(s)
  -------------------------------------------------------------------    -------------------
                         (clock clk_fpga_0 rise edge)
                                                    180.000   180.000 r  
    PS7_X0Y0             PS7                          0.000   180.000 r  design_1_i/processing_system7_0/inst/PS7_i/FCLKCLK[0]
                         net (fo=1, routed)           1.207   181.207    design_1_i/processing_system7_0/inst/FCLK_CLK_unbuffered[0]
    BUFGCTRL_X0Y0        BUFG (Prop_bufg_I_O)         0.101   181.308 r  design_1_i/processing_system7_0/inst/buffer_fclk_clk_0.FCLK_CLK_0_BUFG/O
                         net (fo=1161, routed)        1.667   182.975    design_1_i/rst_ps7_0_50M/U0/slowest_sync_clk
    SLICE_X19Y34         FDRE                                         r  design_1_i/rst_ps7_0_50M/U0/ACTIVE_LOW_PR_OUT_DFF[0].FDRE_PER_N/C
  -------------------------------------------------------------------    -------------------
    SLICE_X19Y34         FDRE (Prop_fdre_C_Q)         0.456   183.431 r  design_1_i/rst_ps7_0_50M/U0/ACTIVE_LOW_PR_OUT_DFF[0].FDRE_PER_N/Q
                         net (fo=10, routed)          5.460   188.891    design_1_i/adc_sampler_0/inst/rst_n
    SLICE_X14Y39         LUT1 (Prop_lut1_I0_O)        0.119   189.010 f  design_1_i/adc_sampler_0/inst/clk_1K_i_2/O
                         net (fo=117, routed)         3.966   192.976    design_1_i/adc_sampler_0/inst/clk_1K_i_2_n_0
    SLICE_X22Y42         FDCE                                         f  design_1_i/adc_sampler_0/inst/total_value_adc1_reg[7]/CLR
  -------------------------------------------------------------------    -------------------

                         (clock clk_fpga_1 rise edge)
                                                    200.000   200.000 r  
    PS7_X0Y0             PS7                          0.000   200.000 r  design_1_i/processing_system7_0/inst/PS7_i/FCLKCLK[1]
                         net (fo=1, routed)           1.101   201.101    design_1_i/processing_system7_0/inst/FCLK_CLK_unbuffered[1]
    BUFGCTRL_X0Y1        BUFG (Prop_bufg_I_O)         0.091   201.192 r  design_1_i/processing_system7_0/inst/buffer_fclk_clk_1.FCLK_CLK_1_BUFG/O
                         net (fo=118, routed)         1.494   202.687    design_1_i/adc_sampler_0/inst/clk
    SLICE_X22Y42         FDCE                                         r  design_1_i/adc_sampler_0/inst/total_value_adc1_reg[7]/C
                         clock pessimism              0.000   202.687    
                         clock uncertainty           -3.015   199.671    
    SLICE_X22Y42         FDCE (Recov_fdce_C_CLR)     -0.613   199.058    design_1_i/adc_sampler_0/inst/total_value_adc1_reg[7]
  -------------------------------------------------------------------
                         required time                        199.058    
                         arrival time                        -192.976    
  -------------------------------------------------------------------
                         slack                                  6.082    

Slack (MET) :             6.087ns  (required time - arrival time)
  Source:                 design_1_i/rst_ps7_0_50M/U0/ACTIVE_LOW_PR_OUT_DFF[0].FDRE_PER_N/C
                            (rising edge-triggered cell FDRE clocked by clk_fpga_0  {rise@0.000ns fall@10.000ns period=20.000ns})
  Destination:            design_1_i/adc_sampler_0/inst/adc1_data_reg[10]/CLR
                            (recovery check against rising-edge clock clk_fpga_1  {rise@0.000ns fall@100.000ns period=200.000ns})
  Path Group:             **async_default**
  Path Type:              Recovery (Max at Slow Process Corner)
  Requirement:            20.000ns  (clk_fpga_1 rise@200.000ns - clk_fpga_0 rise@180.000ns)
  Data Path Delay:        9.997ns  (logic 0.575ns (5.752%)  route 9.422ns (94.248%))
  Logic Levels:           1  (LUT1=1)
  Clock Path Skew:        -0.289ns (DCD - SCD + CPR)
    Destination Clock Delay (DCD):    2.686ns = ( 202.686 - 200.000 ) 
    Source Clock Delay      (SCD):    2.975ns = ( 182.975 - 180.000 ) 
    Clock Pessimism Removal (CPR):    0.000ns
  Clock Uncertainty:      3.015ns  ((TSJ^2 + TIJ^2)^1/2 + DJ) / 2 + PE
    Total System Jitter     (TSJ):    0.071ns
    Total Input Jitter      (TIJ):    6.030ns
    Discrete Jitter          (DJ):    0.000ns
    Phase Error              (PE):    0.000ns
  Clock Domain Crossing:  Inter clock paths are considered valid unless explicitly excluded by timing constraints such as set_clock_groups or set_false_path.

    Location             Delay type                Incr(ns)  Path(ns)    Netlist Resource(s)
  -------------------------------------------------------------------    -------------------
                         (clock clk_fpga_0 rise edge)
                                                    180.000   180.000 r  
    PS7_X0Y0             PS7                          0.000   180.000 r  design_1_i/processing_system7_0/inst/PS7_i/FCLKCLK[0]
                         net (fo=1, routed)           1.207   181.207    design_1_i/processing_system7_0/inst/FCLK_CLK_unbuffered[0]
    BUFGCTRL_X0Y0        BUFG (Prop_bufg_I_O)         0.101   181.308 r  design_1_i/processing_system7_0/inst/buffer_fclk_clk_0.FCLK_CLK_0_BUFG/O
                         net (fo=1161, routed)        1.667   182.975    design_1_i/rst_ps7_0_50M/U0/slowest_sync_clk
    SLICE_X19Y34         FDRE                                         r  design_1_i/rst_ps7_0_50M/U0/ACTIVE_LOW_PR_OUT_DFF[0].FDRE_PER_N/C
  -------------------------------------------------------------------    -------------------
    SLICE_X19Y34         FDRE (Prop_fdre_C_Q)         0.456   183.431 r  design_1_i/rst_ps7_0_50M/U0/ACTIVE_LOW_PR_OUT_DFF[0].FDRE_PER_N/Q
                         net (fo=10, routed)          5.460   188.891    design_1_i/adc_sampler_0/inst/rst_n
    SLICE_X14Y39         LUT1 (Prop_lut1_I0_O)        0.119   189.010 f  design_1_i/adc_sampler_0/inst/clk_1K_i_2/O
                         net (fo=117, routed)         3.962   192.972    design_1_i/adc_sampler_0/inst/clk_1K_i_2_n_0
    SLICE_X23Y42         FDCE                                         f  design_1_i/adc_sampler_0/inst/adc1_data_reg[10]/CLR
  -------------------------------------------------------------------    -------------------

                         (clock clk_fpga_1 rise edge)
                                                    200.000   200.000 r  
    PS7_X0Y0             PS7                          0.000   200.000 r  design_1_i/processing_system7_0/inst/PS7_i/FCLKCLK[1]
                         net (fo=1, routed)           1.101   201.101    design_1_i/processing_system7_0/inst/FCLK_CLK_unbuffered[1]
    BUFGCTRL_X0Y1        BUFG (Prop_bufg_I_O)         0.091   201.192 r  design_1_i/processing_system7_0/inst/buffer_fclk_clk_1.FCLK_CLK_1_BUFG/O
                         net (fo=118, routed)         1.494   202.687    design_1_i/adc_sampler_0/inst/clk
    SLICE_X23Y42         FDCE                                         r  design_1_i/adc_sampler_0/inst/adc1_data_reg[10]/C
                         clock pessimism              0.000   202.687    
                         clock uncertainty           -3.015   199.671    
    SLICE_X23Y42         FDCE (Recov_fdce_C_CLR)     -0.613   199.058    design_1_i/adc_sampler_0/inst/adc1_data_reg[10]
  -------------------------------------------------------------------
                         required time                        199.058    
                         arrival time                        -192.972    
  -------------------------------------------------------------------
                         slack                                  6.087    

Slack (MET) :             6.087ns  (required time - arrival time)
  Source:                 design_1_i/rst_ps7_0_50M/U0/ACTIVE_LOW_PR_OUT_DFF[0].FDRE_PER_N/C
                            (rising edge-triggered cell FDRE clocked by clk_fpga_0  {rise@0.000ns fall@10.000ns period=20.000ns})
  Destination:            design_1_i/adc_sampler_0/inst/adc1_data_reg[7]/CLR
                            (recovery check against rising-edge clock clk_fpga_1  {rise@0.000ns fall@100.000ns period=200.000ns})
  Path Group:             **async_default**
  Path Type:              Recovery (Max at Slow Process Corner)
  Requirement:            20.000ns  (clk_fpga_1 rise@200.000ns - clk_fpga_0 rise@180.000ns)
  Data Path Delay:        9.997ns  (logic 0.575ns (5.752%)  route 9.422ns (94.248%))
  Logic Levels:           1  (LUT1=1)
  Clock Path Skew:        -0.289ns (DCD - SCD + CPR)
    Destination Clock Delay (DCD):    2.686ns = ( 202.686 - 200.000 ) 
    Source Clock Delay      (SCD):    2.975ns = ( 182.975 - 180.000 ) 
    Clock Pessimism Removal (CPR):    0.000ns
  Clock Uncertainty:      3.015ns  ((TSJ^2 + TIJ^2)^1/2 + DJ) / 2 + PE
    Total System Jitter     (TSJ):    0.071ns
    Total Input Jitter      (TIJ):    6.030ns
    Discrete Jitter          (DJ):    0.000ns
    Phase Error              (PE):    0.000ns
  Clock Domain Crossing:  Inter clock paths are considered valid unless explicitly excluded by timing constraints such as set_clock_groups or set_false_path.

    Location             Delay type                Incr(ns)  Path(ns)    Netlist Resource(s)
  -------------------------------------------------------------------    -------------------
                         (clock clk_fpga_0 rise edge)
                                                    180.000   180.000 r  
    PS7_X0Y0             PS7                          0.000   180.000 r  design_1_i/processing_system7_0/inst/PS7_i/FCLKCLK[0]
                         net (fo=1, routed)           1.207   181.207    design_1_i/processing_system7_0/inst/FCLK_CLK_unbuffered[0]
    BUFGCTRL_X0Y0        BUFG (Prop_bufg_I_O)         0.101   181.308 r  design_1_i/processing_system7_0/inst/buffer_fclk_clk_0.FCLK_CLK_0_BUFG/O
                         net (fo=1161, routed)        1.667   182.975    design_1_i/rst_ps7_0_50M/U0/slowest_sync_clk
    SLICE_X19Y34         FDRE                                         r  design_1_i/rst_ps7_0_50M/U0/ACTIVE_LOW_PR_OUT_DFF[0].FDRE_PER_N/C
  -------------------------------------------------------------------    -------------------
    SLICE_X19Y34         FDRE (Prop_fdre_C_Q)         0.456   183.431 r  design_1_i/rst_ps7_0_50M/U0/ACTIVE_LOW_PR_OUT_DFF[0].FDRE_PER_N/Q
                         net (fo=10, routed)          5.460   188.891    design_1_i/adc_sampler_0/inst/rst_n
    SLICE_X14Y39         LUT1 (Prop_lut1_I0_O)        0.119   189.010 f  design_1_i/adc_sampler_0/inst/clk_1K_i_2/O
                         net (fo=117, routed)         3.962   192.972    design_1_i/adc_sampler_0/inst/clk_1K_i_2_n_0
    SLICE_X23Y42         FDCE                                         f  design_1_i/adc_sampler_0/inst/adc1_data_reg[7]/CLR
  -------------------------------------------------------------------    -------------------

                         (clock clk_fpga_1 rise edge)
                                                    200.000   200.000 r  
    PS7_X0Y0             PS7                          0.000   200.000 r  design_1_i/processing_system7_0/inst/PS7_i/FCLKCLK[1]
                         net (fo=1, routed)           1.101   201.101    design_1_i/processing_system7_0/inst/FCLK_CLK_unbuffered[1]
    BUFGCTRL_X0Y1        BUFG (Prop_bufg_I_O)         0.091   201.192 r  design_1_i/processing_system7_0/inst/buffer_fclk_clk_1.FCLK_CLK_1_BUFG/O
                         net (fo=118, routed)         1.494   202.687    design_1_i/adc_sampler_0/inst/clk
    SLICE_X23Y42         FDCE                                         r  design_1_i/adc_sampler_0/inst/adc1_data_reg[7]/C
                         clock pessimism              0.000   202.687    
                         clock uncertainty           -3.015   199.671    
    SLICE_X23Y42         FDCE (Recov_fdce_C_CLR)     -0.613   199.058    design_1_i/adc_sampler_0/inst/adc1_data_reg[7]
  -------------------------------------------------------------------
                         required time                        199.058    
                         arrival time                        -192.972    
  -------------------------------------------------------------------
                         slack                                  6.087    

Slack (MET) :             6.087ns  (required time - arrival time)
  Source:                 design_1_i/rst_ps7_0_50M/U0/ACTIVE_LOW_PR_OUT_DFF[0].FDRE_PER_N/C
                            (rising edge-triggered cell FDRE clocked by clk_fpga_0  {rise@0.000ns fall@10.000ns period=20.000ns})
  Destination:            design_1_i/adc_sampler_0/inst/adc1_data_reg[8]/CLR
                            (recovery check against rising-edge clock clk_fpga_1  {rise@0.000ns fall@100.000ns period=200.000ns})
  Path Group:             **async_default**
  Path Type:              Recovery (Max at Slow Process Corner)
  Requirement:            20.000ns  (clk_fpga_1 rise@200.000ns - clk_fpga_0 rise@180.000ns)
  Data Path Delay:        9.997ns  (logic 0.575ns (5.752%)  route 9.422ns (94.248%))
  Logic Levels:           1  (LUT1=1)
  Clock Path Skew:        -0.289ns (DCD - SCD + CPR)
    Destination Clock Delay (DCD):    2.686ns = ( 202.686 - 200.000 ) 
    Source Clock Delay      (SCD):    2.975ns = ( 182.975 - 180.000 ) 
    Clock Pessimism Removal (CPR):    0.000ns
  Clock Uncertainty:      3.015ns  ((TSJ^2 + TIJ^2)^1/2 + DJ) / 2 + PE
    Total System Jitter     (TSJ):    0.071ns
    Total Input Jitter      (TIJ):    6.030ns
    Discrete Jitter          (DJ):    0.000ns
    Phase Error              (PE):    0.000ns
  Clock Domain Crossing:  Inter clock paths are considered valid unless explicitly excluded by timing constraints such as set_clock_groups or set_false_path.

    Location             Delay type                Incr(ns)  Path(ns)    Netlist Resource(s)
  -------------------------------------------------------------------    -------------------
                         (clock clk_fpga_0 rise edge)
                                                    180.000   180.000 r  
    PS7_X0Y0             PS7                          0.000   180.000 r  design_1_i/processing_system7_0/inst/PS7_i/FCLKCLK[0]
                         net (fo=1, routed)           1.207   181.207    design_1_i/processing_system7_0/inst/FCLK_CLK_unbuffered[0]
    BUFGCTRL_X0Y0        BUFG (Prop_bufg_I_O)         0.101   181.308 r  design_1_i/processing_system7_0/inst/buffer_fclk_clk_0.FCLK_CLK_0_BUFG/O
                         net (fo=1161, routed)        1.667   182.975    design_1_i/rst_ps7_0_50M/U0/slowest_sync_clk
    SLICE_X19Y34         FDRE                                         r  design_1_i/rst_ps7_0_50M/U0/ACTIVE_LOW_PR_OUT_DFF[0].FDRE_PER_N/C
  -------------------------------------------------------------------    -------------------
    SLICE_X19Y34         FDRE (Prop_fdre_C_Q)         0.456   183.431 r  design_1_i/rst_ps7_0_50M/U0/ACTIVE_LOW_PR_OUT_DFF[0].FDRE_PER_N/Q
                         net (fo=10, routed)          5.460   188.891    design_1_i/adc_sampler_0/inst/rst_n
    SLICE_X14Y39         LUT1 (Prop_lut1_I0_O)        0.119   189.010 f  design_1_i/adc_sampler_0/inst/clk_1K_i_2/O
                         net (fo=117, routed)         3.962   192.972    design_1_i/adc_sampler_0/inst/clk_1K_i_2_n_0
    SLICE_X23Y42         FDCE                                         f  design_1_i/adc_sampler_0/inst/adc1_data_reg[8]/CLR
  -------------------------------------------------------------------    -------------------

                         (clock clk_fpga_1 rise edge)
                                                    200.000   200.000 r  
    PS7_X0Y0             PS7                          0.000   200.000 r  design_1_i/processing_system7_0/inst/PS7_i/FCLKCLK[1]
                         net (fo=1, routed)           1.101   201.101    design_1_i/processing_system7_0/inst/FCLK_CLK_unbuffered[1]
    BUFGCTRL_X0Y1        BUFG (Prop_bufg_I_O)         0.091   201.192 r  design_1_i/processing_system7_0/inst/buffer_fclk_clk_1.FCLK_CLK_1_BUFG/O
                         net (fo=118, routed)         1.494   202.687    design_1_i/adc_sampler_0/inst/clk
    SLICE_X23Y42         FDCE                                         r  design_1_i/adc_sampler_0/inst/adc1_data_reg[8]/C
                         clock pessimism              0.000   202.687    
                         clock uncertainty           -3.015   199.671    
    SLICE_X23Y42         FDCE (Recov_fdce_C_CLR)     -0.613   199.058    design_1_i/adc_sampler_0/inst/adc1_data_reg[8]
  -------------------------------------------------------------------
                         required time                        199.058    
                         arrival time                        -192.972    
  -------------------------------------------------------------------
                         slack                                  6.087    

Slack (MET) :             6.105ns  (required time - arrival time)
  Source:                 design_1_i/rst_ps7_0_50M/U0/ACTIVE_LOW_PR_OUT_DFF[0].FDRE_PER_N/C
                            (rising edge-triggered cell FDRE clocked by clk_fpga_0  {rise@0.000ns fall@10.000ns period=20.000ns})
  Destination:            design_1_i/adc_sampler_0/inst/counter_reg[7]/CLR
                            (recovery check against rising-edge clock clk_fpga_1  {rise@0.000ns fall@100.000ns period=200.000ns})
  Path Group:             **async_default**
  Path Type:              Recovery (Max at Slow Process Corner)
  Requirement:            20.000ns  (clk_fpga_1 rise@200.000ns - clk_fpga_0 rise@180.000ns)
  Data Path Delay:        10.059ns  (logic 0.575ns (5.716%)  route 9.484ns (94.284%))
  Logic Levels:           1  (LUT1=1)
  Clock Path Skew:        -0.293ns (DCD - SCD + CPR)
    Destination Clock Delay (DCD):    2.682ns = ( 202.682 - 200.000 ) 
    Source Clock Delay      (SCD):    2.975ns = ( 182.975 - 180.000 ) 
    Clock Pessimism Removal (CPR):    0.000ns
  Clock Uncertainty:      3.015ns  ((TSJ^2 + TIJ^2)^1/2 + DJ) / 2 + PE
    Total System Jitter     (TSJ):    0.071ns
    Total Input Jitter      (TIJ):    6.030ns
    Discrete Jitter          (DJ):    0.000ns
    Phase Error              (PE):    0.000ns
  Clock Domain Crossing:  Inter clock paths are considered valid unless explicitly excluded by timing constraints such as set_clock_groups or set_false_path.

    Location             Delay type                Incr(ns)  Path(ns)    Netlist Resource(s)
  -------------------------------------------------------------------    -------------------
                         (clock clk_fpga_0 rise edge)
                                                    180.000   180.000 r  
    PS7_X0Y0             PS7                          0.000   180.000 r  design_1_i/processing_system7_0/inst/PS7_i/FCLKCLK[0]
                         net (fo=1, routed)           1.207   181.207    design_1_i/processing_system7_0/inst/FCLK_CLK_unbuffered[0]
    BUFGCTRL_X0Y0        BUFG (Prop_bufg_I_O)         0.101   181.308 r  design_1_i/processing_system7_0/inst/buffer_fclk_clk_0.FCLK_CLK_0_BUFG/O
                         net (fo=1161, routed)        1.667   182.975    design_1_i/rst_ps7_0_50M/U0/slowest_sync_clk
    SLICE_X19Y34         FDRE                                         r  design_1_i/rst_ps7_0_50M/U0/ACTIVE_LOW_PR_OUT_DFF[0].FDRE_PER_N/C
  -------------------------------------------------------------------    -------------------
    SLICE_X19Y34         FDRE (Prop_fdre_C_Q)         0.456   183.431 r  design_1_i/rst_ps7_0_50M/U0/ACTIVE_LOW_PR_OUT_DFF[0].FDRE_PER_N/Q
                         net (fo=10, routed)          5.460   188.891    design_1_i/adc_sampler_0/inst/rst_n
    SLICE_X14Y39         LUT1 (Prop_lut1_I0_O)        0.119   189.010 f  design_1_i/adc_sampler_0/inst/clk_1K_i_2/O
                         net (fo=117, routed)         4.024   193.034    design_1_i/adc_sampler_0/inst/clk_1K_i_2_n_0
    SLICE_X20Y50         FDCE                                         f  design_1_i/adc_sampler_0/inst/counter_reg[7]/CLR
  -------------------------------------------------------------------    -------------------

                         (clock clk_fpga_1 rise edge)
                                                    200.000   200.000 r  
    PS7_X0Y0             PS7                          0.000   200.000 r  design_1_i/processing_system7_0/inst/PS7_i/FCLKCLK[1]
                         net (fo=1, routed)           1.101   201.101    design_1_i/processing_system7_0/inst/FCLK_CLK_unbuffered[1]
    BUFGCTRL_X0Y1        BUFG (Prop_bufg_I_O)         0.091   201.192 r  design_1_i/processing_system7_0/inst/buffer_fclk_clk_1.FCLK_CLK_1_BUFG/O
                         net (fo=118, routed)         1.490   202.682    design_1_i/adc_sampler_0/inst/clk
    SLICE_X20Y50         FDCE                                         r  design_1_i/adc_sampler_0/inst/counter_reg[7]/C
                         clock pessimism              0.000   202.682    
                         clock uncertainty           -3.015   199.667    
    SLICE_X20Y50         FDCE (Recov_fdce_C_CLR)     -0.527   199.140    design_1_i/adc_sampler_0/inst/counter_reg[7]
  -------------------------------------------------------------------
                         required time                        199.140    
                         arrival time                        -193.034    
  -------------------------------------------------------------------
                         slack                                  6.105    

Slack (MET) :             6.105ns  (required time - arrival time)
  Source:                 design_1_i/rst_ps7_0_50M/U0/ACTIVE_LOW_PR_OUT_DFF[0].FDRE_PER_N/C
                            (rising edge-triggered cell FDRE clocked by clk_fpga_0  {rise@0.000ns fall@10.000ns period=20.000ns})
  Destination:            design_1_i/adc_sampler_0/inst/counter_reg[8]/CLR
                            (recovery check against rising-edge clock clk_fpga_1  {rise@0.000ns fall@100.000ns period=200.000ns})
  Path Group:             **async_default**
  Path Type:              Recovery (Max at Slow Process Corner)
  Requirement:            20.000ns  (clk_fpga_1 rise@200.000ns - clk_fpga_0 rise@180.000ns)
  Data Path Delay:        10.059ns  (logic 0.575ns (5.716%)  route 9.484ns (94.284%))
  Logic Levels:           1  (LUT1=1)
  Clock Path Skew:        -0.293ns (DCD - SCD + CPR)
    Destination Clock Delay (DCD):    2.682ns = ( 202.682 - 200.000 ) 
    Source Clock Delay      (SCD):    2.975ns = ( 182.975 - 180.000 ) 
    Clock Pessimism Removal (CPR):    0.000ns
  Clock Uncertainty:      3.015ns  ((TSJ^2 + TIJ^2)^1/2 + DJ) / 2 + PE
    Total System Jitter     (TSJ):    0.071ns
    Total Input Jitter      (TIJ):    6.030ns
    Discrete Jitter          (DJ):    0.000ns
    Phase Error              (PE):    0.000ns
  Clock Domain Crossing:  Inter clock paths are considered valid unless explicitly excluded by timing constraints such as set_clock_groups or set_false_path.

    Location             Delay type                Incr(ns)  Path(ns)    Netlist Resource(s)
  -------------------------------------------------------------------    -------------------
                         (clock clk_fpga_0 rise edge)
                                                    180.000   180.000 r  
    PS7_X0Y0             PS7                          0.000   180.000 r  design_1_i/processing_system7_0/inst/PS7_i/FCLKCLK[0]
                         net (fo=1, routed)           1.207   181.207    design_1_i/processing_system7_0/inst/FCLK_CLK_unbuffered[0]
    BUFGCTRL_X0Y0        BUFG (Prop_bufg_I_O)         0.101   181.308 r  design_1_i/processing_system7_0/inst/buffer_fclk_clk_0.FCLK_CLK_0_BUFG/O
                         net (fo=1161, routed)        1.667   182.975    design_1_i/rst_ps7_0_50M/U0/slowest_sync_clk
    SLICE_X19Y34         FDRE                                         r  design_1_i/rst_ps7_0_50M/U0/ACTIVE_LOW_PR_OUT_DFF[0].FDRE_PER_N/C
  -------------------------------------------------------------------    -------------------
    SLICE_X19Y34         FDRE (Prop_fdre_C_Q)         0.456   183.431 r  design_1_i/rst_ps7_0_50M/U0/ACTIVE_LOW_PR_OUT_DFF[0].FDRE_PER_N/Q
                         net (fo=10, routed)          5.460   188.891    design_1_i/adc_sampler_0/inst/rst_n
    SLICE_X14Y39         LUT1 (Prop_lut1_I0_O)        0.119   189.010 f  design_1_i/adc_sampler_0/inst/clk_1K_i_2/O
                         net (fo=117, routed)         4.024   193.034    design_1_i/adc_sampler_0/inst/clk_1K_i_2_n_0
    SLICE_X20Y50         FDCE                                         f  design_1_i/adc_sampler_0/inst/counter_reg[8]/CLR
  -------------------------------------------------------------------    -------------------

                         (clock clk_fpga_1 rise edge)
                                                    200.000   200.000 r  
    PS7_X0Y0             PS7                          0.000   200.000 r  design_1_i/processing_system7_0/inst/PS7_i/FCLKCLK[1]
                         net (fo=1, routed)           1.101   201.101    design_1_i/processing_system7_0/inst/FCLK_CLK_unbuffered[1]
    BUFGCTRL_X0Y1        BUFG (Prop_bufg_I_O)         0.091   201.192 r  design_1_i/processing_system7_0/inst/buffer_fclk_clk_1.FCLK_CLK_1_BUFG/O
                         net (fo=118, routed)         1.490   202.682    design_1_i/adc_sampler_0/inst/clk
    SLICE_X20Y50         FDCE                                         r  design_1_i/adc_sampler_0/inst/counter_reg[8]/C
                         clock pessimism              0.000   202.682    
                         clock uncertainty           -3.015   199.667    
    SLICE_X20Y50         FDCE (Recov_fdce_C_CLR)     -0.527   199.140    design_1_i/adc_sampler_0/inst/counter_reg[8]
  -------------------------------------------------------------------
                         required time                        199.140    
                         arrival time                        -193.034    
  -------------------------------------------------------------------
                         slack                                  6.105    

Slack (MET) :             6.106ns  (required time - arrival time)
  Source:                 design_1_i/rst_ps7_0_50M/U0/ACTIVE_LOW_PR_OUT_DFF[0].FDRE_PER_N/C
                            (rising edge-triggered cell FDRE clocked by clk_fpga_0  {rise@0.000ns fall@10.000ns period=20.000ns})
  Destination:            design_1_i/adc_sampler_0/inst/average_value_adc1_reg[10]/CLR
                            (recovery check against rising-edge clock clk_fpga_1  {rise@0.000ns fall@100.000ns period=200.000ns})
  Path Group:             **async_default**
  Path Type:              Recovery (Max at Slow Process Corner)
  Requirement:            20.000ns  (clk_fpga_1 rise@200.000ns - clk_fpga_0 rise@180.000ns)
  Data Path Delay:        9.982ns  (logic 0.575ns (5.760%)  route 9.407ns (94.240%))
  Logic Levels:           1  (LUT1=1)
  Clock Path Skew:        -0.284ns (DCD - SCD + CPR)
    Destination Clock Delay (DCD):    2.691ns = ( 202.691 - 200.000 ) 
    Source Clock Delay      (SCD):    2.975ns = ( 182.975 - 180.000 ) 
    Clock Pessimism Removal (CPR):    0.000ns
  Clock Uncertainty:      3.015ns  ((TSJ^2 + TIJ^2)^1/2 + DJ) / 2 + PE
    Total System Jitter     (TSJ):    0.071ns
    Total Input Jitter      (TIJ):    6.030ns
    Discrete Jitter          (DJ):    0.000ns
    Phase Error              (PE):    0.000ns
  Clock Domain Crossing:  Inter clock paths are considered valid unless explicitly excluded by timing constraints such as set_clock_groups or set_false_path.

    Location             Delay type                Incr(ns)  Path(ns)    Netlist Resource(s)
  -------------------------------------------------------------------    -------------------
                         (clock clk_fpga_0 rise edge)
                                                    180.000   180.000 r  
    PS7_X0Y0             PS7                          0.000   180.000 r  design_1_i/processing_system7_0/inst/PS7_i/FCLKCLK[0]
                         net (fo=1, routed)           1.207   181.207    design_1_i/processing_system7_0/inst/FCLK_CLK_unbuffered[0]
    BUFGCTRL_X0Y0        BUFG (Prop_bufg_I_O)         0.101   181.308 r  design_1_i/processing_system7_0/inst/buffer_fclk_clk_0.FCLK_CLK_0_BUFG/O
                         net (fo=1161, routed)        1.667   182.975    design_1_i/rst_ps7_0_50M/U0/slowest_sync_clk
    SLICE_X19Y34         FDRE                                         r  design_1_i/rst_ps7_0_50M/U0/ACTIVE_LOW_PR_OUT_DFF[0].FDRE_PER_N/C
  -------------------------------------------------------------------    -------------------
    SLICE_X19Y34         FDRE (Prop_fdre_C_Q)         0.456   183.431 r  design_1_i/rst_ps7_0_50M/U0/ACTIVE_LOW_PR_OUT_DFF[0].FDRE_PER_N/Q
                         net (fo=10, routed)          5.460   188.891    design_1_i/adc_sampler_0/inst/rst_n
    SLICE_X14Y39         LUT1 (Prop_lut1_I0_O)        0.119   189.010 f  design_1_i/adc_sampler_0/inst/clk_1K_i_2/O
                         net (fo=117, routed)         3.947   192.957    design_1_i/adc_sampler_0/inst/clk_1K_i_2_n_0
    SLICE_X21Y44         FDCE                                         f  design_1_i/adc_sampler_0/inst/average_value_adc1_reg[10]/CLR
  -------------------------------------------------------------------    -------------------

                         (clock clk_fpga_1 rise edge)
                                                    200.000   200.000 r  
    PS7_X0Y0             PS7                          0.000   200.000 r  design_1_i/processing_system7_0/inst/PS7_i/FCLKCLK[1]
                         net (fo=1, routed)           1.101   201.101    design_1_i/processing_system7_0/inst/FCLK_CLK_unbuffered[1]
    BUFGCTRL_X0Y1        BUFG (Prop_bufg_I_O)         0.091   201.192 r  design_1_i/processing_system7_0/inst/buffer_fclk_clk_1.FCLK_CLK_1_BUFG/O
                         net (fo=118, routed)         1.499   202.692    design_1_i/adc_sampler_0/inst/clk
    SLICE_X21Y44         FDCE                                         r  design_1_i/adc_sampler_0/inst/average_value_adc1_reg[10]/C
                         clock pessimism              0.000   202.692    
                         clock uncertainty           -3.015   199.676    
    SLICE_X21Y44         FDCE (Recov_fdce_C_CLR)     -0.613   199.063    design_1_i/adc_sampler_0/inst/average_value_adc1_reg[10]
  -------------------------------------------------------------------
                         required time                        199.063    
                         arrival time                        -192.957    
  -------------------------------------------------------------------
                         slack                                  6.106    





Min Delay Paths
--------------------------------------------------------------------------------------
Slack (MET) :             1.550ns  (arrival time - required time)
  Source:                 design_1_i/rst_ps7_0_50M/U0/ACTIVE_LOW_PR_OUT_DFF[0].FDRE_PER_N/C
                            (rising edge-triggered cell FDRE clocked by clk_fpga_0  {rise@0.000ns fall@10.000ns period=20.000ns})
  Destination:            design_1_i/adc_sampler_0/inst/adc1_data_reg[0]/CLR
                            (removal check against rising-edge clock clk_fpga_1  {rise@0.000ns fall@100.000ns period=200.000ns})
  Path Group:             **async_default**
  Path Type:              Removal (Min at Fast Process Corner)
  Requirement:            0.000ns  (clk_fpga_1 rise@0.000ns - clk_fpga_0 rise@0.000ns)
  Data Path Delay:        4.702ns  (logic 0.190ns (4.041%)  route 4.512ns (95.959%))
  Logic Levels:           1  (LUT1=1)
  Clock Path Skew:        0.296ns (DCD - SCD - CPR)
    Destination Clock Delay (DCD):    1.196ns
    Source Clock Delay      (SCD):    0.900ns
    Clock Pessimism Removal (CPR):    -0.000ns
  Clock Uncertainty:      3.015ns  ((TSJ^2 + TIJ^2)^1/2 + DJ) / 2 + PE
    Total System Jitter     (TSJ):    0.071ns
    Total Input Jitter      (TIJ):    6.030ns
    Discrete Jitter          (DJ):    0.000ns
    Phase Error              (PE):    0.000ns
  Clock Domain Crossing:  Inter clock paths are considered valid unless explicitly excluded by timing constraints such as set_clock_groups or set_false_path.

    Location             Delay type                Incr(ns)  Path(ns)    Netlist Resource(s)
  -------------------------------------------------------------------    -------------------
                         (clock clk_fpga_0 rise edge)
                                                      0.000     0.000 r  
    PS7_X0Y0             PS7                          0.000     0.000 r  design_1_i/processing_system7_0/inst/PS7_i/FCLKCLK[0]
                         net (fo=1, routed)           0.315     0.315    design_1_i/processing_system7_0/inst/FCLK_CLK_unbuffered[0]
    BUFGCTRL_X0Y0        BUFG (Prop_bufg_I_O)         0.026     0.341 r  design_1_i/processing_system7_0/inst/buffer_fclk_clk_0.FCLK_CLK_0_BUFG/O
                         net (fo=1161, routed)        0.559     0.900    design_1_i/rst_ps7_0_50M/U0/slowest_sync_clk
    SLICE_X19Y34         FDRE                                         r  design_1_i/rst_ps7_0_50M/U0/ACTIVE_LOW_PR_OUT_DFF[0].FDRE_PER_N/C
  -------------------------------------------------------------------    -------------------
    SLICE_X19Y34         FDRE (Prop_fdre_C_Q)         0.141     1.041 r  design_1_i/rst_ps7_0_50M/U0/ACTIVE_LOW_PR_OUT_DFF[0].FDRE_PER_N/Q
                         net (fo=10, routed)          2.972     4.013    design_1_i/adc_sampler_0/inst/rst_n
    SLICE_X14Y39         LUT1 (Prop_lut1_I0_O)        0.049     4.062 f  design_1_i/adc_sampler_0/inst/clk_1K_i_2/O
                         net (fo=117, routed)         1.540     5.602    design_1_i/adc_sampler_0/inst/clk_1K_i_2_n_0
    SLICE_X23Y38         FDCE                                         f  design_1_i/adc_sampler_0/inst/adc1_data_reg[0]/CLR
  -------------------------------------------------------------------    -------------------

                         (clock clk_fpga_1 rise edge)
                                                      0.000     0.000 r  
    PS7_X0Y0             PS7                          0.000     0.000 r  design_1_i/processing_system7_0/inst/PS7_i/FCLKCLK[1]
                         net (fo=1, routed)           0.341     0.341    design_1_i/processing_system7_0/inst/FCLK_CLK_unbuffered[1]
    BUFGCTRL_X0Y1        BUFG (Prop_bufg_I_O)         0.029     0.370 r  design_1_i/processing_system7_0/inst/buffer_fclk_clk_1.FCLK_CLK_1_BUFG/O
                         net (fo=118, routed)         0.826     1.196    design_1_i/adc_sampler_0/inst/clk
    SLICE_X23Y38         FDCE                                         r  design_1_i/adc_sampler_0/inst/adc1_data_reg[0]/C
                         clock pessimism              0.000     1.196    
                         clock uncertainty            3.015     4.211    
    SLICE_X23Y38         FDCE (Remov_fdce_C_CLR)     -0.159     4.052    design_1_i/adc_sampler_0/inst/adc1_data_reg[0]
  -------------------------------------------------------------------
                         required time                         -4.052    
                         arrival time                           5.602    
  -------------------------------------------------------------------
                         slack                                  1.550    

Slack (MET) :             1.560ns  (arrival time - required time)
  Source:                 design_1_i/rst_ps7_0_50M/U0/ACTIVE_LOW_PR_OUT_DFF[0].FDRE_PER_N/C
                            (rising edge-triggered cell FDRE clocked by clk_fpga_0  {rise@0.000ns fall@10.000ns period=20.000ns})
  Destination:            design_1_i/adc_sampler_0/inst/adc1_data_reg[11]/CLR
                            (removal check against rising-edge clock clk_fpga_1  {rise@0.000ns fall@100.000ns period=200.000ns})
  Path Group:             **async_default**
  Path Type:              Removal (Min at Fast Process Corner)
  Requirement:            0.000ns  (clk_fpga_1 rise@0.000ns - clk_fpga_0 rise@0.000ns)
  Data Path Delay:        4.714ns  (logic 0.190ns (4.030%)  route 4.524ns (95.970%))
  Logic Levels:           1  (LUT1=1)
  Clock Path Skew:        0.298ns (DCD - SCD - CPR)
    Destination Clock Delay (DCD):    1.198ns
    Source Clock Delay      (SCD):    0.900ns
    Clock Pessimism Removal (CPR):    -0.000ns
  Clock Uncertainty:      3.015ns  ((TSJ^2 + TIJ^2)^1/2 + DJ) / 2 + PE
    Total System Jitter     (TSJ):    0.071ns
    Total Input Jitter      (TIJ):    6.030ns
    Discrete Jitter          (DJ):    0.000ns
    Phase Error              (PE):    0.000ns
  Clock Domain Crossing:  Inter clock paths are considered valid unless explicitly excluded by timing constraints such as set_clock_groups or set_false_path.

    Location             Delay type                Incr(ns)  Path(ns)    Netlist Resource(s)
  -------------------------------------------------------------------    -------------------
                         (clock clk_fpga_0 rise edge)
                                                      0.000     0.000 r  
    PS7_X0Y0             PS7                          0.000     0.000 r  design_1_i/processing_system7_0/inst/PS7_i/FCLKCLK[0]
                         net (fo=1, routed)           0.315     0.315    design_1_i/processing_system7_0/inst/FCLK_CLK_unbuffered[0]
    BUFGCTRL_X0Y0        BUFG (Prop_bufg_I_O)         0.026     0.341 r  design_1_i/processing_system7_0/inst/buffer_fclk_clk_0.FCLK_CLK_0_BUFG/O
                         net (fo=1161, routed)        0.559     0.900    design_1_i/rst_ps7_0_50M/U0/slowest_sync_clk
    SLICE_X19Y34         FDRE                                         r  design_1_i/rst_ps7_0_50M/U0/ACTIVE_LOW_PR_OUT_DFF[0].FDRE_PER_N/C
  -------------------------------------------------------------------    -------------------
    SLICE_X19Y34         FDRE (Prop_fdre_C_Q)         0.141     1.041 r  design_1_i/rst_ps7_0_50M/U0/ACTIVE_LOW_PR_OUT_DFF[0].FDRE_PER_N/Q
                         net (fo=10, routed)          2.972     4.013    design_1_i/adc_sampler_0/inst/rst_n
    SLICE_X14Y39         LUT1 (Prop_lut1_I0_O)        0.049     4.062 f  design_1_i/adc_sampler_0/inst/clk_1K_i_2/O
                         net (fo=117, routed)         1.552     5.614    design_1_i/adc_sampler_0/inst/clk_1K_i_2_n_0
    SLICE_X23Y43         FDCE                                         f  design_1_i/adc_sampler_0/inst/adc1_data_reg[11]/CLR
  -------------------------------------------------------------------    -------------------

                         (clock clk_fpga_1 rise edge)
                                                      0.000     0.000 r  
    PS7_X0Y0             PS7                          0.000     0.000 r  design_1_i/processing_system7_0/inst/PS7_i/FCLKCLK[1]
                         net (fo=1, routed)           0.341     0.341    design_1_i/processing_system7_0/inst/FCLK_CLK_unbuffered[1]
    BUFGCTRL_X0Y1        BUFG (Prop_bufg_I_O)         0.029     0.370 r  design_1_i/processing_system7_0/inst/buffer_fclk_clk_1.FCLK_CLK_1_BUFG/O
                         net (fo=118, routed)         0.828     1.198    design_1_i/adc_sampler_0/inst/clk
    SLICE_X23Y43         FDCE                                         r  design_1_i/adc_sampler_0/inst/adc1_data_reg[11]/C
                         clock pessimism              0.000     1.198    
                         clock uncertainty            3.015     4.213    
    SLICE_X23Y43         FDCE (Remov_fdce_C_CLR)     -0.159     4.054    design_1_i/adc_sampler_0/inst/adc1_data_reg[11]
  -------------------------------------------------------------------
                         required time                         -4.054    
                         arrival time                           5.614    
  -------------------------------------------------------------------
                         slack                                  1.560    

Slack (MET) :             1.560ns  (arrival time - required time)
  Source:                 design_1_i/rst_ps7_0_50M/U0/ACTIVE_LOW_PR_OUT_DFF[0].FDRE_PER_N/C
                            (rising edge-triggered cell FDRE clocked by clk_fpga_0  {rise@0.000ns fall@10.000ns period=20.000ns})
  Destination:            design_1_i/adc_sampler_0/inst/adc1_data_reg[9]/CLR
                            (removal check against rising-edge clock clk_fpga_1  {rise@0.000ns fall@100.000ns period=200.000ns})
  Path Group:             **async_default**
  Path Type:              Removal (Min at Fast Process Corner)
  Requirement:            0.000ns  (clk_fpga_1 rise@0.000ns - clk_fpga_0 rise@0.000ns)
  Data Path Delay:        4.714ns  (logic 0.190ns (4.030%)  route 4.524ns (95.970%))
  Logic Levels:           1  (LUT1=1)
  Clock Path Skew:        0.298ns (DCD - SCD - CPR)
    Destination Clock Delay (DCD):    1.198ns
    Source Clock Delay      (SCD):    0.900ns
    Clock Pessimism Removal (CPR):    -0.000ns
  Clock Uncertainty:      3.015ns  ((TSJ^2 + TIJ^2)^1/2 + DJ) / 2 + PE
    Total System Jitter     (TSJ):    0.071ns
    Total Input Jitter      (TIJ):    6.030ns
    Discrete Jitter          (DJ):    0.000ns
    Phase Error              (PE):    0.000ns
  Clock Domain Crossing:  Inter clock paths are considered valid unless explicitly excluded by timing constraints such as set_clock_groups or set_false_path.

    Location             Delay type                Incr(ns)  Path(ns)    Netlist Resource(s)
  -------------------------------------------------------------------    -------------------
                         (clock clk_fpga_0 rise edge)
                                                      0.000     0.000 r  
    PS7_X0Y0             PS7                          0.000     0.000 r  design_1_i/processing_system7_0/inst/PS7_i/FCLKCLK[0]
                         net (fo=1, routed)           0.315     0.315    design_1_i/processing_system7_0/inst/FCLK_CLK_unbuffered[0]
    BUFGCTRL_X0Y0        BUFG (Prop_bufg_I_O)         0.026     0.341 r  design_1_i/processing_system7_0/inst/buffer_fclk_clk_0.FCLK_CLK_0_BUFG/O
                         net (fo=1161, routed)        0.559     0.900    design_1_i/rst_ps7_0_50M/U0/slowest_sync_clk
    SLICE_X19Y34         FDRE                                         r  design_1_i/rst_ps7_0_50M/U0/ACTIVE_LOW_PR_OUT_DFF[0].FDRE_PER_N/C
  -------------------------------------------------------------------    -------------------
    SLICE_X19Y34         FDRE (Prop_fdre_C_Q)         0.141     1.041 r  design_1_i/rst_ps7_0_50M/U0/ACTIVE_LOW_PR_OUT_DFF[0].FDRE_PER_N/Q
                         net (fo=10, routed)          2.972     4.013    design_1_i/adc_sampler_0/inst/rst_n
    SLICE_X14Y39         LUT1 (Prop_lut1_I0_O)        0.049     4.062 f  design_1_i/adc_sampler_0/inst/clk_1K_i_2/O
                         net (fo=117, routed)         1.552     5.614    design_1_i/adc_sampler_0/inst/clk_1K_i_2_n_0
    SLICE_X23Y43         FDCE                                         f  design_1_i/adc_sampler_0/inst/adc1_data_reg[9]/CLR
  -------------------------------------------------------------------    -------------------

                         (clock clk_fpga_1 rise edge)
                                                      0.000     0.000 r  
    PS7_X0Y0             PS7                          0.000     0.000 r  design_1_i/processing_system7_0/inst/PS7_i/FCLKCLK[1]
                         net (fo=1, routed)           0.341     0.341    design_1_i/processing_system7_0/inst/FCLK_CLK_unbuffered[1]
    BUFGCTRL_X0Y1        BUFG (Prop_bufg_I_O)         0.029     0.370 r  design_1_i/processing_system7_0/inst/buffer_fclk_clk_1.FCLK_CLK_1_BUFG/O
                         net (fo=118, routed)         0.828     1.198    design_1_i/adc_sampler_0/inst/clk
    SLICE_X23Y43         FDCE                                         r  design_1_i/adc_sampler_0/inst/adc1_data_reg[9]/C
                         clock pessimism              0.000     1.198    
                         clock uncertainty            3.015     4.213    
    SLICE_X23Y43         FDCE (Remov_fdce_C_CLR)     -0.159     4.054    design_1_i/adc_sampler_0/inst/adc1_data_reg[9]
  -------------------------------------------------------------------
                         required time                         -4.054    
                         arrival time                           5.614    
  -------------------------------------------------------------------
                         slack                                  1.560    

Slack (MET) :             1.564ns  (arrival time - required time)
  Source:                 design_1_i/rst_ps7_0_50M/U0/ACTIVE_LOW_PR_OUT_DFF[0].FDRE_PER_N/C
                            (rising edge-triggered cell FDRE clocked by clk_fpga_0  {rise@0.000ns fall@10.000ns period=20.000ns})
  Destination:            design_1_i/adc_sampler_0/inst/counter_reg[10]/CLR
                            (removal check against rising-edge clock clk_fpga_1  {rise@0.000ns fall@100.000ns period=200.000ns})
  Path Group:             **async_default**
  Path Type:              Removal (Min at Fast Process Corner)
  Requirement:            0.000ns  (clk_fpga_1 rise@0.000ns - clk_fpga_0 rise@0.000ns)
  Data Path Delay:        4.722ns  (logic 0.190ns (4.024%)  route 4.532ns (95.976%))
  Logic Levels:           1  (LUT1=1)
  Clock Path Skew:        0.301ns (DCD - SCD - CPR)
    Destination Clock Delay (DCD):    1.201ns
    Source Clock Delay      (SCD):    0.900ns
    Clock Pessimism Removal (CPR):    -0.000ns
  Clock Uncertainty:      3.015ns  ((TSJ^2 + TIJ^2)^1/2 + DJ) / 2 + PE
    Total System Jitter     (TSJ):    0.071ns
    Total Input Jitter      (TIJ):    6.030ns
    Discrete Jitter          (DJ):    0.000ns
    Phase Error              (PE):    0.000ns
  Clock Domain Crossing:  Inter clock paths are considered valid unless explicitly excluded by timing constraints such as set_clock_groups or set_false_path.

    Location             Delay type                Incr(ns)  Path(ns)    Netlist Resource(s)
  -------------------------------------------------------------------    -------------------
                         (clock clk_fpga_0 rise edge)
                                                      0.000     0.000 r  
    PS7_X0Y0             PS7                          0.000     0.000 r  design_1_i/processing_system7_0/inst/PS7_i/FCLKCLK[0]
                         net (fo=1, routed)           0.315     0.315    design_1_i/processing_system7_0/inst/FCLK_CLK_unbuffered[0]
    BUFGCTRL_X0Y0        BUFG (Prop_bufg_I_O)         0.026     0.341 r  design_1_i/processing_system7_0/inst/buffer_fclk_clk_0.FCLK_CLK_0_BUFG/O
                         net (fo=1161, routed)        0.559     0.900    design_1_i/rst_ps7_0_50M/U0/slowest_sync_clk
    SLICE_X19Y34         FDRE                                         r  design_1_i/rst_ps7_0_50M/U0/ACTIVE_LOW_PR_OUT_DFF[0].FDRE_PER_N/C
  -------------------------------------------------------------------    -------------------
    SLICE_X19Y34         FDRE (Prop_fdre_C_Q)         0.141     1.041 r  design_1_i/rst_ps7_0_50M/U0/ACTIVE_LOW_PR_OUT_DFF[0].FDRE_PER_N/Q
                         net (fo=10, routed)          2.972     4.013    design_1_i/adc_sampler_0/inst/rst_n
    SLICE_X14Y39         LUT1 (Prop_lut1_I0_O)        0.049     4.062 f  design_1_i/adc_sampler_0/inst/clk_1K_i_2/O
                         net (fo=117, routed)         1.559     5.621    design_1_i/adc_sampler_0/inst/clk_1K_i_2_n_0
    SLICE_X18Y51         FDCE                                         f  design_1_i/adc_sampler_0/inst/counter_reg[10]/CLR
  -------------------------------------------------------------------    -------------------

                         (clock clk_fpga_1 rise edge)
                                                      0.000     0.000 r  
    PS7_X0Y0             PS7                          0.000     0.000 r  design_1_i/processing_system7_0/inst/PS7_i/FCLKCLK[1]
                         net (fo=1, routed)           0.341     0.341    design_1_i/processing_system7_0/inst/FCLK_CLK_unbuffered[1]
    BUFGCTRL_X0Y1        BUFG (Prop_bufg_I_O)         0.029     0.370 r  design_1_i/processing_system7_0/inst/buffer_fclk_clk_1.FCLK_CLK_1_BUFG/O
                         net (fo=118, routed)         0.831     1.201    design_1_i/adc_sampler_0/inst/clk
    SLICE_X18Y51         FDCE                                         r  design_1_i/adc_sampler_0/inst/counter_reg[10]/C
                         clock pessimism              0.000     1.201    
                         clock uncertainty            3.015     4.216    
    SLICE_X18Y51         FDCE (Remov_fdce_C_CLR)     -0.159     4.057    design_1_i/adc_sampler_0/inst/counter_reg[10]
  -------------------------------------------------------------------
                         required time                         -4.057    
                         arrival time                           5.621    
  -------------------------------------------------------------------
                         slack                                  1.564    

Slack (MET) :             1.564ns  (arrival time - required time)
  Source:                 design_1_i/rst_ps7_0_50M/U0/ACTIVE_LOW_PR_OUT_DFF[0].FDRE_PER_N/C
                            (rising edge-triggered cell FDRE clocked by clk_fpga_0  {rise@0.000ns fall@10.000ns period=20.000ns})
  Destination:            design_1_i/adc_sampler_0/inst/counter_reg[11]/CLR
                            (removal check against rising-edge clock clk_fpga_1  {rise@0.000ns fall@100.000ns period=200.000ns})
  Path Group:             **async_default**
  Path Type:              Removal (Min at Fast Process Corner)
  Requirement:            0.000ns  (clk_fpga_1 rise@0.000ns - clk_fpga_0 rise@0.000ns)
  Data Path Delay:        4.722ns  (logic 0.190ns (4.024%)  route 4.532ns (95.976%))
  Logic Levels:           1  (LUT1=1)
  Clock Path Skew:        0.301ns (DCD - SCD - CPR)
    Destination Clock Delay (DCD):    1.201ns
    Source Clock Delay      (SCD):    0.900ns
    Clock Pessimism Removal (CPR):    -0.000ns
  Clock Uncertainty:      3.015ns  ((TSJ^2 + TIJ^2)^1/2 + DJ) / 2 + PE
    Total System Jitter     (TSJ):    0.071ns
    Total Input Jitter      (TIJ):    6.030ns
    Discrete Jitter          (DJ):    0.000ns
    Phase Error              (PE):    0.000ns
  Clock Domain Crossing:  Inter clock paths are considered valid unless explicitly excluded by timing constraints such as set_clock_groups or set_false_path.

    Location             Delay type                Incr(ns)  Path(ns)    Netlist Resource(s)
  -------------------------------------------------------------------    -------------------
                         (clock clk_fpga_0 rise edge)
                                                      0.000     0.000 r  
    PS7_X0Y0             PS7                          0.000     0.000 r  design_1_i/processing_system7_0/inst/PS7_i/FCLKCLK[0]
                         net (fo=1, routed)           0.315     0.315    design_1_i/processing_system7_0/inst/FCLK_CLK_unbuffered[0]
    BUFGCTRL_X0Y0        BUFG (Prop_bufg_I_O)         0.026     0.341 r  design_1_i/processing_system7_0/inst/buffer_fclk_clk_0.FCLK_CLK_0_BUFG/O
                         net (fo=1161, routed)        0.559     0.900    design_1_i/rst_ps7_0_50M/U0/slowest_sync_clk
    SLICE_X19Y34         FDRE                                         r  design_1_i/rst_ps7_0_50M/U0/ACTIVE_LOW_PR_OUT_DFF[0].FDRE_PER_N/C
  -------------------------------------------------------------------    -------------------
    SLICE_X19Y34         FDRE (Prop_fdre_C_Q)         0.141     1.041 r  design_1_i/rst_ps7_0_50M/U0/ACTIVE_LOW_PR_OUT_DFF[0].FDRE_PER_N/Q
                         net (fo=10, routed)          2.972     4.013    design_1_i/adc_sampler_0/inst/rst_n
    SLICE_X14Y39         LUT1 (Prop_lut1_I0_O)        0.049     4.062 f  design_1_i/adc_sampler_0/inst/clk_1K_i_2/O
                         net (fo=117, routed)         1.559     5.621    design_1_i/adc_sampler_0/inst/clk_1K_i_2_n_0
    SLICE_X18Y51         FDCE                                         f  design_1_i/adc_sampler_0/inst/counter_reg[11]/CLR
  -------------------------------------------------------------------    -------------------

                         (clock clk_fpga_1 rise edge)
                                                      0.000     0.000 r  
    PS7_X0Y0             PS7                          0.000     0.000 r  design_1_i/processing_system7_0/inst/PS7_i/FCLKCLK[1]
                         net (fo=1, routed)           0.341     0.341    design_1_i/processing_system7_0/inst/FCLK_CLK_unbuffered[1]
    BUFGCTRL_X0Y1        BUFG (Prop_bufg_I_O)         0.029     0.370 r  design_1_i/processing_system7_0/inst/buffer_fclk_clk_1.FCLK_CLK_1_BUFG/O
                         net (fo=118, routed)         0.831     1.201    design_1_i/adc_sampler_0/inst/clk
    SLICE_X18Y51         FDCE                                         r  design_1_i/adc_sampler_0/inst/counter_reg[11]/C
                         clock pessimism              0.000     1.201    
                         clock uncertainty            3.015     4.216    
    SLICE_X18Y51         FDCE (Remov_fdce_C_CLR)     -0.159     4.057    design_1_i/adc_sampler_0/inst/counter_reg[11]
  -------------------------------------------------------------------
                         required time                         -4.057    
                         arrival time                           5.621    
  -------------------------------------------------------------------
                         slack                                  1.564    

Slack (MET) :             1.564ns  (arrival time - required time)
  Source:                 design_1_i/rst_ps7_0_50M/U0/ACTIVE_LOW_PR_OUT_DFF[0].FDRE_PER_N/C
                            (rising edge-triggered cell FDRE clocked by clk_fpga_0  {rise@0.000ns fall@10.000ns period=20.000ns})
  Destination:            design_1_i/adc_sampler_0/inst/counter_reg[12]/CLR
                            (removal check against rising-edge clock clk_fpga_1  {rise@0.000ns fall@100.000ns period=200.000ns})
  Path Group:             **async_default**
  Path Type:              Removal (Min at Fast Process Corner)
  Requirement:            0.000ns  (clk_fpga_1 rise@0.000ns - clk_fpga_0 rise@0.000ns)
  Data Path Delay:        4.722ns  (logic 0.190ns (4.024%)  route 4.532ns (95.976%))
  Logic Levels:           1  (LUT1=1)
  Clock Path Skew:        0.301ns (DCD - SCD - CPR)
    Destination Clock Delay (DCD):    1.201ns
    Source Clock Delay      (SCD):    0.900ns
    Clock Pessimism Removal (CPR):    -0.000ns
  Clock Uncertainty:      3.015ns  ((TSJ^2 + TIJ^2)^1/2 + DJ) / 2 + PE
    Total System Jitter     (TSJ):    0.071ns
    Total Input Jitter      (TIJ):    6.030ns
    Discrete Jitter          (DJ):    0.000ns
    Phase Error              (PE):    0.000ns
  Clock Domain Crossing:  Inter clock paths are considered valid unless explicitly excluded by timing constraints such as set_clock_groups or set_false_path.

    Location             Delay type                Incr(ns)  Path(ns)    Netlist Resource(s)
  -------------------------------------------------------------------    -------------------
                         (clock clk_fpga_0 rise edge)
                                                      0.000     0.000 r  
    PS7_X0Y0             PS7                          0.000     0.000 r  design_1_i/processing_system7_0/inst/PS7_i/FCLKCLK[0]
                         net (fo=1, routed)           0.315     0.315    design_1_i/processing_system7_0/inst/FCLK_CLK_unbuffered[0]
    BUFGCTRL_X0Y0        BUFG (Prop_bufg_I_O)         0.026     0.341 r  design_1_i/processing_system7_0/inst/buffer_fclk_clk_0.FCLK_CLK_0_BUFG/O
                         net (fo=1161, routed)        0.559     0.900    design_1_i/rst_ps7_0_50M/U0/slowest_sync_clk
    SLICE_X19Y34         FDRE                                         r  design_1_i/rst_ps7_0_50M/U0/ACTIVE_LOW_PR_OUT_DFF[0].FDRE_PER_N/C
  -------------------------------------------------------------------    -------------------
    SLICE_X19Y34         FDRE (Prop_fdre_C_Q)         0.141     1.041 r  design_1_i/rst_ps7_0_50M/U0/ACTIVE_LOW_PR_OUT_DFF[0].FDRE_PER_N/Q
                         net (fo=10, routed)          2.972     4.013    design_1_i/adc_sampler_0/inst/rst_n
    SLICE_X14Y39         LUT1 (Prop_lut1_I0_O)        0.049     4.062 f  design_1_i/adc_sampler_0/inst/clk_1K_i_2/O
                         net (fo=117, routed)         1.559     5.621    design_1_i/adc_sampler_0/inst/clk_1K_i_2_n_0
    SLICE_X18Y51         FDCE                                         f  design_1_i/adc_sampler_0/inst/counter_reg[12]/CLR
  -------------------------------------------------------------------    -------------------

                         (clock clk_fpga_1 rise edge)
                                                      0.000     0.000 r  
    PS7_X0Y0             PS7                          0.000     0.000 r  design_1_i/processing_system7_0/inst/PS7_i/FCLKCLK[1]
                         net (fo=1, routed)           0.341     0.341    design_1_i/processing_system7_0/inst/FCLK_CLK_unbuffered[1]
    BUFGCTRL_X0Y1        BUFG (Prop_bufg_I_O)         0.029     0.370 r  design_1_i/processing_system7_0/inst/buffer_fclk_clk_1.FCLK_CLK_1_BUFG/O
                         net (fo=118, routed)         0.831     1.201    design_1_i/adc_sampler_0/inst/clk
    SLICE_X18Y51         FDCE                                         r  design_1_i/adc_sampler_0/inst/counter_reg[12]/C
                         clock pessimism              0.000     1.201    
                         clock uncertainty            3.015     4.216    
    SLICE_X18Y51         FDCE (Remov_fdce_C_CLR)     -0.159     4.057    design_1_i/adc_sampler_0/inst/counter_reg[12]
  -------------------------------------------------------------------
                         required time                         -4.057    
                         arrival time                           5.621    
  -------------------------------------------------------------------
                         slack                                  1.564    

Slack (MET) :             1.564ns  (arrival time - required time)
  Source:                 design_1_i/rst_ps7_0_50M/U0/ACTIVE_LOW_PR_OUT_DFF[0].FDRE_PER_N/C
                            (rising edge-triggered cell FDRE clocked by clk_fpga_0  {rise@0.000ns fall@10.000ns period=20.000ns})
  Destination:            design_1_i/adc_sampler_0/inst/counter_reg[9]/CLR
                            (removal check against rising-edge clock clk_fpga_1  {rise@0.000ns fall@100.000ns period=200.000ns})
  Path Group:             **async_default**
  Path Type:              Removal (Min at Fast Process Corner)
  Requirement:            0.000ns  (clk_fpga_1 rise@0.000ns - clk_fpga_0 rise@0.000ns)
  Data Path Delay:        4.722ns  (logic 0.190ns (4.024%)  route 4.532ns (95.976%))
  Logic Levels:           1  (LUT1=1)
  Clock Path Skew:        0.301ns (DCD - SCD - CPR)
    Destination Clock Delay (DCD):    1.201ns
    Source Clock Delay      (SCD):    0.900ns
    Clock Pessimism Removal (CPR):    -0.000ns
  Clock Uncertainty:      3.015ns  ((TSJ^2 + TIJ^2)^1/2 + DJ) / 2 + PE
    Total System Jitter     (TSJ):    0.071ns
    Total Input Jitter      (TIJ):    6.030ns
    Discrete Jitter          (DJ):    0.000ns
    Phase Error              (PE):    0.000ns
  Clock Domain Crossing:  Inter clock paths are considered valid unless explicitly excluded by timing constraints such as set_clock_groups or set_false_path.

    Location             Delay type                Incr(ns)  Path(ns)    Netlist Resource(s)
  -------------------------------------------------------------------    -------------------
                         (clock clk_fpga_0 rise edge)
                                                      0.000     0.000 r  
    PS7_X0Y0             PS7                          0.000     0.000 r  design_1_i/processing_system7_0/inst/PS7_i/FCLKCLK[0]
                         net (fo=1, routed)           0.315     0.315    design_1_i/processing_system7_0/inst/FCLK_CLK_unbuffered[0]
    BUFGCTRL_X0Y0        BUFG (Prop_bufg_I_O)         0.026     0.341 r  design_1_i/processing_system7_0/inst/buffer_fclk_clk_0.FCLK_CLK_0_BUFG/O
                         net (fo=1161, routed)        0.559     0.900    design_1_i/rst_ps7_0_50M/U0/slowest_sync_clk
    SLICE_X19Y34         FDRE                                         r  design_1_i/rst_ps7_0_50M/U0/ACTIVE_LOW_PR_OUT_DFF[0].FDRE_PER_N/C
  -------------------------------------------------------------------    -------------------
    SLICE_X19Y34         FDRE (Prop_fdre_C_Q)         0.141     1.041 r  design_1_i/rst_ps7_0_50M/U0/ACTIVE_LOW_PR_OUT_DFF[0].FDRE_PER_N/Q
                         net (fo=10, routed)          2.972     4.013    design_1_i/adc_sampler_0/inst/rst_n
    SLICE_X14Y39         LUT1 (Prop_lut1_I0_O)        0.049     4.062 f  design_1_i/adc_sampler_0/inst/clk_1K_i_2/O
                         net (fo=117, routed)         1.559     5.621    design_1_i/adc_sampler_0/inst/clk_1K_i_2_n_0
    SLICE_X18Y51         FDCE                                         f  design_1_i/adc_sampler_0/inst/counter_reg[9]/CLR
  -------------------------------------------------------------------    -------------------

                         (clock clk_fpga_1 rise edge)
                                                      0.000     0.000 r  
    PS7_X0Y0             PS7                          0.000     0.000 r  design_1_i/processing_system7_0/inst/PS7_i/FCLKCLK[1]
                         net (fo=1, routed)           0.341     0.341    design_1_i/processing_system7_0/inst/FCLK_CLK_unbuffered[1]
    BUFGCTRL_X0Y1        BUFG (Prop_bufg_I_O)         0.029     0.370 r  design_1_i/processing_system7_0/inst/buffer_fclk_clk_1.FCLK_CLK_1_BUFG/O
                         net (fo=118, routed)         0.831     1.201    design_1_i/adc_sampler_0/inst/clk
    SLICE_X18Y51         FDCE                                         r  design_1_i/adc_sampler_0/inst/counter_reg[9]/C
                         clock pessimism              0.000     1.201    
                         clock uncertainty            3.015     4.216    
    SLICE_X18Y51         FDCE (Remov_fdce_C_CLR)     -0.159     4.057    design_1_i/adc_sampler_0/inst/counter_reg[9]
  -------------------------------------------------------------------
                         required time                         -4.057    
                         arrival time                           5.621    
  -------------------------------------------------------------------
                         slack                                  1.564    

Slack (MET) :             1.564ns  (arrival time - required time)
  Source:                 design_1_i/rst_ps7_0_50M/U0/ACTIVE_LOW_PR_OUT_DFF[0].FDRE_PER_N/C
                            (rising edge-triggered cell FDRE clocked by clk_fpga_0  {rise@0.000ns fall@10.000ns period=20.000ns})
  Destination:            design_1_i/adc_sampler_0/inst/total_value_adc1_reg[10]/CLR
                            (removal check against rising-edge clock clk_fpga_1  {rise@0.000ns fall@100.000ns period=200.000ns})
  Path Group:             **async_default**
  Path Type:              Removal (Min at Fast Process Corner)
  Requirement:            0.000ns  (clk_fpga_1 rise@0.000ns - clk_fpga_0 rise@0.000ns)
  Data Path Delay:        4.719ns  (logic 0.190ns (4.027%)  route 4.529ns (95.973%))
  Logic Levels:           1  (LUT1=1)
  Clock Path Skew:        0.298ns (DCD - SCD - CPR)
    Destination Clock Delay (DCD):    1.198ns
    Source Clock Delay      (SCD):    0.900ns
    Clock Pessimism Removal (CPR):    -0.000ns
  Clock Uncertainty:      3.015ns  ((TSJ^2 + TIJ^2)^1/2 + DJ) / 2 + PE
    Total System Jitter     (TSJ):    0.071ns
    Total Input Jitter      (TIJ):    6.030ns
    Discrete Jitter          (DJ):    0.000ns
    Phase Error              (PE):    0.000ns
  Clock Domain Crossing:  Inter clock paths are considered valid unless explicitly excluded by timing constraints such as set_clock_groups or set_false_path.

    Location             Delay type                Incr(ns)  Path(ns)    Netlist Resource(s)
  -------------------------------------------------------------------    -------------------
                         (clock clk_fpga_0 rise edge)
                                                      0.000     0.000 r  
    PS7_X0Y0             PS7                          0.000     0.000 r  design_1_i/processing_system7_0/inst/PS7_i/FCLKCLK[0]
                         net (fo=1, routed)           0.315     0.315    design_1_i/processing_system7_0/inst/FCLK_CLK_unbuffered[0]
    BUFGCTRL_X0Y0        BUFG (Prop_bufg_I_O)         0.026     0.341 r  design_1_i/processing_system7_0/inst/buffer_fclk_clk_0.FCLK_CLK_0_BUFG/O
                         net (fo=1161, routed)        0.559     0.900    design_1_i/rst_ps7_0_50M/U0/slowest_sync_clk
    SLICE_X19Y34         FDRE                                         r  design_1_i/rst_ps7_0_50M/U0/ACTIVE_LOW_PR_OUT_DFF[0].FDRE_PER_N/C
  -------------------------------------------------------------------    -------------------
    SLICE_X19Y34         FDRE (Prop_fdre_C_Q)         0.141     1.041 r  design_1_i/rst_ps7_0_50M/U0/ACTIVE_LOW_PR_OUT_DFF[0].FDRE_PER_N/Q
                         net (fo=10, routed)          2.972     4.013    design_1_i/adc_sampler_0/inst/rst_n
    SLICE_X14Y39         LUT1 (Prop_lut1_I0_O)        0.049     4.062 f  design_1_i/adc_sampler_0/inst/clk_1K_i_2/O
                         net (fo=117, routed)         1.557     5.618    design_1_i/adc_sampler_0/inst/clk_1K_i_2_n_0
    SLICE_X22Y43         FDCE                                         f  design_1_i/adc_sampler_0/inst/total_value_adc1_reg[10]/CLR
  -------------------------------------------------------------------    -------------------

                         (clock clk_fpga_1 rise edge)
                                                      0.000     0.000 r  
    PS7_X0Y0             PS7                          0.000     0.000 r  design_1_i/processing_system7_0/inst/PS7_i/FCLKCLK[1]
                         net (fo=1, routed)           0.341     0.341    design_1_i/processing_system7_0/inst/FCLK_CLK_unbuffered[1]
    BUFGCTRL_X0Y1        BUFG (Prop_bufg_I_O)         0.029     0.370 r  design_1_i/processing_system7_0/inst/buffer_fclk_clk_1.FCLK_CLK_1_BUFG/O
                         net (fo=118, routed)         0.828     1.198    design_1_i/adc_sampler_0/inst/clk
    SLICE_X22Y43         FDCE                                         r  design_1_i/adc_sampler_0/inst/total_value_adc1_reg[10]/C
                         clock pessimism              0.000     1.198    
                         clock uncertainty            3.015     4.213    
    SLICE_X22Y43         FDCE (Remov_fdce_C_CLR)     -0.159     4.054    design_1_i/adc_sampler_0/inst/total_value_adc1_reg[10]
  -------------------------------------------------------------------
                         required time                         -4.054    
                         arrival time                           5.618    
  -------------------------------------------------------------------
                         slack                                  1.564    

Slack (MET) :             1.564ns  (arrival time - required time)
  Source:                 design_1_i/rst_ps7_0_50M/U0/ACTIVE_LOW_PR_OUT_DFF[0].FDRE_PER_N/C
                            (rising edge-triggered cell FDRE clocked by clk_fpga_0  {rise@0.000ns fall@10.000ns period=20.000ns})
  Destination:            design_1_i/adc_sampler_0/inst/total_value_adc1_reg[11]/CLR
                            (removal check against rising-edge clock clk_fpga_1  {rise@0.000ns fall@100.000ns period=200.000ns})
  Path Group:             **async_default**
  Path Type:              Removal (Min at Fast Process Corner)
  Requirement:            0.000ns  (clk_fpga_1 rise@0.000ns - clk_fpga_0 rise@0.000ns)
  Data Path Delay:        4.719ns  (logic 0.190ns (4.027%)  route 4.529ns (95.973%))
  Logic Levels:           1  (LUT1=1)
  Clock Path Skew:        0.298ns (DCD - SCD - CPR)
    Destination Clock Delay (DCD):    1.198ns
    Source Clock Delay      (SCD):    0.900ns
    Clock Pessimism Removal (CPR):    -0.000ns
  Clock Uncertainty:      3.015ns  ((TSJ^2 + TIJ^2)^1/2 + DJ) / 2 + PE
    Total System Jitter     (TSJ):    0.071ns
    Total Input Jitter      (TIJ):    6.030ns
    Discrete Jitter          (DJ):    0.000ns
    Phase Error              (PE):    0.000ns
  Clock Domain Crossing:  Inter clock paths are considered valid unless explicitly excluded by timing constraints such as set_clock_groups or set_false_path.

    Location             Delay type                Incr(ns)  Path(ns)    Netlist Resource(s)
  -------------------------------------------------------------------    -------------------
                         (clock clk_fpga_0 rise edge)
                                                      0.000     0.000 r  
    PS7_X0Y0             PS7                          0.000     0.000 r  design_1_i/processing_system7_0/inst/PS7_i/FCLKCLK[0]
                         net (fo=1, routed)           0.315     0.315    design_1_i/processing_system7_0/inst/FCLK_CLK_unbuffered[0]
    BUFGCTRL_X0Y0        BUFG (Prop_bufg_I_O)         0.026     0.341 r  design_1_i/processing_system7_0/inst/buffer_fclk_clk_0.FCLK_CLK_0_BUFG/O
                         net (fo=1161, routed)        0.559     0.900    design_1_i/rst_ps7_0_50M/U0/slowest_sync_clk
    SLICE_X19Y34         FDRE                                         r  design_1_i/rst_ps7_0_50M/U0/ACTIVE_LOW_PR_OUT_DFF[0].FDRE_PER_N/C
  -------------------------------------------------------------------    -------------------
    SLICE_X19Y34         FDRE (Prop_fdre_C_Q)         0.141     1.041 r  design_1_i/rst_ps7_0_50M/U0/ACTIVE_LOW_PR_OUT_DFF[0].FDRE_PER_N/Q
                         net (fo=10, routed)          2.972     4.013    design_1_i/adc_sampler_0/inst/rst_n
    SLICE_X14Y39         LUT1 (Prop_lut1_I0_O)        0.049     4.062 f  design_1_i/adc_sampler_0/inst/clk_1K_i_2/O
                         net (fo=117, routed)         1.557     5.618    design_1_i/adc_sampler_0/inst/clk_1K_i_2_n_0
    SLICE_X22Y43         FDCE                                         f  design_1_i/adc_sampler_0/inst/total_value_adc1_reg[11]/CLR
  -------------------------------------------------------------------    -------------------

                         (clock clk_fpga_1 rise edge)
                                                      0.000     0.000 r  
    PS7_X0Y0             PS7                          0.000     0.000 r  design_1_i/processing_system7_0/inst/PS7_i/FCLKCLK[1]
                         net (fo=1, routed)           0.341     0.341    design_1_i/processing_system7_0/inst/FCLK_CLK_unbuffered[1]
    BUFGCTRL_X0Y1        BUFG (Prop_bufg_I_O)         0.029     0.370 r  design_1_i/processing_system7_0/inst/buffer_fclk_clk_1.FCLK_CLK_1_BUFG/O
                         net (fo=118, routed)         0.828     1.198    design_1_i/adc_sampler_0/inst/clk
    SLICE_X22Y43         FDCE                                         r  design_1_i/adc_sampler_0/inst/total_value_adc1_reg[11]/C
                         clock pessimism              0.000     1.198    
                         clock uncertainty            3.015     4.213    
    SLICE_X22Y43         FDCE (Remov_fdce_C_CLR)     -0.159     4.054    design_1_i/adc_sampler_0/inst/total_value_adc1_reg[11]
  -------------------------------------------------------------------
                         required time                         -4.054    
                         arrival time                           5.618    
  -------------------------------------------------------------------
                         slack                                  1.564    

Slack (MET) :             1.564ns  (arrival time - required time)
  Source:                 design_1_i/rst_ps7_0_50M/U0/ACTIVE_LOW_PR_OUT_DFF[0].FDRE_PER_N/C
                            (rising edge-triggered cell FDRE clocked by clk_fpga_0  {rise@0.000ns fall@10.000ns period=20.000ns})
  Destination:            design_1_i/adc_sampler_0/inst/total_value_adc1_reg[8]/CLR
                            (removal check against rising-edge clock clk_fpga_1  {rise@0.000ns fall@100.000ns period=200.000ns})
  Path Group:             **async_default**
  Path Type:              Removal (Min at Fast Process Corner)
  Requirement:            0.000ns  (clk_fpga_1 rise@0.000ns - clk_fpga_0 rise@0.000ns)
  Data Path Delay:        4.719ns  (logic 0.190ns (4.027%)  route 4.529ns (95.973%))
  Logic Levels:           1  (LUT1=1)
  Clock Path Skew:        0.298ns (DCD - SCD - CPR)
    Destination Clock Delay (DCD):    1.198ns
    Source Clock Delay      (SCD):    0.900ns
    Clock Pessimism Removal (CPR):    -0.000ns
  Clock Uncertainty:      3.015ns  ((TSJ^2 + TIJ^2)^1/2 + DJ) / 2 + PE
    Total System Jitter     (TSJ):    0.071ns
    Total Input Jitter      (TIJ):    6.030ns
    Discrete Jitter          (DJ):    0.000ns
    Phase Error              (PE):    0.000ns
  Clock Domain Crossing:  Inter clock paths are considered valid unless explicitly excluded by timing constraints such as set_clock_groups or set_false_path.

    Location             Delay type                Incr(ns)  Path(ns)    Netlist Resource(s)
  -------------------------------------------------------------------    -------------------
                         (clock clk_fpga_0 rise edge)
                                                      0.000     0.000 r  
    PS7_X0Y0             PS7                          0.000     0.000 r  design_1_i/processing_system7_0/inst/PS7_i/FCLKCLK[0]
                         net (fo=1, routed)           0.315     0.315    design_1_i/processing_system7_0/inst/FCLK_CLK_unbuffered[0]
    BUFGCTRL_X0Y0        BUFG (Prop_bufg_I_O)         0.026     0.341 r  design_1_i/processing_system7_0/inst/buffer_fclk_clk_0.FCLK_CLK_0_BUFG/O
                         net (fo=1161, routed)        0.559     0.900    design_1_i/rst_ps7_0_50M/U0/slowest_sync_clk
    SLICE_X19Y34         FDRE                                         r  design_1_i/rst_ps7_0_50M/U0/ACTIVE_LOW_PR_OUT_DFF[0].FDRE_PER_N/C
  -------------------------------------------------------------------    -------------------
    SLICE_X19Y34         FDRE (Prop_fdre_C_Q)         0.141     1.041 r  design_1_i/rst_ps7_0_50M/U0/ACTIVE_LOW_PR_OUT_DFF[0].FDRE_PER_N/Q
                         net (fo=10, routed)          2.972     4.013    design_1_i/adc_sampler_0/inst/rst_n
    SLICE_X14Y39         LUT1 (Prop_lut1_I0_O)        0.049     4.062 f  design_1_i/adc_sampler_0/inst/clk_1K_i_2/O
                         net (fo=117, routed)         1.557     5.618    design_1_i/adc_sampler_0/inst/clk_1K_i_2_n_0
    SLICE_X22Y43         FDCE                                         f  design_1_i/adc_sampler_0/inst/total_value_adc1_reg[8]/CLR
  -------------------------------------------------------------------    -------------------

                         (clock clk_fpga_1 rise edge)
                                                      0.000     0.000 r  
    PS7_X0Y0             PS7                          0.000     0.000 r  design_1_i/processing_system7_0/inst/PS7_i/FCLKCLK[1]
                         net (fo=1, routed)           0.341     0.341    design_1_i/processing_system7_0/inst/FCLK_CLK_unbuffered[1]
    BUFGCTRL_X0Y1        BUFG (Prop_bufg_I_O)         0.029     0.370 r  design_1_i/processing_system7_0/inst/buffer_fclk_clk_1.FCLK_CLK_1_BUFG/O
                         net (fo=118, routed)         0.828     1.198    design_1_i/adc_sampler_0/inst/clk
    SLICE_X22Y43         FDCE                                         r  design_1_i/adc_sampler_0/inst/total_value_adc1_reg[8]/C
                         clock pessimism              0.000     1.198    
                         clock uncertainty            3.015     4.213    
    SLICE_X22Y43         FDCE (Remov_fdce_C_CLR)     -0.159     4.054    design_1_i/adc_sampler_0/inst/total_value_adc1_reg[8]
  -------------------------------------------------------------------
                         required time                         -4.054    
                         arrival time                           5.618    
  -------------------------------------------------------------------
                         slack                                  1.564    





